"Date","Price","Open","High","Low","Change %"
"07/08/2026","4.501","4.501","4.514","4.494","0.81%"
"07/07/2026","4.465","4.450","4.468","4.394","0.38%"
"07/06/2026","4.448","4.489","4.489","4.440","-0.29%"
"07/03/2026","4.461","4.479","4.482","4.460","-0.65%"
"07/02/2026","4.490","4.483","4.495","4.478","0.42%"
"07/01/2026","4.471","4.459","4.473","4.455","0.81%"
"06/30/2026","4.435","4.443","4.443","4.434","-0.29%"
"06/29/2026","4.448","4.446","4.448","4.434","0.57%"
"06/26/2026","4.423","4.440","4.448","4.421","-0.14%"
"06/25/2026","4.429","4.426","4.444","4.424","-0.81%"
"06/24/2026","4.465","4.471","4.480","4.454","-0.18%"
"06/23/2026","4.473","4.490","4.491","4.473","-0.51%"
"06/22/2026","4.496","4.489","4.499","4.487","-0.16%"
"06/19/2026","4.503","4.487","4.506","4.481","0.40%"
"06/18/2026","4.485","4.461","4.506","4.460","0.79%"
"06/17/2026","4.450","4.460","4.470","4.450","-0.78%"
"06/16/2026","4.485","4.507","4.520","4.463","0.04%"
"06/15/2026","4.483","4.468","4.483","4.441","0.02%"
"06/12/2026","4.482","4.517","4.520","4.465","-1.10%"
"06/11/2026","4.532","4.531","4.556","4.526","-0.24%"
"06/10/2026","4.543","4.569","4.569","4.535","-1.20%"
"06/09/2026","4.598","4.661","4.666","4.590","-1.69%"
"06/08/2026","4.677","4.651","4.680","4.607","0.58%"
"06/06/2026","4.650","4.632","4.650","4.650","0.96%"
"06/05/2026","4.606","4.603","4.617","4.597","0.09%"
"06/04/2026","4.602","4.622","4.622","4.589","-0.13%"
"06/03/2026","4.608","4.605","4.617","4.593","0.72%"
"06/02/2026","4.575","4.572","4.610","4.570","0.07%"
"06/01/2026","4.572","4.527","4.572","4.527","0.44%"
"05/30/2026","4.552","4.536","4.552","4.550","0.37%"
"05/29/2026","4.535","4.543","4.554","4.510","-0.92%"
"05/28/2026","4.577","4.554","4.585","4.550","0.81%"
"05/27/2026","4.540","4.610","4.610","4.519","-1.13%"
"05/26/2026","4.592","4.562","4.599","4.562","0.53%"
"05/25/2026","4.568","4.600","4.600","4.548","-0.54%"
"05/22/2026","4.593","4.606","4.610","4.573","-0.71%"
"05/21/2026","4.626","4.680","4.688","4.564","-1.99%"
"05/20/2026","4.720","4.726","4.734","4.713","0.45%"
"05/19/2026","4.699","4.733","4.743","4.694","-1.18%"
"05/18/2026","4.755","4.772","4.793","4.755","0.08%"
"05/15/2026","4.751","4.709","4.753","4.707","0.93%"
"05/14/2026","4.707","4.736","4.736","4.701","-1.05%"
"05/13/2026","4.757","4.763","4.777","4.755","0.36%"
"05/12/2026","4.740","4.737","4.740","4.726","0.47%"
"05/11/2026","4.718","4.677","4.720","4.677","0.51%"
"05/08/2026","4.694","4.690","4.701","4.675","1.01%"
"05/07/2026","4.647","4.610","4.649","4.574","-0.62%"
"05/06/2026","4.676","4.667","4.698","4.627","0.13%"
"05/05/2026","4.670","4.716","4.732","4.638","-0.51%"
"05/04/2026","4.694","4.708","4.713","4.679","-0.84%"
"05/01/2026","4.734","4.701","4.752","4.701","-1.25%"
"04/30/2026","4.794","4.786","4.802","4.764","2.07%"
"04/29/2026","4.697","4.786","4.808","4.691","-0.97%"
"04/28/2026","4.743","4.702","4.743","4.700","0.96%"
"04/27/2026","4.698","4.701","4.731","4.642","-0.02%"
"04/24/2026","4.699","4.701","4.731","4.699","-0.04%"
"04/23/2026","4.701","4.654","4.717","4.653","1.51%"
"04/22/2026","4.631","4.632","4.636","4.617","1.05%"
"04/21/2026","4.583","4.601","4.611","4.550","-0.48%"
"04/20/2026","4.605","4.600","4.678","4.591","-1.39%"
"04/17/2026","4.670","4.689","4.698","4.670","0.34%"
"04/16/2026","4.654","4.659","4.665","4.636","0.67%"
"04/15/2026","4.623","4.613","4.665","4.573","-0.60%"
"04/14/2026","4.651","4.667","4.733","4.633","-1.34%"
"04/13/2026","4.714","4.693","4.766","4.693","0.70%"
"04/10/2026","4.681","4.613","4.688","4.612","0.88%"
"04/09/2026","4.640","4.636","4.656","4.618","1.07%"
"04/08/2026","4.591","4.627","4.635","4.572","-2.03%"
"04/07/2026","4.686","4.746","4.746","4.667","-1.16%"
"04/06/2026","4.741","4.741","4.741","4.741","-0.08%"
"04/02/2026","4.745","4.643","4.750","4.625","3.06%"
"04/01/2026","4.604","4.620","4.631","4.590","-1.20%"
"03/31/2026","4.660","4.684","4.710","4.646","-1.15%"
"03/30/2026","4.714","4.810","4.876","4.714","-2.18%"
"03/27/2026","4.819","4.810","4.833","4.761","2.01%"
"03/26/2026","4.724","4.633","4.735","4.618","2.01%"
"03/25/2026","4.631","4.731","4.731","4.601","-1.89%"
"03/24/2026","4.720","4.691","4.761","4.683","-1.97%"
"03/23/2026","4.815","4.845","4.915","4.781","1.11%"
"03/20/2026","4.762","4.688","4.765","4.664","3.01%"
"03/19/2026","4.623","4.592","4.643","4.480","2.48%"
"03/18/2026","4.511","4.520","4.520","4.483","-0.35%"
"03/17/2026","4.527","4.540","4.558","4.484","-0.57%"
"03/16/2026","4.553","4.557","4.563","4.514","0.71%"
"03/13/2026","4.521","4.530","4.539","4.494","0.31%"
"03/12/2026","4.507","4.502","4.536","4.494","1.88%"
"03/11/2026","4.424","4.420","4.452","4.416","0.14%"
"03/10/2026","4.418","4.396","4.434","4.350","-1.32%"
"03/09/2026","4.477","4.395","4.523","4.395","2.47%"
"03/06/2026","4.369","4.349","4.378","4.326","1.27%"
"03/05/2026","4.314","4.303","4.315","4.294","1.15%"
"03/04/2026","4.265","4.311","4.343","4.242","-0.79%"
"03/03/2026","4.299","4.238","4.303","4.235","3.29%"
"03/02/2026","4.162","4.195","4.198","4.159","-0.76%"
"02/27/2026","4.194","4.195","4.198","4.188","-0.52%"
"02/26/2026","4.216","4.213","4.222","4.207","-0.35%"
"02/25/2026","4.231","4.197","4.253","4.196","0.86%"
"02/24/2026","4.195","4.194","4.211","4.189","-0.17%"
"02/23/2026","4.202","4.227","4.235","4.188","-0.45%"
"02/20/2026","4.221","4.252","4.254","4.221","-1.10%"
"02/19/2026","4.268","4.216","4.276","4.210","1.64%"
"02/18/2026","4.199","4.192","4.201","4.186","0.57%"
"02/17/2026","4.175","4.211","4.222","4.173","-0.97%"
"02/16/2026","4.216","4.207","4.224","4.205","-0.31%"
"02/13/2026","4.229","4.228","4.235","4.214","-0.84%"
"02/12/2026","4.265","4.270","4.270","4.248","0.83%"
"02/11/2026","4.230","4.244","4.246","4.229","-0.73%"
"02/10/2026","4.261","4.270","4.271","4.248","-0.49%"
"02/09/2026","4.282","4.259","4.300","4.251","0.82%"
"02/06/2026","4.247","4.256","4.257","4.230","-0.91%"
"02/05/2026","4.286","4.288","4.288","4.271","-0.21%"
"02/04/2026","4.295","4.287","4.301","4.275","0.66%"
"02/03/2026","4.267","4.216","4.333","4.199","1.86%"
"02/02/2026","4.189","4.175","4.199","4.173","-0.26%"
"01/30/2026","4.200","4.179","4.206","4.178","-0.07%"
"01/29/2026","4.203","4.159","4.212","4.133","0.17%"
"01/28/2026","4.196","4.241","4.253","4.192","-0.31%"
"01/27/2026","4.209","4.170","4.217","4.170","0.94%"
"01/26/2026","4.170","4.175","4.198","4.170","0.05%"
"01/23/2026","4.168","4.176","4.183","4.163","0.34%"
"01/22/2026","4.154","4.057","4.173","4.046","2.24%"
"01/21/2026","4.063","4.081","4.091","4.062","-0.37%"
"01/20/2026","4.078","4.059","4.083","4.059","0.87%"
"01/19/2026","4.043","4.040","4.043","4.025","0.57%"
"01/16/2026","4.020","4.038","4.039","4.010","0.40%"
"01/15/2026","4.004","3.998","4.005","3.979","-0.55%"
"01/14/2026","4.026","4.021","4.039","4.013","0.07%"
"01/13/2026","4.023","4.022","4.024","4.001","0.27%"
"01/12/2026","4.012","4.000","4.016","3.983","0.55%"
"01/09/2026","3.990","3.981","3.990","3.962","0.55%"
"01/08/2026","3.968","4.013","4.024","3.965","-2.58%"
"01/07/2026","4.073","4.073","4.086","4.043","0.27%"
"01/06/2026","4.062","4.051","4.062","4.036","0.00%"
"01/05/2026","4.062","4.101","4.102","4.061","-0.93%"
"01/02/2026","4.100","4.064","4.101","4.064","0.94%"
"01/01/2026","4.062","4.062","4.062","4.062","-0.05%"
"12/31/2025","4.064","4.055","4.076","4.053","0.35%"
"12/30/2025","4.050","4.039","4.052","4.031","-0.22%"
"12/29/2025","4.059","4.034","4.060","4.025","0.72%"
"12/26/2025","4.030","4.030","4.030","4.030","0.00%"
"12/25/2025","4.030","4.030","4.030","4.030","-0.20%"
"12/24/2025","4.038","4.047","4.053","4.036","-0.05%"
"12/23/2025","4.040","4.076","4.087","4.026","-0.98%"
"12/22/2025","4.080","4.048","4.080","4.040","1.07%"
"12/19/2025","4.037","4.016","4.044","4.002","0.65%"
"12/18/2025","4.011","4.046","4.047","3.996","-0.82%"
"12/17/2025","4.044","4.026","4.046","4.016","0.22%"
"12/16/2025","4.035","3.997","4.043","3.972","0.70%"
"12/15/2025","4.007","4.035","4.035","3.997","-0.62%"
"12/12/2025","4.032","4.032","4.048","4.024","-0.17%"
"12/11/2025","4.039","4.090","4.108","4.007","-1.92%"
"12/10/2025","4.118","4.107","4.133","4.101","1.08%"
"12/09/2025","4.074","4.006","4.082","3.981","2.44%"
"12/08/2025","3.977","3.978","4.009","3.970","0.53%"
"12/05/2025","3.956","3.975","3.987","3.948","-0.75%"
"12/04/2025","3.986","3.901","3.987","3.885","1.66%"
"12/03/2025","3.921","3.866","3.928","3.831","1.55%"
"12/02/2025","3.861","3.857","3.869","3.838","0.70%"
"12/01/2025","3.834","3.819","3.839","3.815","0.34%"
"11/28/2025","3.821","3.780","3.831","3.778","0.79%"
"11/27/2025","3.791","3.785","3.793","3.767","-0.58%"
"11/26/2025","3.813","3.676","3.816","3.676","3.61%"
"11/25/2025","3.680","3.685","3.693","3.675","-0.24%"
"11/24/2025","3.689","3.682","3.698","3.673","-0.24%"
"11/21/2025","3.698","3.692","3.712","3.658","-0.22%"
"11/20/2025","3.706","3.685","3.711","3.668","1.40%"
"11/19/2025","3.655","3.673","3.673","3.653","-0.38%"
"11/18/2025","3.669","3.709","3.720","3.662","-1.19%"
"11/17/2025","3.713","3.720","3.729","3.712","0.65%"
"11/14/2025","3.689","3.729","3.747","3.684","-1.26%"
"11/13/2025","3.736","3.654","3.773","3.634","2.61%"
"11/12/2025","3.641","3.627","3.642","3.621","-0.22%"
"11/11/2025","3.649","3.628","3.668","3.625","0.30%"
"11/10/2025","3.638","3.582","3.643","3.581","1.45%"
"11/07/2025","3.586","3.559","3.587","3.556","-0.66%"
"11/06/2025","3.610","3.609","3.618","3.600","0.87%"
"11/05/2025","3.579","3.588","3.593","3.563","-1.19%"
"11/04/2025","3.622","3.601","3.640","3.573","0.56%"
"11/03/2025","3.602","3.565","3.621","3.563","0.78%"
"10/31/2025","3.574","3.578","3.600","3.573","-0.22%"
"10/30/2025","3.582","3.614","3.626","3.572","0.87%"
"10/29/2025","3.551","3.438","3.552","3.427","3.50%"
"10/28/2025","3.431","3.421","3.442","3.390","1.18%"
"10/27/2025","3.391","3.361","3.396","3.361","1.34%"
"10/24/2025","3.346","3.387","3.388","3.344","0.03%"
"10/23/2025","3.345","3.343","3.346","3.330","0.54%"
"10/22/2025","3.327","3.325","3.344","3.321","0.06%"
"10/21/2025","3.325","3.334","3.336","3.317","-0.51%"
"10/20/2025","3.342","3.352","3.358","3.318","1.77%"
"10/17/2025","3.284","3.329","3.349","3.270","-2.35%"
"10/16/2025","3.363","3.459","3.468","3.347","-2.32%"
"10/15/2025","3.443","3.434","3.451","3.428","0.09%"
"10/14/2025","3.440","3.473","3.485","3.438","-1.21%"
"10/13/2025","3.482","3.461","3.488","3.444","-1.78%"
"10/10/2025","3.545","3.530","3.555","3.528","0.71%"
"10/09/2025","3.520","3.514","3.521","3.497","0.03%"
"10/08/2025","3.519","3.515","3.521","3.510","-0.31%"
"10/07/2025","3.530","3.524","3.543","3.521","0.17%"
"10/06/2025","3.524","3.522","3.527","3.501","0.48%"
"10/03/2025","3.507","3.493","3.510","3.490","0.14%"
"10/02/2025","3.502","3.515","3.516","3.487","-0.88%"
"10/01/2025","3.533","3.530","3.554","3.521","0.60%"
"09/30/2025","3.512","3.493","3.543","3.482","0.46%"
"09/29/2025","3.496","3.521","3.526","3.496","-1.08%"
"09/26/2025","3.534","3.535","3.541","3.526","1.03%"
"09/25/2025","3.498","3.487","3.503","3.479","1.04%"
"09/24/2025","3.462","3.383","3.483","3.383","1.82%"
"09/23/2025","3.400","3.410","3.416","3.397","-0.12%"
"09/22/2025","3.404","3.374","3.412","3.372","0.80%"
"09/19/2025","3.377","3.365","3.377","3.360","1.35%"
"09/18/2025","3.332","3.392","3.395","3.329","-1.30%"
"09/17/2025","3.376","3.366","3.383","3.366","-0.06%"
"09/16/2025","3.378","3.381","3.384","3.366","-0.97%"
"09/15/2025","3.411","3.403","3.430","3.402","0.21%"
"09/12/2025","3.404","3.360","3.408","3.358","0.86%"
"09/11/2025","3.375","3.376","3.376","3.361","-0.30%"
"09/10/2025","3.385","3.401","3.407","3.380","0.33%"
"09/09/2025","3.374","3.355","3.377","3.351","-0.06%"
"09/08/2025","3.376","3.370","3.396","3.368","-0.97%"
"09/05/2025","3.409","3.402","3.416","3.399","0.09%"
"09/04/2025","3.406","3.411","3.426","3.403","-1.22%"
"09/03/2025","3.448","3.371","3.468","3.363","2.07%"
"09/02/2025","3.378","3.347","3.381","3.347","0.81%"
"09/01/2025","3.351","3.327","3.361","3.326","0.09%"
"08/29/2025","3.348","3.331","3.351","3.331","0.36%"
"08/28/2025","3.336","3.342","3.352","3.333","-0.80%"
"08/27/2025","3.363","3.338","3.372","3.337","0.66%"
"08/26/2025","3.341","3.334","3.346","3.319","0.30%"
"08/25/2025","3.331","3.322","3.333","3.316","-0.74%"
"08/22/2025","3.356","3.351","3.370","3.347","0.72%"
"08/21/2025","3.332","3.312","3.333","3.310","-0.24%"
"08/20/2025","3.340","3.348","3.365","3.324","-0.71%"
"08/19/2025","3.364","3.333","3.365","3.330","1.20%"
"08/18/2025","3.324","3.320","3.335","3.318","0.54%"
"08/15/2025","3.306","3.309","3.333","3.301","0.03%"
"08/14/2025","3.305","3.286","3.312","3.283","-0.27%"
"08/13/2025","3.314","3.315","3.343","3.311","-0.69%"
"08/12/2025","3.337","3.362","3.384","3.333","-0.48%"
"08/11/2025","3.353","3.359","3.382","3.348","-0.18%"
"08/08/2025","3.359","3.360","3.362","3.343","0.48%"
"08/07/2025","3.343","3.337","3.349","3.329","-0.03%"
"08/06/2025","3.344","3.314","3.355","3.313","0.81%"
"08/05/2025","3.317","3.288","3.319","3.261","0.33%"
"08/04/2025","3.306","3.291","3.319","3.235","-2.59%"
"08/01/2025","3.394","3.371","3.400","3.355","1.04%"
"07/31/2025","3.359","3.344","3.362","3.344","0.96%"
"07/30/2025","3.327","3.368","3.374","3.306","-1.89%"
"07/29/2025","3.391","3.400","3.407","3.385","-0.59%"
"07/28/2025","3.411","3.403","3.423","3.400","0.12%"
"07/25/2025","3.407","3.403","3.414","3.400","0.26%"
"07/24/2025","3.398","3.342","3.405","3.341","1.77%"
"07/23/2025","3.339","3.302","3.341","3.301","0.39%"
"07/22/2025","3.326","3.312","3.334","3.307","-0.27%"
"07/21/2025","3.335","3.324","3.343","3.320","0.15%"
"07/18/2025","3.330","3.318","3.346","3.309","-0.54%"
"07/17/2025","3.348","3.404","3.423","3.335","-2.65%"
"07/16/2025","3.439","3.451","3.472","3.435","0.35%"
"07/15/2025","3.427","3.412","3.448","3.409","0.23%"
"07/14/2025","3.419","3.401","3.428","3.395","0.50%"
"07/11/2025","3.402","3.373","3.406","3.372","0.74%"
"07/10/2025","3.377","3.389","3.394","3.363","-1.26%"
"07/09/2025","3.420","3.368","3.436","3.365","1.88%"
"07/08/2025","3.357","3.260","3.391","3.253","3.17%"
"07/07/2025","3.254","3.249","3.284","3.226","-0.25%"
"07/04/2025","3.262","3.270","3.309","3.257","0.59%"
"07/03/2025","3.243","3.229","3.263","3.225","0.53%"
"07/02/2025","3.226","3.208","3.229","3.206","1.00%"
"07/01/2025","3.194","3.208","3.220","3.186","-0.99%"
"06/30/2025","3.226","3.217","3.237","3.208","-0.71%"
"06/28/2025","3.249","3.222","3.254","3.249","1.25%"
"06/27/2025","3.209","3.185","3.214","3.179","0.44%"
"06/26/2025","3.195","3.208","3.212","3.180","-0.16%"
"06/25/2025","3.200","3.228","3.232","3.196","-0.90%"
"06/24/2025","3.229","3.256","3.271","3.229","-1.55%"
"06/23/2025","3.280","3.270","3.299","3.256","-0.30%"
"06/20/2025","3.290","3.304","3.307","3.283","-0.51%"
"06/19/2025","3.307","3.314","3.340","3.300","-0.42%"
"06/18/2025","3.321","3.311","3.327","3.295","-0.03%"
"06/17/2025","3.322","3.314","3.330","3.288","-0.06%"
"06/16/2025","3.324","3.323","3.330","3.292","1.99%"
"06/13/2025","3.259","3.270","3.284","3.228","-1.81%"
"06/12/2025","3.319","3.329","3.339","3.299","-1.48%"
"06/11/2025","3.369","3.334","3.369","3.334","1.05%"
"06/10/2025","3.334","3.362","3.365","3.322","-1.33%"
"06/09/2025","3.379","3.371","3.382","3.353","1.35%"
"06/06/2025","3.334","3.325","3.337","3.312","0.94%"
"06/05/2025","3.303","3.247","3.303","3.244","0.30%"
"06/04/2025","3.293","3.283","3.301","3.227","0.34%"
"06/03/2025","3.282","3.311","3.323","3.271","-0.15%"
"06/02/2025","3.287","3.271","3.307","3.253","-1.05%"
"05/30/2025","3.322","3.332","3.336","3.291","-2.18%"
"05/29/2025","3.396","3.355","3.418","3.355","0.68%"
"05/28/2025","3.373","3.346","3.382","3.321","0.81%"
"05/27/2025","3.346","3.359","3.361","3.327","-1.27%"
"05/26/2025","3.389","3.376","3.423","3.357","-1.17%"
"05/23/2025","3.429","3.410","3.449","3.387","0.15%"
"05/22/2025","3.424","3.460","3.484","3.419","-0.15%"
"05/21/2025","3.429","3.384","3.444","3.359","-0.92%"
"05/20/2025","3.461","3.573","3.598","3.418","-3.91%"
"05/19/2025","3.602","3.617","3.623","3.574","-1.13%"
"05/17/2025","3.643","3.640","3.643","3.622","2.22%"
"05/16/2025","3.564","3.543","3.594","3.540","-1.36%"
"05/15/2025","3.613","3.606","3.654","3.602","1.03%"
"05/14/2025","3.576","3.551","3.601","3.551","1.05%"
"05/13/2025","3.539","3.560","3.574","3.522","3.21%"
"05/12/2025","3.429","3.382","3.445","3.382","1.39%"
"05/09/2025","3.382","3.384","3.398","3.373","1.71%"
"05/08/2025","3.325","3.280","3.335","3.272","0.18%"
"05/07/2025","3.319","3.349","3.385","3.318","-1.98%"
"05/06/2025","3.386","3.383","3.392","3.364","0.86%"
"05/05/2025","3.357","3.349","3.368","3.307","1.70%"
"05/02/2025","3.301","3.308","3.330","3.248","0.61%"
"05/01/2025","3.281","3.256","3.294","3.253","0.34%"
"04/30/2025","3.270","3.263","3.282","3.226","0.06%"
"04/29/2025","3.268","3.252","3.279","3.239","0.62%"
"04/28/2025","3.248","3.301","3.302","3.247","-1.49%"
"04/24/2025","3.297","3.367","3.370","3.296","0.40%"
"04/23/2025","3.284","3.230","3.296","3.213","1.42%"
"04/22/2025","3.238","3.243","3.251","3.217","-2.26%"
"04/17/2025","3.313","3.281","3.324","3.260","-0.21%"
"04/16/2025","3.320","3.315","3.335","3.303","0.82%"
"04/15/2025","3.293","3.264","3.302","3.232","-0.39%"
"04/14/2025","3.306","3.383","3.403","3.287","1.97%"
"04/11/2025","3.242","3.291","3.303","3.219","-2.00%"
"04/10/2025","3.308","3.441","3.505","3.295","3.18%"
"04/09/2025","3.206","3.301","3.311","3.191","-4.13%"
"04/08/2025","3.344","3.428","3.443","3.337","0.48%"
"04/07/2025","3.328","3.237","3.343","3.178","-2.55%"
"04/04/2025","3.415","3.482","3.483","3.414","-4.23%"
"04/03/2025","3.566","3.685","3.685","3.548","-3.57%"
"04/02/2025","3.698","3.654","3.698","3.644","0.65%"
"04/01/2025","3.674","3.692","3.703","3.665","-0.24%"
"03/31/2025","3.683","3.691","3.704","3.632","-1.81%"
"03/28/2025","3.751","3.769","3.776","3.749","-1.26%"
"03/27/2025","3.799","3.767","3.809","3.766","0.77%"
"03/26/2025","3.770","3.770","3.792","3.752","0.67%"
"03/25/2025","3.745","3.778","3.780","3.744","0.16%"
"03/24/2025","3.739","3.740","3.751","3.726","-0.08%"
"03/21/2025","3.742","3.744","3.755","3.739","0.32%"
"03/20/2025","3.730","3.803","3.803","3.712","-1.56%"
"03/19/2025","3.789","3.780","3.789","3.770","0.69%"
"03/18/2025","3.763","3.770","3.785","3.761","0.03%"
"03/17/2025","3.762","3.792","3.800","3.753","-0.11%"
"03/14/2025","3.766","3.745","3.767","3.736","-0.34%"
"03/13/2025","3.779","3.811","3.811","3.772","-0.32%"
"03/12/2025","3.791","3.798","3.805","3.785","1.20%"
"03/11/2025","3.746","3.777","3.782","3.717","-1.13%"
"03/10/2025","3.789","3.806","3.820","3.759","0.00%"
"03/07/2025","3.789","3.797","3.810","3.780","-1.71%"
"03/06/2025","3.855","3.803","3.858","3.803","2.17%"
"03/05/2025","3.773","3.735","3.796","3.712","1.78%"
"03/04/2025","3.707","3.742","3.744","3.695","-1.46%"
"03/03/2025","3.762","3.732","3.777","3.730","0.51%"
"02/28/2025","3.743","3.777","3.781","3.739","-1.24%"
"02/27/2025","3.790","3.756","3.798","3.753","0.24%"
"02/26/2025","3.781","3.779","3.788","3.757","-0.97%"
"02/25/2025","3.818","3.829","3.834","3.807","-1.04%"
"02/24/2025","3.858","3.850","3.878","3.848","-1.76%"
"02/21/2025","3.927","3.928","3.934","3.918","-0.43%"
"02/20/2025","3.944","3.922","3.952","3.912","0.54%"
"02/19/2025","3.923","3.929","3.941","3.915","2.51%"
"02/18/2025","3.827","3.841","3.870","3.827","-0.83%"
"02/17/2025","3.859","3.814","3.860","3.813","0.81%"
"02/14/2025","3.828","3.798","3.831","3.789","-0.98%"
"02/13/2025","3.866","3.939","3.942","3.854","0.44%"
"02/12/2025","3.849","3.826","3.857","3.816","1.80%"
"02/11/2025","3.781","3.801","3.810","3.781","-0.37%"
"02/10/2025","3.795","3.795","3.807","3.772","0.13%"
"02/07/2025","3.790","3.782","3.799","3.777","0.82%"
"02/06/2025","3.759","3.753","3.764","3.738","-0.82%"
"02/05/2025","3.790","3.791","3.805","3.784","-0.26%"
"02/04/2025","3.800","3.783","3.811","3.783","0.72%"
"02/03/2025","3.773","3.834","3.835","3.756","-1.36%"
"01/31/2025","3.825","3.807","3.827","3.805","-0.10%"
"01/30/2025","3.829","3.819","3.832","3.808","0.87%"
"01/29/2025","3.796","3.866","3.880","3.795","-2.19%"
"01/28/2025","3.881","3.854","3.883","3.850","-0.87%"
"01/24/2025","3.915","3.941","3.946","3.909","-0.53%"
"01/23/2025","3.936","3.943","3.953","3.936","0.13%"
"01/22/2025","3.931","3.931","3.935","3.914","1.00%"
"01/21/2025","3.892","3.932","3.932","3.889","-1.17%"
"01/20/2025","3.938","3.960","3.973","3.934","-0.10%"
"01/17/2025","3.942","3.933","3.952","3.927","-0.23%"
"01/16/2025","3.951","3.925","3.958","3.921","-1.47%"
"01/15/2025","4.010","4.020","4.028","4.008","-0.32%"
"01/14/2025","4.023","4.033","4.052","4.009","-0.54%"
"01/13/2025","4.045","3.981","4.050","3.959","3.85%"
"01/10/2025","3.895","3.887","3.895","3.882","0.21%"
"01/09/2025","3.887","3.920","3.927","3.885","-0.46%"
"01/08/2025","3.905","3.955","3.964","3.890","-0.66%"
"01/07/2025","3.931","3.939","3.945","3.922","0.41%"
"01/06/2025","3.915","3.896","3.918","3.881","1.42%"
"01/03/2025","3.860","3.906","3.906","3.858","-0.72%"
"01/02/2025","3.888","3.887","3.900","3.879","0.15%"
"12/31/2024","3.882","3.901","3.902","3.882","-1.05%"
"12/30/2024","3.923","3.887","3.927","3.881","0.95%"
"12/27/2024","3.886","3.904","3.905","3.854","-0.87%"
"12/24/2024","3.920","3.940","3.946","3.919","-0.41%"
"12/23/2024","3.936","3.970","3.981","3.932","-1.77%"
"12/20/2024","4.007","3.995","4.021","3.983","0.91%"
"12/19/2024","3.971","3.945","3.971","3.939","2.29%"
"12/18/2024","3.882","3.904","3.909","3.872","-0.41%"
"12/17/2024","3.898","3.936","3.940","3.897","-0.81%"
"12/16/2024","3.930","3.910","3.939","3.910","0.20%"
"12/13/2024","3.922","3.900","3.927","3.874","0.23%"
"12/12/2024","3.913","3.801","3.914","3.772","2.97%"
"12/11/2024","3.800","3.785","3.804","3.765","-1.83%"
"12/10/2024","3.871","3.899","3.910","3.852","0.47%"
"12/09/2024","3.853","3.861","3.877","3.828","-0.72%"
"12/06/2024","3.881","3.895","3.905","3.874","0.39%"
"12/05/2024","3.866","3.843","3.867","3.805","-0.28%"
"12/04/2024","3.877","3.986","3.993","3.876","-1.95%"
"12/03/2024","3.954","3.937","3.961","3.937","-0.50%"
"12/02/2024","3.974","3.956","3.975","3.931","-0.15%"
"11/29/2024","3.980","3.963","3.991","3.962","0.43%"
"11/28/2024","3.963","3.972","3.989","3.963","-1.44%"
"11/27/2024","4.021","4.012","4.034","3.999","0.05%"
"11/26/2024","4.019","3.983","4.021","3.982","-0.84%"
"11/25/2024","4.053","4.083","4.083","4.024","-1.46%"
"11/22/2024","4.113","4.125","4.134","4.109","-0.10%"
"11/21/2024","4.117","4.117","4.127","4.111","0.51%"
"11/20/2024","4.096","4.064","4.106","4.064","0.00%"
"11/19/2024","4.096","4.103","4.107","4.082","-1.01%"
"11/18/2024","4.138","4.105","4.141","4.105","-0.79%"
"11/15/2024","4.171","4.172","4.195","4.171","-0.86%"
"11/14/2024","4.207","4.170","4.225","4.164","-0.31%"
"11/13/2024","4.220","4.163","4.220","4.155","2.85%"
"11/12/2024","4.103","4.112","4.120","4.099","-0.34%"
"11/11/2024","4.117","4.066","4.119","4.066","1.18%"
"11/08/2024","4.069","4.108","4.108","4.052","-1.43%"
"11/07/2024","4.128","4.118","4.134","4.110","-0.84%"
"11/06/2024","4.163","4.090","4.192","4.084","1.96%"
"11/05/2024","4.083","4.104","4.105","4.073","0.05%"
"11/04/2024","4.081","4.112","4.123","4.036","-0.39%"
"11/01/2024","4.097","4.086","4.104","4.079","0.94%"
"10/31/2024","4.059","4.052","4.072","4.052","1.53%"
"10/30/2024","3.998","3.984","4.005","3.976","0.43%"
"10/29/2024","3.981","3.994","4.000","3.973","-0.55%"
"10/28/2024","4.003","3.978","4.004","3.948","1.29%"
"10/25/2024","3.952","3.971","3.980","3.942","-0.70%"
"10/24/2024","3.980","3.993","4.013","3.976","-0.62%"
"10/23/2024","4.005","3.968","4.015","3.966","1.06%"
"10/22/2024","3.963","3.931","3.963","3.916","1.82%"
"10/21/2024","3.892","3.897","3.916","3.884","-0.33%"
"10/18/2024","3.905","3.901","3.918","3.899","1.27%"
"10/17/2024","3.856","3.796","3.880","3.789","1.21%"
"10/16/2024","3.810","3.814","3.818","3.805","-1.01%"
"10/15/2024","3.849","3.869","3.870","3.835","-0.49%"
"10/14/2024","3.868","3.840","3.879","3.838","0.76%"
"10/11/2024","3.839","3.838","3.841","3.827","-0.10%"
"10/10/2024","3.843","3.831","3.848","3.830","1.00%"
"10/09/2024","3.805","3.803","3.814","3.776","-0.16%"
"10/08/2024","3.811","3.861","3.867","3.796","-1.35%"
"10/07/2024","3.863","3.831","3.887","3.831","5.32%"
"10/04/2024","3.668","3.643","3.682","3.635","1.27%"
"10/03/2024","3.622","3.609","3.625","3.607","0.72%"
"10/02/2024","3.596","3.576","3.602","3.572","-0.55%"
"10/01/2024","3.616","3.618","3.624","3.594","1.01%"
"09/30/2024","3.580","3.546","3.582","3.518","-0.31%"
"09/27/2024","3.591","3.579","3.592","3.564","0.79%"
"09/26/2024","3.563","3.566","3.566","3.552","0.93%"
"09/25/2024","3.530","3.488","3.536","3.477","-1.64%"
"09/24/2024","3.589","3.616","3.616","3.567","-0.72%"
"09/23/2024","3.615","3.600","3.620","3.565","1.09%"
"09/20/2024","3.576","3.599","3.601","3.570","-0.72%"
"09/19/2024","3.602","3.560","3.635","3.558","2.24%"
"09/18/2024","3.523","3.545","3.545","3.520","0.95%"
"09/17/2024","3.490","3.470","3.510","3.468","0.11%"
"09/16/2024","3.486","3.491","3.535","3.455","-0.68%"
"09/13/2024","3.510","3.582","3.582","3.509","-2.15%"
"09/12/2024","3.587","3.588","3.600","3.583","0.96%"
"09/11/2024","3.553","3.565","3.582","3.550","-1.39%"
"09/10/2024","3.603","3.596","3.609","3.593","-0.58%"
"09/09/2024","3.624","3.572","3.628","3.572","1.06%"
"09/06/2024","3.586","3.615","3.622","3.586","-0.72%"
"09/05/2024","3.612","3.583","3.614","3.569","-0.25%"
"09/04/2024","3.621","3.619","3.637","3.614","-1.39%"
"09/03/2024","3.672","3.689","3.698","3.665","0.22%"
"09/02/2024","3.664","3.646","3.685","3.646","1.19%"
"08/30/2024","3.621","3.630","3.663","3.604","0.28%"
"08/29/2024","3.611","3.603","3.628","3.580","0.61%"
"08/28/2024","3.589","3.558","3.598","3.525","0.79%"
"08/27/2024","3.561","3.522","3.566","3.512","0.99%"
"08/26/2024","3.526","3.544","3.601","3.511","-2.22%"
"08/23/2024","3.606","3.607","3.614","3.584","1.26%"
"08/22/2024","3.561","3.555","3.571","3.552","-0.67%"
"08/21/2024","3.585","3.593","3.601","3.572","-1.35%"
"08/20/2024","3.634","3.626","3.639","3.607","0.25%"
"08/19/2024","3.625","3.615","3.639","3.594","0.44%"
"08/16/2024","3.609","3.664","3.669","3.608","1.32%"
"08/15/2024","3.562","3.555","3.590","3.512","-0.84%"
"08/14/2024","3.592","3.626","3.652","3.583","-2.18%"
"08/13/2024","3.672","3.689","3.693","3.664","-1.02%"
"08/12/2024","3.710","3.701","3.739","3.698","-2.42%"
"08/09/2024","3.802","3.816","3.829","3.795","0.05%"
"08/08/2024","3.800","3.838","3.856","3.769","-0.63%"
"08/07/2024","3.824","3.795","3.835","3.774","3.77%"
"08/06/2024","3.685","3.599","3.686","3.575","3.86%"
"08/05/2024","3.548","3.660","3.695","3.479","-6.83%"
"08/02/2024","3.808","3.782","3.819","3.767","-0.78%"
"08/01/2024","3.838","3.817","3.865","3.804","-0.80%"
"07/31/2024","3.869","4.048","4.082","3.868","-5.52%"
"07/30/2024","4.095","4.098","4.100","4.095","0.07%"
"07/29/2024","4.092","4.070","4.109","4.066","-0.20%"
"07/26/2024","4.100","4.090","4.101","4.070","-0.32%"
"07/25/2024","4.113","4.165","4.174","4.106","-1.58%"
"07/24/2024","4.179","4.192","4.217","4.175","0.29%"
"07/23/2024","4.167","4.161","4.179","4.145","0.46%"
"07/22/2024","4.148","4.168","4.169","4.141","0.14%"
"07/19/2024","4.142","4.143","4.150","4.119","0.61%"
"07/18/2024","4.117","4.077","4.138","4.075","0.66%"
"07/17/2024","4.090","4.049","4.101","4.032","-0.15%"
"07/16/2024","4.096","4.112","4.126","4.087","-1.68%"
"07/15/2024","4.166","4.127","4.166","4.118","-0.24%"
"07/12/2024","4.176","4.152","4.179","4.145","-0.95%"
"07/11/2024","4.216","4.191","4.221","4.173","0.89%"
"07/10/2024","4.179","4.208","4.223","4.178","-0.78%"
"07/09/2024","4.212","4.198","4.219","4.161","-0.17%"
"07/08/2024","4.219","4.202","4.241","4.200","-0.57%"
"07/05/2024","4.243","4.248","4.261","4.240","-0.05%"
"07/04/2024","4.245","4.217","4.245","4.213","-0.31%"
"07/03/2024","4.258","4.217","4.271","4.201","0.61%"
"07/02/2024","4.232","4.258","4.261","4.232","0.74%"
"07/01/2024","4.201","4.245","4.249","4.186","0.21%"
"06/28/2024","4.192","4.190","4.213","4.170","-1.99%"
"06/27/2024","4.277","4.291","4.312","4.259","1.69%"
"06/26/2024","4.206","4.024","4.211","4.015","4.63%"
"06/25/2024","4.020","4.039","4.062","4.015","-0.25%"
"06/24/2024","4.030","4.016","4.036","3.996","-0.62%"
"06/21/2024","4.055","4.045","4.066","4.035","0.62%"
"06/20/2024","4.030","4.005","4.034","3.993","0.95%"
"06/19/2024","3.992","3.952","3.993","3.914","2.02%"
"06/18/2024","3.913","3.923","3.950","3.890","0.54%"
"06/17/2024","3.892","3.927","3.938","3.872","-0.87%"
"06/16/2024","3.926","3.936","3.936","3.926","0.03%"
"06/14/2024","3.925","3.957","3.975","3.913","-1.13%"
"06/13/2024","3.970","3.995","3.995","3.953","-2.24%"
"06/12/2024","4.061","4.029","4.064","3.986","0.10%"
"06/11/2024","4.057","4.090","4.090","4.053","-1.46%"
"06/10/2024","4.117","4.090","4.127","4.090","2.87%"
"06/07/2024","4.002","3.989","4.005","3.980","0.53%"
"06/06/2024","3.981","3.991","4.003","3.967","-0.77%"
"06/05/2024","4.012","3.999","4.035","3.974","-1.35%"
"06/04/2024","4.067","4.042","4.083","4.039","-0.61%"
"06/03/2024","4.092","4.115","4.115","4.091","-1.18%"
"06/02/2024","4.141","4.139","4.142","4.139","0.71%"
"05/31/2024","4.112","4.136","4.147","4.099","-1.53%"
"05/30/2024","4.176","4.164","4.191","4.135","0.58%"
"05/29/2024","4.152","4.099","4.168","4.091","3.00%"
"05/28/2024","4.031","4.027","4.049","4.017","-0.10%"
"05/27/2024","4.035","4.053","4.068","4.027","-1.15%"
"05/26/2024","4.082","4.082","4.082","4.082","0.57%"
"05/24/2024","4.059","4.064","4.110","4.049","1.12%"
"05/23/2024","4.014","4.026","4.047","4.008","1.39%"
"05/22/2024","3.959","3.960","3.976","3.947","-0.13%"
"05/21/2024","3.964","3.956","3.973","3.939","0.97%"
"05/20/2024","3.926","3.933","3.935","3.892","-0.83%"
"05/19/2024","3.959","3.931","3.959","3.958","1.07%"
"05/17/2024","3.917","3.931","3.932","3.885","0.31%"
"05/16/2024","3.905","3.957","3.998","3.880","-3.15%"
"05/15/2024","4.032","4.032","4.051","4.006","0.42%"
"05/14/2024","4.015","4.020","4.026","4.006","-0.67%"
"05/13/2024","4.042","4.024","4.057","4.024","-1.05%"
"05/12/2024","4.085","4.033","4.088","4.082","1.54%"
"05/10/2024","4.023","4.033","4.060","4.013","-0.98%"
"05/09/2024","4.063","4.036","4.074","4.023","1.70%"
"05/08/2024","3.995","3.988","4.040","3.963","-1.94%"
"05/07/2024","4.074","4.108","4.140","4.074","-0.63%"
"05/06/2024","4.100","4.071","4.117","4.065","-0.97%"
"05/05/2024","4.140","4.108","4.140","4.134","0.88%"
"05/03/2024","4.104","4.108","4.115","4.096","-0.80%"
"05/02/2024","4.137","4.153","4.172","4.132","-0.29%"
"05/01/2024","4.149","4.146","4.151","4.125","1.20%"
"04/30/2024","4.100","4.142","4.171","4.085","-1.70%"
"04/29/2024","4.171","4.151","4.196","4.141","-0.31%"
"04/28/2024","4.184","4.165","4.190","4.183","-0.21%"
"04/26/2024","4.193","4.165","4.209","4.125","-0.94%"
"04/25/2024","4.233","4.165","4.249","4.129","3.83%"
"04/24/2024","4.077","3.937","4.079","3.927","4.01%"
"04/23/2024","3.920","3.920","3.962","3.913","-0.81%"
"04/22/2024","3.952","3.939","3.969","3.894","-0.50%"
"04/21/2024","3.972","3.965","3.972","3.969","2.27%"
"04/19/2024","3.884","3.965","3.969","3.841","-1.40%"
"04/18/2024","3.939","3.952","3.993","3.916","-1.28%"
"04/17/2024","3.990","3.975","4.000","3.959","1.42%"
"04/16/2024","3.934","3.910","3.944","3.909","1.42%"
"04/15/2024","3.879","3.905","3.905","3.823","-0.46%"
"04/14/2024","3.897","3.928","3.899","3.896","-0.71%"
"04/12/2024","3.925","3.928","3.937","3.911","0.80%"
"04/11/2024","3.894","3.878","3.901","3.869","3.73%"
"04/10/2024","3.754","3.746","3.767","3.739","-1.68%"
"04/09/2024","3.818","3.815","3.846","3.802","0.16%"
"04/08/2024","3.812","3.794","3.819","3.753","-0.57%"
"04/07/2024","3.834","3.756","3.837","3.833","2.21%"
"04/05/2024","3.751","3.756","3.786","3.748","-1.13%"
"04/04/2024","3.794","3.768","3.795","3.754","0.88%"
"04/03/2024","3.761","3.737","3.763","3.720","1.76%"
"04/02/2024","3.696","3.679","3.756","3.679","-1.39%"
"04/01/2024","3.748","3.669","3.756","3.669","1.54%"
"03/28/2024","3.691","3.687","3.700","3.671","-0.22%"
"03/27/2024","3.699","3.717","3.739","3.690","-0.51%"
"03/26/2024","3.718","3.730","3.736","3.709","0.54%"
"03/25/2024","3.698","3.710","3.712","3.682","-0.14%"
"03/24/2024","3.703","3.712","3.712","3.692","-0.24%"
"03/23/2024","3.712","3.712","3.712","3.712","-0.88%"
"03/22/2024","3.745","3.785","3.793","3.742","-0.43%"
"03/21/2024","3.761","3.681","3.762","3.650","0.80%"
"03/20/2024","3.731","3.755","3.755","3.718","-1.37%"
"03/19/2024","3.783","3.791","3.794","3.778","-0.16%"
"03/18/2024","3.789","3.817","3.839","3.787","-0.99%"
"03/17/2024","3.827","3.816","3.836","3.816","0.29%"
"03/16/2024","3.816","3.794","3.816","3.794","0.50%"
"03/15/2024","3.797","3.783","3.814","3.776","2.15%"
"03/14/2024","3.717","3.721","3.741","3.699","0.90%"
"03/13/2024","3.684","3.684","3.691","3.670","1.18%"
"03/12/2024","3.641","3.654","3.657","3.635","0.11%"
"03/11/2024","3.637","3.651","3.666","3.630","-0.36%"
"03/10/2024","3.650","3.651","3.657","3.647","-0.41%"
"03/09/2024","3.665","3.651","3.665","3.651","-0.05%"
"03/08/2024","3.667","3.666","3.689","3.657","-0.70%"
"03/07/2024","3.693","3.670","3.693","3.652","0.38%"
"03/06/2024","3.679","3.676","3.697","3.669","-1.60%"
"03/05/2024","3.739","3.735","3.749","3.728","0.54%"
"03/04/2024","3.719","3.717","3.727","3.709","0.08%"
"03/03/2024","3.716","3.715","3.720","3.709","-1.14%"
"03/02/2024","3.759","3.715","3.759","3.715","0.48%"
"03/01/2024","3.741","3.745","3.755","3.727","0.13%"
"02/29/2024","3.736","3.733","3.741","3.706","-0.77%"
"02/28/2024","3.765","3.768","3.798","3.759","0.13%"
"02/27/2024","3.760","3.768","3.778","3.754","-0.16%"
"02/26/2024","3.766","3.783","3.794","3.756","-0.45%"
"02/25/2024","3.783","3.784","3.794","3.779","-0.03%"
"02/24/2024","3.784","3.784","3.784","3.784","-0.94%"
"02/23/2024","3.820","3.804","3.827","3.783","1.17%"
"02/22/2024","3.776","3.803","3.817","3.769","0.13%"
"02/21/2024","3.771","3.766","3.795","3.761","-0.66%"
"02/20/2024","3.796","3.810","3.818","3.796","-0.50%"
"02/19/2024","3.815","3.836","3.845","3.807","-0.68%"
"02/18/2024","3.841","3.838","3.843","3.827","0.08%"
"02/17/2024","3.838","3.826","3.838","3.826","0.73%"
"02/16/2024","3.810","3.792","3.817","3.779","0.77%"
"02/15/2024","3.781","3.862","3.879","3.780","-3.45%"
"02/14/2024","3.916","3.930","3.944","3.912","2.59%"
"02/13/2024","3.817","3.809","3.823","3.791","0.66%"
"02/12/2024","3.792","3.806","3.814","3.781","-0.37%"
"02/11/2024","3.806","3.805","3.809","3.787","1.68%"
"02/09/2024","3.743","3.749","3.765","3.735","-0.64%"
"02/08/2024","3.767","3.789","3.801","3.761","-0.16%"
"02/07/2024","3.773","3.768","3.781","3.752","-1.23%"
"02/06/2024","3.820","3.859","3.861","3.804","0.63%"
"02/05/2024","3.796","3.774","3.800","3.765","0.50%"
"02/04/2024","3.777","3.775","3.783","3.765","0.05%"
"02/03/2024","3.775","3.775","3.775","3.775","2.75%"
"02/02/2024","3.674","3.643","3.676","3.634","-0.51%"
"02/01/2024","3.693","3.676","3.699","3.612","-1.60%"
"01/31/2024","3.753","3.846","3.846","3.751","-2.44%"
"01/30/2024","3.847","3.811","3.855","3.810","-0.54%"
"01/29/2024","3.868","3.879","3.904","3.847","0.23%"
"01/28/2024","3.859","3.881","3.904","3.847","-0.57%"
"01/27/2024","3.881","3.870","3.881","3.870","0.28%"
"01/26/2024","3.870","3.874","3.907","3.848","-1.07%"
"01/25/2024","3.912","3.926","3.942","3.905","-0.20%"
"01/24/2024","3.920","3.941","3.946","3.918","0.31%"
"01/23/2024","3.908","3.933","3.936","3.903","-0.89%"
"01/22/2024","3.943","3.953","3.954","3.943","-0.73%"
"01/21/2024","3.972","3.972","3.972","3.972","0.08%"
"01/19/2024","3.969","3.963","3.990","3.960","0.43%"
"01/18/2024","3.952","3.997","4.007","3.938","1.70%"
"01/17/2024","3.886","3.908","3.912","3.871","0.62%"
"01/16/2024","3.862","3.815","3.865","3.807","1.74%"
"01/15/2024","3.796","3.783","3.804","3.767","0.13%"
"01/14/2024","3.791","3.816","3.816","3.780","0.21%"
"01/13/2024","3.783","3.783","3.783","3.783","-0.84%"
"01/12/2024","3.815","3.802","3.832","3.783","-1.80%"
"01/11/2024","3.885","3.882","3.890","3.874","0.54%"
"01/10/2024","3.864","3.844","3.870","3.819","-0.13%"
"01/09/2024","3.869","3.876","3.900","3.863","-1.48%"
"01/08/2024","3.927","3.919","3.959","3.888","0.13%"
"01/07/2024","3.922","3.881","3.924","3.881","0.08%"
"01/06/2024","3.919","3.919","3.919","3.919","1.40%"
"01/05/2024","3.865","3.859","3.877","3.841","1.58%"
"01/04/2024","3.805","3.792","3.809","3.788","-0.31%"
"01/03/2024","3.817","3.794","3.822","3.767","1.27%"
"01/02/2024","3.769","3.720","3.774","3.698","1.15%"
"01/01/2024","3.726","3.720","3.736","3.698","0.24%"
"12/29/2023","3.717","3.709","3.725","3.688","0.62%"
"12/28/2023","3.694","3.661","3.703","3.655","-0.99%"
"12/27/2023","3.731","3.763","3.768","3.712","-0.69%"
"12/26/2023","3.757","3.763","3.768","3.748","-0.27%"
"12/25/2023","3.767","3.767","3.767","3.767","0.11%"
"12/22/2023","3.763","3.756","3.769","3.742","-0.08%"
"12/21/2023","3.766","3.758","3.776","3.736","-1.62%"
"12/20/2023","3.828","3.832","3.847","3.809","-0.80%"
"12/19/2023","3.859","3.881","3.881","3.844","0.29%"
"12/18/2023","3.848","3.845","3.884","3.830","-0.34%"
"12/17/2023","3.861","3.845","3.884","3.830","0.57%"
"12/16/2023","3.839","3.839","3.839","3.839","-1.18%"
"12/15/2023","3.885","3.855","3.894","3.841","1.17%"
"12/14/2023","3.840","3.886","3.904","3.829","-4.45%"
"12/13/2023","4.019","4.031","4.041","3.996","-0.72%"
"12/12/2023","4.048","4.055","4.065","4.048","0.00%"
"12/11/2023","4.048","4.061","4.102","4.039","-0.44%"
"12/10/2023","4.066","4.061","4.102","4.039","-0.07%"
"12/09/2023","4.069","4.069","4.069","4.069","1.45%"
"12/08/2023","4.011","3.984","4.024","3.984","0.83%"
"12/07/2023","3.978","3.971","3.985","3.949","-1.09%"
"12/06/2023","4.022","4.002","4.036","3.984","-2.50%"
"12/05/2023","4.125","4.142","4.155","4.122","-0.19%"
"12/04/2023","4.133","4.066","4.140","4.052","1.20%"
"12/03/2023","4.084","4.066","4.096","4.052","0.44%"
"12/02/2023","4.066","4.066","4.066","4.066","-2.40%"
"12/01/2023","4.166","4.194","4.194","4.146","2.03%"
"11/30/2023","4.083","4.059","4.083","4.045","-0.83%"
"11/29/2023","4.117","4.169","4.196","4.095","-2.83%"
"11/28/2023","4.237","4.199","4.238","4.196","-1.19%"
"11/27/2023","4.288","4.250","4.300","4.223","0.52%"
"11/26/2023","4.266","4.250","4.267","4.223","0.35%"
"11/25/2023","4.251","4.263","4.263","4.251","-0.47%"
"11/24/2023","4.271","4.256","4.283","4.234","1.33%"
"11/23/2023","4.215","4.251","4.251","4.214","1.57%"
"11/22/2023","4.150","4.149","4.156","4.137","-0.41%"
"11/21/2023","4.167","4.207","4.209","4.159","-0.48%"
"11/20/2023","4.187","4.167","4.209","4.153","0.41%"
"11/19/2023","4.170","4.161","4.209","4.153","0.07%"
"11/18/2023","4.167","4.167","4.167","4.167","0.29%"
"11/17/2023","4.155","4.180","4.205","4.140","-2.10%"
"11/16/2023","4.244","4.286","4.297","4.239","0.05%"
"11/15/2023","4.242","4.232","4.270","4.232","-2.46%"
"11/14/2023","4.349","4.343","4.363","4.342","0.02%"
"11/13/2023","4.348","4.310","4.358","4.310","0.28%"
"11/12/2023","4.336","4.310","4.354","4.310","0.60%"
"11/11/2023","4.310","4.310","4.310","4.310","0.16%"
"11/10/2023","4.303","4.319","4.324","4.290","1.87%"
"11/09/2023","4.224","4.204","4.227","4.190","-0.49%"
"11/08/2023","4.245","4.234","4.267","4.226","-3.48%"
"11/07/2023","4.398","4.384","4.414","4.368","1.34%"
"11/06/2023","4.340","4.302","4.359","4.252","0.44%"
"11/05/2023","4.321","4.298","4.322","4.252","0.44%"
"11/04/2023","4.302","4.302","4.302","4.302","-1.47%"
"11/03/2023","4.366","4.318","4.375","4.311","0.05%"
"11/02/2023","4.364","4.363","4.382","4.354","-2.98%"
"11/01/2023","4.498","4.526","4.542","4.497","1.03%"
"10/31/2023","4.452","4.465","4.497","4.448","0.43%"
"10/30/2023","4.433","4.374","4.449","4.338","1.19%"
"10/29/2023","4.381","4.374","4.383","4.338","0.11%"
"10/28/2023","4.376","4.373","4.378","4.373","0.07%"
"10/27/2023","4.373","4.349","4.389","4.347","-0.23%"
"10/26/2023","4.383","4.399","4.403","4.356","0.44%"
"10/25/2023","4.364","4.261","4.377","4.251","3.29%"
"10/24/2023","4.225","4.240","4.257","4.223","-1.81%"
"10/23/2023","4.303","4.252","4.310","4.228","0.42%"
"10/22/2023","4.285","4.284","4.285","4.228","0.80%"
"10/21/2023","4.251","4.251","4.251","4.251","-0.56%"
"10/20/2023","4.275","4.299","4.316","4.270","-0.86%"
"10/19/2023","4.312","4.289","4.329","4.275","0.63%"
"10/18/2023","4.285","4.253","4.301","4.223","2.91%"
"10/17/2023","4.164","4.105","4.176","4.088","2.81%"
"10/16/2023","4.050","4.024","4.056","4.020","0.15%"
"10/15/2023","4.044","4.024","4.044","4.020","0.50%"
"10/14/2023","4.024","4.043","4.043","4.024","-0.45%"
"10/13/2023","4.042","4.046","4.048","4.029","1.46%"
"10/12/2023","3.984","3.955","3.985","3.953","-0.13%"
"10/11/2023","3.989","3.949","3.992","3.947","1.45%"
"10/10/2023","3.932","3.920","3.954","3.910","-1.40%"
"10/09/2023","3.988","4.039","4.039","3.920","0.50%"
"10/08/2023","3.968","4.031","4.039","3.963","-1.88%"
"10/07/2023","4.044","4.044","4.044","4.044","0.25%"
"10/06/2023","4.034","4.034","4.071","4.027","-0.98%"
"10/05/2023","4.074","4.074","4.114","4.067","-1.76%"
"10/04/2023","4.147","4.131","4.157","4.120","0.46%"
"10/03/2023","4.128","4.167","4.171","4.118","0.15%"
"10/02/2023","4.122","4.075","4.127","4.040","0.98%"
"10/01/2023","4.082","4.096","4.096","4.040","0.17%"
"09/30/2023","4.075","4.075","4.075","4.075","-0.97%"
"09/29/2023","4.115","4.114","4.125","4.092","0.00%"
"09/28/2023","4.115","4.111","4.124","4.094","1.43%"
"09/27/2023","4.057","4.078","4.086","4.043","-0.47%"
"09/26/2023","4.076","4.072","4.110","4.054","1.02%"
"09/25/2023","4.035","4.040","4.073","4.017","-0.54%"
"09/23/2023","4.057","4.074","4.074","4.040","-0.66%"
"09/22/2023","4.084","4.104","4.108","4.074","0.17%"
"09/21/2023","4.077","4.065","4.096","4.060","2.49%"
"09/20/2023","3.978","3.974","3.987","3.962","1.25%"
"09/19/2023","3.929","3.936","3.945","3.911","-0.05%"
"09/18/2023","3.931","3.872","3.934","3.862","1.50%"
"09/16/2023","3.873","3.873","3.873","3.873","0.73%"
"09/15/2023","3.845","3.866","3.871","3.839","0.08%"
"09/14/2023","3.842","3.865","3.890","3.836","-0.90%"
"09/13/2023","3.877","3.888","3.893","3.873","0.49%"
"09/12/2023","3.858","3.880","3.886","3.853","-0.59%"
"09/11/2023","3.881","3.846","3.885","3.826","0.75%"
"09/09/2023","3.852","3.852","3.852","3.852","0.73%"
"09/08/2023","3.824","3.856","3.856","3.818","-1.49%"
"09/07/2023","3.882","3.844","3.887","3.834","0.96%"
"09/06/2023","3.845","3.869","3.875","3.843","-0.29%"
"09/05/2023","3.856","3.862","3.879","3.856","0.71%"
"09/04/2023","3.829","3.796","3.842","3.787","0.87%"
"09/02/2023","3.796","3.798","3.798","3.796","0.37%"
"09/01/2023","3.782","3.781","3.787","3.756","-0.79%"
"08/31/2023","3.812","3.811","3.828","3.803","-1.17%"
"08/30/2023","3.857","3.862","3.878","3.825","-1.05%"
"08/29/2023","3.898","3.900","3.945","3.882","-0.64%"
"08/28/2023","3.923","3.888","3.932","3.883","1.11%"
"08/26/2023","3.880","3.880","3.880","3.880","-0.41%"
"08/25/2023","3.896","3.872","3.896","3.853","1.33%"
"08/24/2023","3.845","3.853","3.853","3.829","-1.74%"
"08/23/2023","3.913","3.940","3.960","3.904","-0.96%"
"08/22/2023","3.951","3.971","3.988","3.942","0.51%"
"08/21/2023","3.931","3.936","3.952","3.900","0.36%"
"08/19/2023","3.917","3.917","3.917","3.917","-0.25%"
"08/18/2023","3.927","3.955","3.978","3.921","-1.33%"
"08/17/2023","3.980","3.975","4.020","3.962","0.73%"
"08/16/2023","3.951","4.025","4.025","3.936","-1.23%"
"08/15/2023","4.000","4.030","4.041","3.961","1.29%"
"08/14/2023","3.949","3.907","3.965","3.907","0.48%"
"08/13/2023","3.930","3.930","3.930","3.930","0.00%"
"08/12/2023","3.930","3.938","3.938","3.930","1.11%"
"08/11/2023","3.887","3.880","3.899","3.861","1.49%"
"08/10/2023","3.830","3.812","3.842","3.812","0.71%"
"08/09/2023","3.803","3.789","3.817","3.750","-0.45%"
"08/08/2023","3.820","3.849","3.864","3.819","-2.15%"
"08/07/2023","3.904","3.922","3.923","3.892","0.31%"
"08/05/2023","3.892","3.892","3.892","3.892","-2.21%"
"08/04/2023","3.980","3.922","3.983","3.912","2.21%"
"08/03/2023","3.894","3.878","3.910","3.878","-0.79%"
"08/02/2023","3.925","3.942","3.944","3.911","-2.19%"
"08/01/2023","4.013","4.020","4.037","3.994","-0.35%"
"07/31/2023","4.027","3.941","4.029","3.939","2.21%"
"07/29/2023","3.940","3.940","3.940","3.940","-2.69%"
"07/28/2023","4.049","4.056","4.072","4.008","1.48%"
"07/27/2023","3.990","4.008","4.038","3.980","-1.07%"
"07/26/2023","4.033","4.163","4.175","4.024","-1.66%"
"07/25/2023","4.101","4.105","4.147","4.079","0.27%"
"07/24/2023","4.090","4.104","4.124","4.077","-0.80%"
"07/23/2023","4.123","4.123","4.123","4.123","0.00%"
"07/22/2023","4.123","4.123","4.123","4.123","-0.12%"
"07/21/2023","4.128","4.131","4.142","4.098","1.05%"
"07/20/2023","4.085","4.019","4.100","4.010","1.87%"
"07/19/2023","4.010","4.056","4.078","4.007","-1.28%"
"07/18/2023","4.062","4.066","4.114","4.037","-0.68%"
"07/17/2023","4.090","4.109","4.116","4.064","0.52%"
"07/16/2023","4.069","4.069","4.069","4.069","-0.56%"
"07/15/2023","4.092","4.092","4.092","4.092","1.31%"
"07/14/2023","4.039","4.046","4.073","4.014","-2.42%"
"07/13/2023","4.139","4.147","4.166","4.124","-2.31%"
"07/12/2023","4.237","4.282","4.303","4.219","-1.47%"
"07/11/2023","4.300","4.328","4.366","4.294","-2.16%"
"07/10/2023","4.395","4.404","4.424","4.368","-0.59%"
"07/08/2023","4.421","4.421","4.421","4.421","-0.18%"
"07/07/2023","4.429","4.398","4.451","4.381","3.41%"
"07/06/2023","4.283","4.231","4.291","4.176","2.86%"
"07/05/2023","4.164","4.193","4.209","4.164","-1.89%"
"07/04/2023","4.244","4.190","4.262","4.185","1.80%"
"07/03/2023","4.169","4.227","4.239","4.167","-1.51%"
"07/01/2023","4.233","4.233","4.233","4.233","0.83%"
"06/30/2023","4.198","4.191","4.208","4.136","2.19%"
"06/29/2023","4.108","4.022","4.117","4.015","1.38%"
"06/28/2023","4.052","4.101","4.107","4.030","-1.41%"
"06/27/2023","4.110","4.074","4.110","4.066","-0.58%"
"06/26/2023","4.134","4.112","4.162","4.112","0.02%"
"06/24/2023","4.133","4.133","4.133","4.133","-2.11%"
"06/23/2023","4.222","4.188","4.265","4.182","2.25%"
"06/22/2023","4.129","4.090","4.138","4.074","0.51%"
"06/21/2023","4.108","4.098","4.111","4.087","-1.23%"
"06/20/2023","4.159","4.243","4.244","4.120","-0.62%"
"06/19/2023","4.185","4.198","4.215","4.130","0.12%"
"06/17/2023","4.180","4.206","4.206","4.180","-0.14%"
"06/16/2023","4.186","4.128","4.206","4.122","-0.26%"
"06/15/2023","4.197","4.098","4.215","4.085","2.29%"
"06/14/2023","4.103","4.094","4.122","4.080","1.99%"
"06/13/2023","4.023","4.037","4.050","4.006","-0.30%"
"06/12/2023","4.035","4.050","4.082","4.015","0.65%"
"06/11/2023","4.009","4.009","4.009","4.009","-0.47%"
"06/10/2023","4.028","4.028","4.028","4.028","0.22%"
"06/09/2023","4.019","4.013","4.069","4.002","-0.12%"
"06/08/2023","4.024","4.010","4.039","3.985","3.68%"
"06/07/2023","3.881","3.838","3.892","3.838","3.22%"
"06/06/2023","3.760","3.760","3.768","3.729","0.43%"
"06/05/2023","3.744","3.753","3.762","3.735","-0.24%"
"06/03/2023","3.753","3.753","3.753","3.753","2.21%"
"06/02/2023","3.672","3.558","3.677","3.558","1.66%"
"06/01/2023","3.612","3.551","3.615","3.536","0.87%"
"05/31/2023","3.581","3.525","3.588","3.512","0.03%"
"05/30/2023","3.580","3.558","3.587","3.515","-0.42%"
"05/29/2023","3.595","3.601","3.609","3.588","-0.28%"
"05/28/2023","3.605","3.605","3.605","3.605","-0.69%"
"05/26/2023","3.630","3.668","3.670","3.621","1.03%"
"05/25/2023","3.593","3.549","3.604","3.516","2.95%"
"05/24/2023","3.490","3.542","3.563","3.469","-1.66%"
"05/23/2023","3.549","3.523","3.563","3.507","1.92%"
"05/22/2023","3.482","3.529","3.583","3.479","-1.28%"
"05/20/2023","3.527","3.527","3.527","3.527","0.89%"
"05/19/2023","3.496","3.478","3.522","3.463","3.25%"
"05/18/2023","3.386","3.376","3.427","3.326","2.27%"
"05/17/2023","3.311","3.319","3.339","3.301","0.27%"
"05/16/2023","3.302","3.295","3.360","3.289","1.60%"
"05/15/2023","3.250","3.239","3.264","3.196","0.25%"
"05/13/2023","3.242","3.242","3.242","3.242","3.08%"
"05/12/2023","3.145","3.154","3.199","3.144","-2.48%"
"05/11/2023","3.225","3.243","3.243","3.189","-1.13%"
"05/10/2023","3.262","3.238","3.274","3.229","0.68%"
"05/09/2023","3.240","3.246","3.266","3.204","1.76%"
"05/08/2023","3.184","3.208","3.267","3.164","-0.75%"
"05/06/2023","3.208","3.208","3.208","3.208","3.65%"
"05/05/2023","3.095","3.056","3.101","3.039","-0.67%"
"05/04/2023","3.116","3.132","3.164","3.071","-3.41%"
"05/03/2023","3.226","3.157","3.234","3.157","4.27%"
"05/02/2023","3.094","3.120","3.166","3.082","1.24%"
"05/01/2023","3.056","2.918","3.062","2.918","2.58%"
"04/29/2023","2.979","2.979","2.979","2.979","-3.37%"
"04/28/2023","3.083","3.123","3.152","3.078","1.82%"
"04/27/2023","3.028","3.041","3.041","3.007","1.82%"
"04/26/2023","2.974","3.036","3.059","2.966","-4.03%"
"04/25/2023","3.099","3.164","3.164","3.098","-2.27%"
"04/24/2023","3.171","3.195","3.200","3.170","-0.72%"
"04/22/2023","3.194","3.194","3.194","3.194","0.63%"
"04/21/2023","3.174","3.174","3.199","3.161","-1.21%"
"04/20/2023","3.213","3.250","3.258","3.193","1.36%"
"04/19/2023","3.170","3.161","3.198","3.161","1.12%"
"04/18/2023","3.135","3.107","3.143","3.068","3.13%"
"04/17/2023","3.040","3.066","3.088","3.032","-0.78%"
"04/15/2023","3.064","3.064","3.064","3.064","2.41%"
"04/14/2023","2.992","2.987","3.014","2.981","0.74%"
"04/13/2023","2.970","2.905","2.997","2.890","0.92%"
"04/12/2023","2.943","2.912","2.946","2.873","-2.19%"
"04/11/2023","3.009","2.951","3.045","2.906","1.97%"
"04/08/2023","2.951","2.951","2.951","2.951","0.00%"
"04/07/2023","2.951","2.951","2.951","2.951","-0.77%"
"04/06/2023","2.974","2.992","2.996","2.962","-0.83%"
"04/05/2023","2.999","2.989","3.022","2.941","-1.87%"
"04/04/2023","3.056","3.011","3.104","2.978","-1.42%"
"04/03/2023","3.100","3.084","3.111","3.069","2.82%"
"04/01/2023","3.015","3.015","3.015","3.015","-2.30%"
"03/31/2023","3.086","3.083","3.093","3.074","-0.52%"
"03/30/2023","3.102","3.073","3.107","3.064","1.44%"
"03/29/2023","3.058","3.097","3.109","3.034","0.59%"
"03/28/2023","3.040","3.061","3.071","3.019","3.97%"
"03/27/2023","2.924","2.972","2.982","2.905","-0.91%"
"03/26/2023","2.951","2.972","2.982","2.942","-0.74%"
"03/25/2023","2.973","2.973","2.973","2.973","-0.83%"
"03/24/2023","2.998","2.991","3.024","2.966","-1.19%"
"03/23/2023","3.034","2.971","3.069","2.958","-1.04%"
"03/22/2023","3.066","3.084","3.091","3.046","4.75%"
"03/21/2023","2.927","2.977","3.012","2.916","-3.05%"
"03/20/2023","3.019","3.010","3.109","3.008","-1.63%"
"03/19/2023","3.069","3.010","3.109","3.010","-2.97%"
"03/17/2023","3.163","3.149","3.189","3.125","4.84%"
"03/16/2023","3.017","2.986","3.068","2.961","-6.39%"
"03/15/2023","3.223","3.178","3.238","3.178","1.93%"
"03/14/2023","3.162","3.117","3.164","3.100","-6.00%"
"03/13/2023","3.364","3.323","3.395","3.168","4.83%"
"03/12/2023","3.209","3.323","3.343","3.202","-2.99%"
"03/11/2023","3.308","3.317","3.317","3.308","-4.64%"
"03/10/2023","3.469","3.492","3.533","3.425","-1.78%"
"03/09/2023","3.532","3.505","3.532","3.496","-0.59%"
"03/08/2023","3.553","3.541","3.553","3.446","1.34%"
"03/07/2023","3.506","3.614","3.614","3.506","-2.39%"
"03/06/2023","3.592","3.657","3.657","3.579","-1.37%"
"03/05/2023","3.642","3.657","3.657","3.635","-0.41%"
"03/04/2023","3.657","3.657","3.657","3.657","-0.33%"
"03/03/2023","3.669","3.727","3.789","3.669","0.77%"
"03/02/2023","3.641","3.630","3.650","3.604","1.79%"
"03/01/2023","3.577","3.701","3.714","3.574","-1.54%"
"02/28/2023","3.633","3.700","3.709","3.633","-1.84%"
"02/27/2023","3.701","3.719","3.730","3.651","0.00%"
"02/26/2023","3.701","3.719","3.730","3.651","-0.46%"
"02/25/2023","3.718","3.718","3.718","3.718","1.58%"
"02/24/2023","3.660","3.687","3.699","3.659","0.22%"
"02/23/2023","3.652","3.625","3.667","3.613","1.33%"
"02/22/2023","3.604","3.714","3.749","3.587","-0.83%"
"02/21/2023","3.634","3.621","3.664","3.615","1.31%"
"02/20/2023","3.587","3.564","3.592","3.504","0.96%"
"02/19/2023","3.553","3.564","3.564","3.504","-0.36%"
"02/18/2023","3.566","3.555","3.566","3.555","0.31%"
"02/17/2023","3.555","3.528","3.563","3.516","1.98%"
"02/16/2023","3.486","3.577","3.600","3.472","-1.27%"
"02/15/2023","3.531","3.588","3.604","3.525","0.63%"
"02/14/2023","3.509","3.537","3.539","3.508","-0.59%"
"02/13/2023","3.530","3.552","3.591","3.492","-1.09%"
"02/12/2023","3.569","3.552","3.584","3.492","0.62%"
"02/11/2023","3.547","3.547","3.547","3.547","2.25%"
"02/10/2023","3.469","3.445","3.488","3.423","2.48%"
"02/09/2023","3.385","3.310","3.389","3.293","1.56%"
"02/08/2023","3.333","3.318","3.340","3.308","2.27%"
"02/07/2023","3.259","3.197","3.259","3.153","3.17%"
"02/06/2023","3.159","3.220","3.231","3.158","-0.97%"
"02/05/2023","3.190","3.220","3.231","3.189","-0.96%"
"02/04/2023","3.221","3.221","3.221","3.221","4.14%"
"02/03/2023","3.093","3.083","3.112","3.067","-1.81%"
"02/02/2023","3.150","3.111","3.151","3.111","-1.41%"
"02/01/2023","3.195","3.170","3.195","3.140","1.62%"
"01/31/2023","3.144","3.231","3.231","3.141","-1.63%"
"01/30/2023","3.196","3.197","3.265","3.181","-0.19%"
"01/29/2023","3.202","3.197","3.265","3.194","-0.03%"
"01/28/2023","3.203","3.203","3.203","3.203","0.00%"
"01/27/2023","3.203","3.166","3.207","3.150","2.43%"
"01/26/2023","3.127","2.980","3.155","2.932","0.00%"
"01/25/2023","3.127","2.980","3.134","2.932","3.13%"
"01/24/2023","3.032","3.065","3.068","3.031","0.23%"
"01/23/2023","3.025","3.060","3.108","3.020","-0.66%"
"01/22/2023","3.045","3.060","3.108","3.043","-0.49%"
"01/21/2023","3.060","3.060","3.060","3.027","1.66%"
"01/20/2023","3.010","3.031","3.031","2.990","1.69%"
"01/19/2023","2.960","3.064","3.100","2.948","-5.76%"
"01/18/2023","3.141","3.197","3.217","3.138","-1.32%"
"01/17/2023","3.183","3.184","3.204","3.161","-0.06%"
"01/16/2023","3.185","3.201","3.225","3.147","-0.56%"
"01/15/2023","3.203","3.179","3.225","3.147","0.00%"
"01/14/2023","3.203","3.203","3.203","3.203","1.49%"
"01/13/2023","3.156","3.127","3.168","3.126","-1.00%"
"01/12/2023","3.188","3.212","3.242","3.181","-3.13%"
"01/11/2023","3.291","3.318","3.331","3.279","0.03%"
"01/10/2023","3.290","3.279","3.292","3.231","-0.24%"
"01/09/2023","3.298","3.239","3.325","3.180","0.21%"
"01/08/2023","3.291","3.239","3.291","3.180","1.70%"
"01/07/2023","3.236","3.228","3.236","3.228","-4.51%"
"01/06/2023","3.389","3.390","3.408","3.379","0.56%"
"01/05/2023","3.370","3.331","3.373","3.323","0.99%"
"01/04/2023","3.337","3.367","3.379","3.335","-2.14%"
"01/03/2023","3.410","3.427","3.453","3.373","-0.18%"
"01/02/2023","3.416","3.420","3.453","3.401","-0.12%"
"01/01/2023","3.420","3.420","3.420","3.420","0.00%"
"12/31/2022","3.420","3.420","3.420","3.420","0.12%"
"12/30/2022","3.416","3.444","3.495","3.414","-0.55%"
"12/29/2022","3.435","3.469","3.478","3.432","0.15%"
"12/28/2022","3.430","3.291","3.458","3.291","-0.09%"
"12/27/2022","3.433","3.277","3.438","3.232","4.47%"
"12/26/2022","3.286","3.286","3.286","3.286","0.00%"
"12/25/2022","3.286","3.286","3.286","3.286","0.00%"
"12/24/2022","3.286","3.286","3.286","3.286","-0.54%"
"12/23/2022","3.304","3.256","3.308","3.256","1.69%"
"12/22/2022","3.249","3.213","3.262","3.193","0.99%"
"12/21/2022","3.217","3.258","3.282","3.204","-3.19%"
"12/20/2022","3.323","3.209","3.342","3.203","5.12%"
"12/19/2022","3.161","3.144","3.183","3.118","-0.06%"
"12/18/2022","3.163","3.144","3.183","3.135","0.80%"
"12/17/2022","3.138","3.138","3.138","3.138","-0.76%"
"12/16/2022","3.162","3.167","3.190","3.144","-0.19%"
"12/15/2022","3.168","3.088","3.176","3.085","2.86%"
"12/14/2022","3.080","3.092","3.096","3.068","-1.22%"
"12/13/2022","3.118","3.108","3.129","3.084","1.33%"
"12/12/2022","3.077","2.990","3.099","2.990","-0.45%"
"12/11/2022","3.091","2.990","3.099","2.990","0.16%"
"12/10/2022","3.086","3.081","3.086","3.081","0.75%"
"12/09/2022","3.063","3.104","3.109","3.058","-0.42%"
"12/08/2022","3.076","3.039","3.084","3.029","0.03%"
"12/07/2022","3.075","3.043","3.089","3.040","1.42%"
"12/06/2022","3.032","3.022","3.032","2.980","0.83%"
"12/05/2022","3.007","2.984","3.012","2.963","0.70%"
"12/04/2022","2.986","2.984","2.991","2.970","0.23%"
"12/03/2022","2.979","2.978","2.979","2.978","-0.87%"
"12/02/2022","3.005","3.035","3.035","2.964","-2.44%"
"12/01/2022","3.080","3.068","3.093","3.026","-1.53%"
"11/30/2022","3.128","3.225","3.225","3.127","-1.85%"
"11/29/2022","3.187","3.173","3.198","3.157","0.54%"
"11/28/2022","3.170","3.236","3.247","3.142","-2.07%"
"11/27/2022","3.237","3.236","3.247","3.181","-0.03%"
"11/26/2022","3.238","3.238","3.238","3.238","0.90%"
"11/25/2022","3.209","3.171","3.212","3.155","0.60%"
"11/24/2022","3.190","3.196","3.205","3.155","-0.31%"
"11/23/2022","3.200","3.156","3.201","3.124","2.01%"
"11/22/2022","3.137","3.160","3.170","3.133","0.64%"
"11/21/2022","3.117","3.169","3.204","3.103","-2.53%"
"11/20/2022","3.198","3.169","3.204","3.103","0.88%"
"11/19/2022","3.170","3.186","3.186","3.170","0.41%"
"11/18/2022","3.157","3.148","3.179","3.146","0.32%"
"11/17/2022","3.147","3.109","3.164","3.063","-0.35%"
"11/16/2022","3.158","3.158","3.177","3.135","-1.62%"
"11/15/2022","3.210","3.168","3.221","3.145","0.85%"
"11/14/2022","3.183","3.135","3.193","3.069","0.66%"
"11/13/2022","3.162","3.135","3.168","3.069","0.89%"
"11/12/2022","3.134","3.095","3.134","3.095","1.06%"
"11/11/2022","3.101","3.029","3.128","2.970","-3.31%"
"11/10/2022","3.207","3.276","3.278","3.200","-4.58%"
"11/09/2022","3.361","3.363","3.403","3.343","-1.64%"
"11/08/2022","3.417","3.372","3.425","3.372","3.61%"
"11/07/2022","3.298","3.317","3.402","3.269","0.12%"
"11/06/2022","3.294","3.317","3.402","3.291","-0.69%"
"11/05/2022","3.317","3.317","3.317","3.317","0.18%"
"11/04/2022","3.311","3.382","3.393","3.293","-2.45%"
"11/03/2022","3.394","3.364","3.407","3.364","4.46%"
"11/02/2022","3.249","3.236","3.253","3.190","-1.25%"
"11/01/2022","3.290","3.313","3.338","3.289","1.57%"
"10/31/2022","3.239","3.300","3.311","3.206","-0.86%"
"10/30/2022","3.267","3.300","3.311","3.209","-0.97%"
"10/29/2022","3.299","3.299","3.299","3.299","1.95%"
"10/28/2022","3.236","3.267","3.275","3.206","-3.55%"
"10/27/2022","3.355","3.369","3.405","3.312","-3.06%"
"10/26/2022","3.461","3.405","3.531","3.385","-1.95%"
"10/25/2022","3.530","3.533","3.555","3.517","-0.59%"
"10/24/2022","3.551","3.614","3.629","3.537","-0.42%"
"10/23/2022","3.566","3.614","3.615","3.562","-1.36%"
"10/22/2022","3.615","3.615","3.615","3.615","-1.09%"
"10/21/2022","3.655","3.569","3.655","3.562","3.16%"
"10/20/2022","3.543","3.461","3.583","3.461","4.48%"
"10/19/2022","3.391","3.370","3.395","3.360","0.41%"
"10/18/2022","3.377","3.359","3.422","3.350","-1.20%"
"10/17/2022","3.418","3.405","3.451","3.393","-0.49%"
"10/16/2022","3.435","3.396","3.442","3.393","0.62%"
"10/15/2022","3.414","3.396","3.414","3.396","0.68%"
"10/14/2022","3.391","3.408","3.442","3.379","1.53%"
"10/13/2022","3.340","3.325","3.347","3.280","0.45%"
"10/12/2022","3.325","3.379","3.381","3.325","-1.10%"
"10/11/2022","3.362","3.332","3.368","3.310","1.05%"
"10/10/2022","3.327","3.294","3.373","3.293","-0.33%"
"10/09/2022","3.338","3.294","3.373","3.293","-0.42%"
"10/08/2022","3.352","3.352","3.352","3.352","1.45%"
"10/07/2022","3.304","3.303","3.323","3.297","1.35%"
"10/06/2022","3.260","3.237","3.277","3.220","4.82%"
"10/05/2022","3.110","3.126","3.162","3.090","-5.61%"
"10/04/2022","3.295","3.267","3.359","3.267","-5.53%"
"10/03/2022","3.488","3.482","3.498","3.431","-0.11%"
"10/02/2022","3.492","3.469","3.493","3.431","0.43%"
"10/01/2022","3.477","3.477","3.477","3.477","-1.50%"
"09/30/2022","3.530","3.521","3.539","3.500","1.09%"
"09/29/2022","3.492","3.445","3.539","3.415","-4.46%"
"09/28/2022","3.655","3.634","3.692","3.614","-0.79%"
"09/27/2022","3.684","3.687","3.712","3.650","1.82%"
"09/26/2022","3.618","3.637","3.645","3.594","0.36%"
"09/24/2022","3.605","3.605","3.605","3.605","1.44%"
"09/23/2022","3.554","3.485","3.575","3.462","1.43%"
"09/22/2022","3.504","3.324","3.504","3.308","5.29%"
"09/21/2022","3.328","3.346","3.371","3.308","2.09%"
"09/20/2022","3.260","3.352","3.380","3.256","-1.90%"
"09/19/2022","3.323","3.335","3.394","3.322","-0.24%"
"09/17/2022","3.331","3.331","3.331","3.331","-1.30%"
"09/16/2022","3.375","3.285","3.381","3.275","3.97%"
"09/15/2022","3.246","3.212","3.254","3.212","0.22%"
"09/14/2022","3.239","3.302","3.318","3.218","4.28%"
"09/13/2022","3.106","3.154","3.154","3.103","0.26%"
"09/12/2022","3.098","3.078","3.105","3.035","1.57%"
"09/10/2022","3.050","3.050","3.050","3.050","-0.33%"
"09/09/2022","3.060","3.106","3.115","3.052","0.23%"
"09/08/2022","3.053","3.115","3.141","2.973","-5.01%"
"09/07/2022","3.214","3.224","3.232","3.187","2.68%"
"09/06/2022","3.130","3.191","3.193","3.110","-0.48%"
"09/05/2022","3.145","3.143","3.162","3.108","0.19%"
"09/03/2022","3.139","3.139","3.139","3.139","-2.09%"
"09/02/2022","3.206","3.220","3.239","3.190","-0.09%"
"09/01/2022","3.209","3.181","3.236","3.170","1.94%"
"08/31/2022","3.148","3.153","3.178","3.122","-1.44%"
"08/30/2022","3.194","3.264","3.269","3.192","-3.21%"
"08/29/2022","3.300","3.132","3.305","3.048","5.20%"
"08/27/2022","3.137","3.137","3.137","3.137","0.90%"
"08/26/2022","3.109","3.137","3.165","3.109","-2.29%"
"08/25/2022","3.182","3.184","3.204","3.170","1.40%"
"08/24/2022","3.138","3.189","3.203","3.135","-1.85%"
"08/23/2022","3.197","3.163","3.209","3.133","2.86%"
"08/22/2022","3.108","3.116","3.130","3.062","1.40%"
"08/20/2022","3.065","3.065","3.065","3.065","2.44%"
"08/19/2022","2.992","2.942","2.999","2.924","1.63%"
"08/18/2022","2.944","2.978","2.982","2.926","1.80%"
"08/17/2022","2.892","2.897","2.909","2.863","0.94%"
"08/16/2022","2.865","2.900","2.909","2.855","-3.76%"
"08/15/2022","2.977","3.030","3.040","2.973","-1.39%"
"08/13/2022","3.019","3.019","3.019","3.019","0.17%"
"08/12/2022","3.014","3.013","3.043","2.997","2.00%"
"08/11/2022","2.955","2.906","2.989","2.894","1.27%"
"08/10/2022","2.918","2.890","2.922","2.890","2.78%"
"08/09/2022","2.839","2.847","2.867","2.831","-1.25%"
"08/08/2022","2.875","2.916","2.927","2.865","-0.83%"
"08/07/2022","2.899","2.899","2.899","2.899","0.00%"
"08/06/2022","2.899","2.899","2.899","2.899","5.53%"
"08/05/2022","2.747","2.763","2.782","2.734","-0.65%"
"08/04/2022","2.765","2.712","2.770","2.704","2.45%"
"08/03/2022","2.699","2.727","2.749","2.671","4.41%"
"08/02/2022","2.585","2.611","2.628","2.570","-1.86%"
"08/01/2022","2.634","2.563","2.635","2.563","3.05%"
"07/30/2022","2.556","2.556","2.556","2.556","-0.08%"
"07/29/2022","2.558","2.579","2.598","2.527","-5.71%"
"07/28/2022","2.713","2.716","2.717","2.662","-3.42%"
"07/27/2022","2.809","2.923","2.953","2.800","-3.83%"
"07/26/2022","2.921","2.902","2.922","2.891","1.53%"
"07/25/2022","2.877","2.879","2.891","2.863","-3.20%"
"07/22/2022","2.972","2.945","2.989","2.932","-1.75%"
"07/21/2022","3.025","3.044","3.063","3.023","-0.56%"
"07/20/2022","3.042","3.057","3.069","3.024","2.22%"
"07/19/2022","2.976","2.938","2.994","2.921","3.91%"
"07/18/2022","2.864","2.869","2.876","2.851","1.78%"
"07/15/2022","2.814","2.824","2.843","2.810","-1.54%"
"07/14/2022","2.858","2.761","2.876","2.761","5.66%"
"07/13/2022","2.705","2.698","2.713","2.692","0.07%"
"07/12/2022","2.703","2.746","2.749","2.699","-4.49%"
"07/11/2022","2.830","2.828","2.848","2.818","0.89%"
"07/08/2022","2.805","2.813","2.834","2.797","1.37%"
"07/07/2022","2.767","2.766","2.776","2.720","2.03%"
"07/06/2022","2.712","2.702","2.742","2.680","-4.37%"
"07/05/2022","2.836","2.780","2.863","2.780","4.96%"
"07/04/2022","2.702","2.689","2.703","2.660","-1.92%"
"07/01/2022","2.755","2.825","2.846","2.746","-8.01%"
"06/30/2022","2.995","2.993","2.998","2.921","-3.45%"
"06/29/2022","3.102","3.115","3.122","3.087","0.94%"
"06/28/2022","3.073","3.171","3.171","3.047","0.23%"
"06/27/2022","3.066","3.033","3.068","3.031","1.96%"
"06/24/2022","3.007","3.162","3.207","2.962","-6.21%"
"06/23/2022","3.206","3.162","3.207","3.146","-2.85%"
"06/22/2022","3.300","3.374","3.388","3.274","-3.79%"
"06/21/2022","3.430","3.492","3.516","3.427","-0.44%"
"06/20/2022","3.445","3.465","3.486","3.427","-1.12%"
"06/18/2022","3.484","3.484","3.484","3.484","0.61%"
"06/17/2022","3.463","3.410","3.466","3.410","0.67%"
"06/16/2022","3.440","3.337","3.528","3.326","-0.32%"
"06/15/2022","3.451","3.369","3.456","3.358","4.73%"
"06/14/2022","3.295","3.275","3.333","3.273","1.26%"
"06/13/2022","3.254","3.048","3.265","3.047","9.93%"
"06/10/2022","2.960","2.949","2.970","2.940","1.44%"
"06/09/2022","2.918","2.926","2.942","2.915","-0.17%"
"06/08/2022","2.923","2.951","2.951","2.909","0.41%"
"06/07/2022","2.911","2.890","2.919","2.885","1.50%"
"06/06/2022","2.868","2.845","2.873","2.827","-0.62%"
"06/03/2022","2.886","2.898","2.927","2.886","0.98%"
"06/02/2022","2.858","2.838","2.877","2.836","2.73%"
"06/01/2022","2.782","2.726","2.800","2.724","1.98%"
"05/31/2022","2.728","2.665","2.732","2.662","3.69%"
"05/30/2022","2.631","2.656","2.667","2.629","-0.19%"
"05/28/2022","2.636","2.636","2.636","2.636","-0.90%"
"05/27/2022","2.660","2.634","2.667","2.634","1.06%"
"05/26/2022","2.632","2.609","2.644","2.605","-0.38%"
"05/25/2022","2.642","2.625","2.645","2.577","-3.54%"
"05/24/2022","2.739","2.741","2.751","2.731","1.00%"
"05/23/2022","2.712","2.678","2.713","2.672","0.15%"
"05/20/2022","2.708","2.711","2.721","2.696","-3.25%"
"05/19/2022","2.799","2.727","2.808","2.724","0.47%"
"05/18/2022","2.786","2.857","2.871","2.785","-0.75%"
"05/17/2022","2.807","2.747","2.809","2.745","2.67%"
"05/16/2022","2.734","2.739","2.749","2.712","-0.26%"
"05/14/2022","2.741","2.741","2.741","2.741","0.81%"
"05/13/2022","2.719","2.700","2.747","2.697","-4.63%"
"05/12/2022","2.851","2.866","2.867","2.819","0.21%"
"05/11/2022","2.845","2.857","2.861","2.837","-0.91%"
"05/10/2022","2.871","2.854","2.891","2.821","-2.55%"
"05/09/2022","2.946","2.964","2.980","2.922","5.93%"
"05/06/2022","2.781","2.798","2.837","2.781","1.13%"
"05/05/2022","2.750","2.727","2.762","2.695","-5.43%"
"05/04/2022","2.908","2.800","2.910","2.799","11.59%"
"05/03/2022","2.606","2.602","2.617","2.574","1.68%"
"05/02/2022","2.563","2.578","2.578","2.523","2.89%"
"04/29/2022","2.491","2.480","2.504","2.468","2.01%"
"04/28/2022","2.442","2.430","2.459","2.416","-0.49%"
"04/27/2022","2.454","2.296","2.456","2.290","3.76%"
"04/26/2022","2.365","2.317","2.367","2.304","1.90%"
"04/25/2022","2.321","2.415","2.440","2.285","-3.17%"
"04/23/2022","2.397","2.397","2.397","2.397","-0.25%"
"04/22/2022","2.403","2.328","2.422","2.308","8.00%"
"04/21/2022","2.225","2.209","2.228","2.186","0.63%"
"04/20/2022","2.211","2.215","2.231","2.185","3.56%"
"04/19/2022","2.135","2.145","2.175","2.131","4.15%"
"04/14/2022","2.050","2.064","2.137","2.040","-3.67%"
"04/13/2022","2.128","2.113","2.187","2.077","-2.07%"
"04/12/2022","2.173","2.144","2.183","2.111","0.79%"
"04/11/2022","2.156","2.175","2.185","2.111","-0.23%"
"04/08/2022","2.161","2.139","2.176","2.129","1.36%"
"04/07/2022","2.132","2.104","2.137","2.087","0.09%"
"04/06/2022","2.130","2.013","2.140","1.988","15.95%"
"04/05/2022","1.837","1.820","1.857","1.790","-1.08%"
"04/04/2022","1.857","1.910","1.915","1.847","0.54%"
"04/01/2022","1.847","1.848","1.912","1.805","3.07%"
"03/31/2022","1.792","1.850","1.850","1.760","-1.92%"
"03/30/2022","1.827","1.871","1.964","1.815","-3.13%"
"03/29/2022","1.886","1.792","1.891","1.777","7.89%"
"03/28/2022","1.748","1.696","1.763","1.671","3.68%"
"03/27/2022","1.686","1.696","1.736","1.671","9.77%"
"03/25/2022","1.536","1.548","1.565","1.495","5.35%"
"03/24/2022","1.458","1.527","1.555","1.447","-10.50%"
"03/23/2022","1.629","1.652","1.660","1.621","5.30%"
"03/22/2022","1.547","1.532","1.551","1.520","10.42%"
"03/21/2022","1.401","1.418","1.438","1.392","0.07%"
"03/20/2022","1.400","1.415","1.438","1.398","-1.06%"
"03/19/2022","1.415","1.405","1.415","1.405","0.78%"
"03/18/2022","1.404","1.397","1.426","1.375","3.62%"
"03/17/2022","1.355","1.363","1.385","1.341","3.75%"
"03/16/2022","1.306","1.325","1.354","1.297","-4.18%"
"03/15/2022","1.363","1.396","1.405","1.357","0.22%"
"03/14/2022","1.360","1.278","1.368","1.278","2.95%"
"03/13/2022","1.321","1.278","1.328","1.278","0.38%"
"03/11/2022","1.316","1.337","1.355","1.313","3.13%"
"03/10/2022","1.276","1.296","1.304","1.238","2.49%"
"03/09/2022","1.245","1.306","1.306","1.240","2.81%"
"03/08/2022","1.211","1.215","1.221","1.195","6.88%"
"03/07/2022","1.133","1.120","1.160","1.120","-1.39%"
"03/06/2022","1.149","1.126","1.149","1.120","2.04%"
"03/05/2022","1.126","1.126","1.126","1.126","1.44%"
"03/04/2022","1.110","1.136","1.157","1.035","0.45%"
"03/03/2022","1.105","1.125","1.157","1.078","4.74%"
"03/02/2022","1.055","1.010","1.067","0.999","-3.74%"
"03/01/2022","1.096","1.094","1.128","1.065","-4.20%"
"02/28/2022","1.144","1.245","1.251","1.117","0.26%"
"02/27/2022","1.141","1.245","1.251","1.135","-7.98%"
"02/26/2022","1.240","1.240","1.240","1.240","1.72%"
"02/25/2022","1.219","1.225","1.250","1.204","3.83%"
"02/24/2022","1.174","1.289","1.293","1.164","-5.55%"
"02/23/2022","1.243","1.250","1.272","1.223","4.72%"
"02/22/2022","1.187","1.152","1.198","1.129","-0.92%"
"02/21/2022","1.198","1.185","1.200","1.177","2.31%"
"02/19/2022","1.171","1.171","1.171","1.171","-2.98%"
"02/18/2022","1.207","1.177","1.207","1.155","-1.07%"
"02/17/2022","1.220","1.223","1.243","1.207","-1.93%"
"02/16/2022","1.244","1.254","1.270","1.242","3.58%"
"02/15/2022","1.201","1.183","1.210","1.183","4.16%"
"02/14/2022","1.153","1.117","1.162","1.095","3.69%"
"02/12/2022","1.112","1.112","1.112","1.112","-5.92%"
"02/11/2022","1.182","1.223","1.226","1.154","11.19%"
"02/10/2022","1.063","1.078","1.087","1.062","-1.39%"
"02/09/2022","1.078","1.091","1.107","1.062","0.56%"
"02/08/2022","1.072","1.022","1.081","1.005","6.45%"
"02/07/2022","1.007","1.049","1.087","1.003","-3.36%"
"02/06/2022","1.042","1.049","1.087","1.035","9.68%"
"02/04/2022","0.950","0.931","0.954","0.923","7.83%"
"02/03/2022","0.881","0.897","0.899","0.871","-2.65%"
"02/02/2022","0.905","0.931","0.932","0.892","2.14%"
"02/01/2022","0.886","0.927","0.936","0.886","-4.53%"
"01/31/2022","0.928","0.953","0.973","0.894","-0.11%"
"01/30/2022","0.929","0.953","0.973","0.920","-2.42%"
"01/29/2022","0.952","0.952","0.952","0.952","-1.04%"
"01/28/2022","0.962","0.996","1.009","0.959","-5.13%"
"01/27/2022","1.014","0.998","1.019","0.995","6.51%"
"01/26/2022","0.952","0.880","0.971","0.880","0.00%"
"01/25/2022","0.952","0.880","0.966","0.880","7.81%"
"01/24/2022","0.883","0.862","0.903","0.842","0.00%"
"01/23/2022","0.883","0.860","0.883","0.842","3.03%"
"01/22/2022","0.857","0.857","0.857","0.857","1.06%"
"01/21/2022","0.848","0.894","0.894","0.847","-6.50%"
"01/20/2022","0.907","0.854","0.925","0.853","3.19%"
"01/19/2022","0.879","0.865","0.889","0.851","4.27%"
"01/18/2022","0.843","0.805","0.851","0.795","7.39%"
"01/17/2022","0.785","0.767","0.795","0.763","0.64%"
"01/16/2022","0.780","0.767","0.789","0.763","2.90%"
"01/15/2022","0.758","0.758","0.758","0.758","43.56%"
"01/14/2022","0.528","0.507","0.548","0.503","4.76%"
"01/13/2022","0.504","0.469","0.513","0.468","8.62%"
"01/12/2022","0.464","0.467","0.473","0.437","-0.43%"
"01/11/2022","0.466","0.452","0.471","0.446","0.00%"
"01/10/2022","0.466","0.443","0.472","0.443","2.42%"
"01/09/2022","0.455","0.443","0.459","0.443","-1.52%"
"01/08/2022","0.462","0.462","0.462","0.462","1.09%"
"01/07/2022","0.457","0.465","0.474","0.451","-0.44%"
"01/06/2022","0.459","0.460","0.470","0.446","17.09%"
"01/05/2022","0.392","0.391","0.401","0.382","0.00%"
"01/04/2022","0.392","0.378","0.422","0.358","-6.22%"
"01/03/2022","0.418","0.378","0.421","0.358","9.71%"
"01/01/2022","0.381","0.381","0.381","0.381","2.14%"
"12/31/2021","0.373","0.348","0.377","0.345","10.03%"
"12/30/2021","0.339","0.364","0.367","0.325","3.35%"
"12/29/2021","0.328","0.343","0.343","0.310","-4.65%"
"12/24/2021","0.344","0.354","0.355","0.340","1.78%"
"12/23/2021","0.338","0.348","0.356","0.322","0.60%"
"12/22/2021","0.336","0.394","0.408","0.327","-11.58%"
"12/21/2021","0.380","0.392","0.394","0.364","-4.76%"
"12/20/2021","0.399","0.444","0.444","0.375","-0.99%"
"12/19/2021","0.403","0.427","0.442","0.398","-6.28%"
"12/18/2021","0.430","0.430","0.430","0.430","4.12%"
"12/17/2021","0.413","0.408","0.422","0.385","-2.59%"
"12/16/2021","0.424","0.395","0.468","0.358","12.17%"
"12/15/2021","0.378","0.386","0.388","0.358","7.39%"
"12/14/2021","0.352","0.310","0.360","0.310","-1.12%"
"12/13/2021","0.356","0.378","0.378","0.354","-2.47%"
"12/12/2021","0.365","0.378","0.378","0.354","-2.41%"
"12/11/2021","0.374","0.374","0.374","0.374","1.63%"
"12/10/2021","0.368","0.343","0.375","0.340","-1.08%"
"12/09/2021","0.372","0.367","0.383","0.352","-2.62%"
"12/08/2021","0.382","0.419","0.431","0.373","8.52%"
"12/07/2021","0.352","0.374","0.374","0.347","-0.56%"
"12/06/2021","0.354","0.375","0.386","0.347","-5.85%"
"12/05/2021","0.376","0.375","0.386","0.362","0.27%"
"12/04/2021","0.375","0.375","0.375","0.375","2.74%"
"12/03/2021","0.365","0.386","0.418","0.353","-1.35%"
"12/02/2021","0.370","0.366","0.400","0.352","0.82%"
"12/01/2021","0.367","0.375","0.390","0.352","5.16%"
"11/30/2021","0.349","0.355","0.364","0.331","2.35%"
"11/29/2021","0.341","0.334","0.375","0.294","-2.29%"
"11/28/2021","0.349","0.334","0.354","0.294","-8.16%"
"11/26/2021","0.380","0.421","0.421","0.367","-5.94%"
"11/25/2021","0.404","0.425","0.433","0.401","-2.42%"
"11/24/2021","0.414","0.447","0.452","0.401","-2.82%"
"11/23/2021","0.426","0.453","0.464","0.410","5.45%"
"11/22/2021","0.404","0.413","0.414","0.396","0.00%"
"11/21/2021","0.404","0.413","0.413","0.396","2.28%"
"11/20/2021","0.395","0.395","0.395","0.395","-1.50%"
"11/19/2021","0.401","0.426","0.433","0.398","-3.61%"
"11/18/2021","0.416","0.451","0.455","0.402","-9.76%"
"11/17/2021","0.461","0.499","0.503","0.430","-4.55%"
"11/16/2021","0.483","0.491","0.491","0.464","8.78%"
"11/15/2021","0.444","0.478","0.487","0.443","-8.26%"
"11/14/2021","0.484","0.460","0.484","0.444","1.68%"
"11/12/2021","0.476","0.491","0.501","0.469","1.93%"
"11/11/2021","0.467","0.510","0.510","0.443","15.88%"
"11/10/2021","0.403","0.395","0.418","0.390","1.26%"
"11/09/2021","0.398","0.425","0.431","0.373","-1.24%"
"11/08/2021","0.403","0.425","0.428","0.388","-2.42%"
"11/07/2021","0.413","0.425","0.428","0.408","-5.06%"
"11/05/2021","0.435","0.468","0.498","0.423","-9.94%"
"11/04/2021","0.483","0.485","0.513","0.463","-3.78%"
"11/03/2021","0.502","0.455","0.558","0.455","-12.70%"
"11/02/2021","0.575","0.558","0.598","0.553","-5.43%"
"11/01/2021","0.608","0.570","0.663","0.570","6.67%"
"10/31/2021","0.570","0.570","0.570","0.570","-8.51%"
"10/29/2021","0.623","0.513","0.643","0.348","31.71%"
"10/28/2021","0.473","0.243","0.525","0.218","143.81%"
"10/27/2021","0.194","0.178","0.214","0.153","34.72%"
"10/26/2021","0.144","0.123","0.158","0.120","6.67%"
"10/25/2021","0.135","0.123","0.148","0.111","0.00%"
"10/24/2021","0.135","0.119","0.136","0.111","13.45%"
"10/23/2021","0.119","0.119","0.119","0.119","-13.77%"
"10/22/2021","0.138","0.168","0.191","0.134","-17.86%"
"10/21/2021","0.168","0.128","0.173","0.125","18.31%"
"10/20/2021","0.142","0.114","0.161","0.113","-12.88%"
"10/19/2021","0.163","0.195","0.215","0.130","15.60%"
"10/18/2021","0.141","0.112","0.163","0.110","13.71%"
"10/17/2021","0.124","0.099","0.133","0.099","25.25%"
"10/16/2021","0.099","0.099","0.099","0.099","-10.00%"
"10/15/2021","0.110","0.099","0.118","0.098","0.92%"
"10/14/2021","0.109","0.101","0.115","0.101","3.81%"
"10/13/2021","0.105","0.105","0.110","0.098","5.00%"
"10/12/2021","0.100","0.114","0.114","0.096","1.01%"
"10/11/2021","0.099","0.099","0.107","0.088","10.00%"
"10/10/2021","0.090","0.084","0.107","0.084","7.14%"
"10/09/2021","0.084","0.084","0.084","0.084","-6.67%"
"10/08/2021","0.090","0.100","0.103","0.080","-5.26%"
"10/07/2021","0.095","0.089","0.103","0.088","9.20%"
"10/06/2021","0.087","0.083","0.095","0.074","19.18%"
"10/05/2021","0.073","0.050","0.075","0.048","52.08%"
"10/04/2021","0.048","0.040","0.048","0.040","20.00%"
"10/03/2021","0.040","0.020","0.054","0.020","-6.98%"
"10/02/2021","0.043","0.020","0.043","0.020","-6.52%"
"10/01/2021","0.046","0.040","0.051","0.040","2.22%"
"09/30/2021","0.045","0.033","0.048","0.031","4.65%"
"09/29/2021","0.043","0.031","0.043","0.030","34.37%"
"09/28/2021","0.032","0.030","0.036","0.024","-15.79%"
"09/27/2021","0.038","0.016","0.038","0.014","137.50%"
"09/26/2021","0.016","0.020","0.020","0.016","23.08%"
"09/25/2021","0.013","0.020","0.020","0.013","-35.00%"
"09/24/2021","0.020","0.041","0.041","0.018","0.00%"
"09/23/2021","0.020","0.024","0.025","0.014","11.11%"
"09/22/2021","0.018","0.021","0.024","0.015","-10.00%"
"09/21/2021","0.020","0.001","0.030","-0.001","-33.33%"
"09/20/2021","0.030","0.016","0.038","0.016","87.50%"
"09/19/2021","0.016","0.020","0.020","0.016","45.45%"
"09/18/2021","0.011","0.020","0.020","0.011","-47.62%"
"09/17/2021","0.021","0.029","0.029","0.016","0.00%"
"09/16/2021","0.021","0.026","0.026","0.018","-4.55%"
"09/15/2021","0.022","0.015","0.024","0.011","-21.43%"
"09/14/2021","0.028","0.020","0.034","0.011","40.00%"
"09/13/2021","0.020","0.015","0.027","0.006","33.33%"
"09/12/2021","0.015","0.020","0.020","0.015","36.36%"
"09/11/2021","0.011","0.020","0.020","0.011","-50.00%"
"09/10/2021","0.022","0.018","0.025","0.018","-4.35%"
"09/09/2021","0.023","0.018","0.026","0.018","4.55%"
"09/08/2021","0.022","0.026","0.032","0.020","-33.33%"
"09/07/2021","0.033","0.023","0.033","0.016","43.48%"
"09/06/2021","0.023","0.016","0.028","0.016","43.75%"
"09/05/2021","0.016","0.020","0.020","0.016","-27.27%"
"09/03/2021","0.022","0.024","0.026","0.015","-4.35%"
"09/02/2021","0.023","0.019","0.027","0.016","4.55%"
"09/01/2021","0.022","0.027","0.027","0.018","-8.33%"
"08/31/2021","0.024","0.025","0.029","0.016","-20.00%"
"08/30/2021","0.030","0.022","0.035","0.022","36.36%"
"08/29/2021","0.022","0.020","0.022","0.020","-8.33%"
"08/28/2021","0.024","0.020","0.024","0.020","-20.00%"
"08/27/2021","0.030","0.033","0.033","0.025","-6.25%"
"08/26/2021","0.032","0.037","0.044","0.027","3.23%"
"08/25/2021","0.031","0.031","0.033","0.023","29.17%"
"08/24/2021","0.024","0.027","0.033","0.021","0.00%"
"08/23/2021","0.024","0.020","0.029","0.020","20.00%"
"08/22/2021","0.020","0.020","0.020","0.020","0.00%"
"08/21/2021","0.020","0.038","0.038","0.020","-13.04%"
"08/20/2021","0.023","0.035","0.037","0.018","-37.84%"
"08/19/2021","0.037","0.042","0.044","0.035","-9.76%"
"08/18/2021","0.041","0.038","0.046","0.032","-12.77%"
"08/17/2021","0.047","0.047","0.053","0.044","11.90%"
"08/16/2021","0.042","0.032","0.051","0.032","31.25%"
"08/15/2021","0.032","0.020","0.032","0.020","-27.27%"
"08/14/2021","0.044","0.044","0.044","0.044","-16.98%"
"08/13/2021","0.053","0.054","0.058","0.048","0.00%"
"08/12/2021","0.053","0.046","0.058","0.043","-8.62%"
"08/11/2021","0.058","0.053","0.063","0.051","0.00%"
"08/10/2021","0.058","0.053","0.058","0.044","9.43%"
"08/09/2021","0.053","0.042","0.053","0.020","29.27%"
"08/07/2021","0.041","0.020","0.041","0.020","-12.77%"
"08/06/2021","0.047","0.042","0.050","0.037","34.29%"
"08/05/2021","0.035","0.030","0.035","0.027","0.00%"
"08/04/2021","0.035","0.031","0.040","0.029","9.37%"
"08/03/2021","0.032","0.026","0.032","0.021","14.29%"
"08/02/2021","0.028","0.024","0.038","0.017","-3.45%"
"07/31/2021","0.029","0.020","0.029","0.020","7.41%"
"07/30/2021","0.027","0.024","0.029","0.017","22.73%"
"07/29/2021","0.022","0.034","0.034","0.022","-33.33%"
"07/28/2021","0.033","0.034","0.045","0.031","-8.33%"
"07/27/2021","0.036","0.043","0.052","0.033","-21.74%"
"07/26/2021","0.046","0.024","0.046","0.024","91.67%"
"07/25/2021","0.024","0.020","0.024","0.020","-14.29%"
"07/24/2021","0.028","0.042","0.042","0.020","-26.32%"
"07/23/2021","0.038","0.038","0.043","0.033","-2.56%"
"07/22/2021","0.039","0.055","0.055","0.037","25.81%"
"07/21/2021","0.031","0.044","0.048","0.031","-43.64%"
"07/20/2021","0.055","0.029","0.059","0.021","10.00%"
"07/19/2021","0.050","0.032","0.054","0.032","56.25%"
"07/18/2021","0.032","0.020","0.032","0.020","-27.27%"
"07/17/2021","0.044","0.020","0.044","0.020","-8.33%"
"07/16/2021","0.048","0.053","0.056","0.047","0.00%"
"07/15/2021","0.048","0.038","0.058","0.027","-20.00%"
"07/14/2021","0.060","0.079","0.079","0.057","-7.69%"
"07/13/2021","0.065","0.062","0.070","0.057","0.00%"
"07/12/2021","0.065","0.066","0.068","0.056","3.17%"
"07/11/2021","0.063","0.063","0.063","0.063","0.00%"
"07/10/2021","0.063","0.063","0.063","0.063","-3.08%"
"07/09/2021","0.065","0.063","0.068","0.059","0.00%"
"07/08/2021","0.065","0.057","0.071","0.048","-15.58%"
"07/07/2021","0.077","0.058","0.078","0.052","-2.53%"
"07/06/2021","0.079","0.066","0.081","0.052","25.40%"
"07/05/2021","0.063","0.020","0.078","0.020","85.29%"
"07/04/2021","0.034","0.049","0.049","0.020","-30.61%"
"07/03/2021","0.049","0.020","0.049","0.020","-22.22%"
"07/02/2021","0.063","0.066","0.074","0.058","-1.56%"
"07/01/2021","0.064","0.075","0.077","0.063","-11.11%"
"06/30/2021","0.072","0.074","0.078","0.070","-1.37%"
"06/29/2021","0.073","0.075","0.082","0.071","-6.41%"
"06/28/2021","0.078","0.084","0.086","0.070","8.33%"
"06/27/2021","0.072","0.072","0.072","0.072","0.00%"
"06/26/2021","0.072","0.072","0.072","0.072","-6.49%"
"06/25/2021","0.077","0.080","0.090","0.073","-1.28%"
"06/24/2021","0.078","0.080","0.083","0.075","-2.50%"
"06/23/2021","0.080","0.081","0.092","0.078","-15.79%"
"06/22/2021","0.095","0.100","0.105","0.089","-2.06%"
"06/21/2021","0.097","0.041","0.099","0.041","136.59%"
"06/20/2021","0.041","0.020","0.041","0.020","-34.92%"
"06/19/2021","0.063","0.063","0.063","0.063","14.55%"
"06/18/2021","0.055","0.019","0.056","0.019","266.67%"
"06/17/2021","0.015","0.043","0.043","0.009","36.36%"
"06/16/2021","0.011","0.019","0.019","0.009","-26.67%"
"06/15/2021","0.015","0.009","0.015","-0.005","66.67%"
"06/14/2021","0.009","0.008","0.021","0.005","12.50%"
"06/13/2021","0.008","0.020","0.020","0.008","-300.00%"
"06/12/2021","-0.004","0.020","0.020","-0.004","-150.00%"
"06/11/2021","0.008","0.026","0.033","0.006","-69.23%"
"06/10/2021","0.026","0.043","0.050","0.023","-50.00%"
"06/09/2021","0.052","0.060","0.065","0.050","-18.75%"
"06/08/2021","0.064","0.065","0.066","0.061","8.47%"
"06/07/2021","0.059","0.035","0.068","0.035","68.57%"
"06/06/2021","0.035","0.020","0.035","0.020","-31.37%"
"06/05/2021","0.051","0.020","0.051","0.020","-16.39%"
"06/04/2021","0.061","0.053","0.063","0.050","-4.69%"
"06/03/2021","0.064","0.064","0.067","0.050","1.59%"
"06/02/2021","0.063","0.063","0.067","0.060","1.61%"
"06/01/2021","0.062","0.075","0.075","0.061","-10.14%"
"05/31/2021","0.069","0.072","0.085","0.064","11.29%"
"05/30/2021","0.062","0.062","0.062","0.062","0.00%"
"05/29/2021","0.062","0.062","0.062","0.062","-16.22%"
"05/28/2021","0.074","0.074","0.085","0.071","0.00%"
"05/27/2021","0.074","0.074","0.076","0.071","5.71%"
"05/26/2021","0.070","0.076","0.077","0.067","-12.50%"
"05/25/2021","0.080","0.081","0.083","0.074","0.00%"
"05/24/2021","0.080","0.080","0.083","0.073","5.26%"
"05/23/2021","0.076","0.076","0.076","0.076","0.00%"
"05/22/2021","0.076","0.076","0.076","0.076","-9.52%"
"05/21/2021","0.084","0.080","0.086","0.079","2.44%"
"05/20/2021","0.082","0.082","0.084","0.074","-1.20%"
"05/19/2021","0.083","0.086","0.089","0.080","-4.60%"
"05/18/2021","0.087","0.090","0.097","0.082","-1.14%"
"05/17/2021","0.088","0.086","0.095","0.086","10.00%"
"05/16/2021","0.080","0.080","0.080","0.080","0.00%"
"05/15/2021","0.080","0.080","0.080","0.080","-10.11%"
"05/14/2021","0.089","0.090","0.095","0.085","1.14%"
"05/13/2021","0.088","0.095","0.095","0.088","-1.12%"
"05/12/2021","0.089","0.094","0.095","0.086","2.30%"
"05/11/2021","0.087","0.091","0.091","0.084","-3.33%"
"05/10/2021","0.090","0.094","0.103","0.090","1.12%"
"05/09/2021","0.089","0.100","0.100","0.089","0.00%"
"05/08/2021","0.089","0.089","0.089","0.089","-8.25%"
"05/07/2021","0.097","0.098","0.102","0.078","0.00%"
"05/06/2021","0.097","0.095","0.102","0.092","-1.02%"
"05/05/2021","0.098","0.094","0.102","0.094","1.03%"
"05/04/2021","0.097","0.092","0.101","0.090","5.43%"
"05/03/2021","0.092","0.086","0.094","0.081","19.48%"
"05/02/2021","0.077","0.077","0.077","0.077","8.45%"
"05/01/2021","0.071","0.077","0.077","0.071","-21.11%"
"04/30/2021","0.090","0.087","0.095","0.084","1.12%"
"04/29/2021","0.089","0.087","0.092","0.081","-1.11%"
"04/28/2021","0.090","0.086","0.091","0.073","-5.26%"
"04/27/2021","0.095","0.082","0.100","0.078","9.20%"
"04/26/2021","0.087","0.085","0.093","0.071","22.54%"
"04/25/2021","0.071","0.065","0.071","0.065","0.00%"
"04/24/2021","0.071","0.065","0.071","0.065","-18.39%"
"04/23/2021","0.087","0.085","0.093","0.079","2.35%"
"04/22/2021","0.085","0.085","0.089","0.080","6.25%"
"04/21/2021","0.080","0.082","0.086","0.078","-8.05%"
"04/20/2021","0.087","0.086","0.091","0.080","3.57%"
"04/19/2021","0.084","0.088","0.095","0.081","9.09%"
"04/18/2021","0.077","0.071","0.077","0.071","8.45%"
"04/17/2021","0.071","0.077","0.077","0.071","-17.44%"
"04/16/2021","0.086","0.090","0.093","0.083","-1.15%"
"04/15/2021","0.087","0.091","0.092","0.082","0.00%"
"04/14/2021","0.087","0.083","0.092","0.083","-3.33%"
"04/13/2021","0.090","0.090","0.098","0.086","2.27%"
"04/12/2021","0.088","0.089","0.103","0.085","27.54%"
"04/11/2021","0.069","0.075","0.075","0.069","-8.00%"
"04/10/2021","0.075","0.069","0.075","0.069","-10.71%"
"04/09/2021","0.084","0.087","0.090","0.083","-3.45%"
"04/08/2021","0.087","0.090","0.091","0.085","-1.14%"
"04/07/2021","0.088","0.084","0.095","0.084","0.00%"
"04/06/2021","0.088","0.077","0.092","0.074","17.33%"
"04/05/2021","0.075","0.081","0.081","0.075","-7.41%"
"04/04/2021","0.081","0.075","0.081","0.075","0.00%"
"04/03/2021","0.081","0.075","0.081","0.075","0.00%"
"04/02/2021","0.081","0.085","0.090","0.070","-6.90%"
"04/01/2021","0.087","0.091","0.098","0.087","-2.25%"
"03/31/2021","0.089","0.084","0.096","0.080","2.30%"
"03/30/2021","0.087","0.093","0.093","0.082","6.10%"
"03/29/2021","0.082","0.093","0.093","0.079","15.49%"
"03/28/2021","0.071","0.077","0.093","0.069","-7.79%"
"03/27/2021","0.077","0.071","0.077","0.071","-8.33%"
"03/26/2021","0.084","0.092","0.092","0.082","-3.45%"
"03/25/2021","0.087","0.098","0.098","0.086","-7.45%"
"03/24/2021","0.094","0.089","0.102","0.089","-6.93%"
"03/23/2021","0.101","0.100","0.106","0.098","0.00%"
"03/22/2021","0.101","0.101","0.109","0.098","-4.72%"
"03/21/2021","0.106","0.097","0.109","0.086","9.28%"
"03/20/2021","0.097","0.097","0.097","0.097","-5.83%"
"03/19/2021","0.103","0.113","0.114","0.102","-1.90%"
"03/18/2021","0.105","0.101","0.114","0.095","9.37%"
"03/17/2021","0.096","0.105","0.113","0.096","-4.95%"
"03/16/2021","0.101","0.103","0.112","0.097","2.02%"
"03/15/2021","0.099","0.109","0.112","0.089","-1.98%"
"03/14/2021","0.101","0.096","0.112","0.087","12.22%"
"03/13/2021","0.090","0.090","0.090","0.090","-15.89%"
"03/12/2021","0.107","0.107","0.110","0.101","-1.83%"
"03/11/2021","0.109","0.106","0.121","0.105","-1.80%"
"03/10/2021","0.111","0.121","0.123","0.110","-5.13%"
"03/09/2021","0.117","0.147","0.150","0.116","-17.61%"
"03/08/2021","0.142","0.105","0.155","0.105","17.36%"
"03/07/2021","0.121","0.085","0.140","0.085","-3.20%"
"03/06/2021","0.125","0.125","0.125","0.125","-7.41%"
"03/05/2021","0.135","0.147","0.152","0.127","-4.93%"
"03/04/2021","0.142","0.143","0.148","0.126","14.52%"
"03/03/2021","0.124","0.123","0.136","0.116","-5.34%"
"03/02/2021","0.131","0.121","0.137","0.104","-1.50%"
"03/01/2021","0.133","0.111","0.138","0.111","20.91%"
"02/28/2021","0.110","0.111","0.128","0.098","-0.90%"
"02/27/2021","0.111","0.111","0.111","0.111","-12.60%"
"02/26/2021","0.127","0.175","0.183","0.117","7.63%"
"02/25/2021","0.118","0.136","0.150","0.118","-11.28%"
"02/24/2021","0.133","0.138","0.142","0.132","3.91%"
"02/23/2021","0.128","0.143","0.149","0.127","-4.48%"
"02/22/2021","0.134","0.158","0.158","0.125","6.35%"
"02/21/2021","0.126","0.138","0.158","0.120","2.44%"
"02/20/2021","0.123","0.123","0.123","0.123","-8.89%"
"02/19/2021","0.135","0.133","0.137","0.127","6.30%"
"02/18/2021","0.127","0.129","0.130","0.122","2.42%"
"02/17/2021","0.124","0.121","0.126","0.113","6.90%"
"02/16/2021","0.116","0.116","0.117","0.111","1.75%"
"02/15/2021","0.114","0.111","0.116","0.108","16.33%"
"02/14/2021","0.098","0.095","0.102","0.095","3.16%"
"02/13/2021","0.095","0.095","0.095","0.095","-13.64%"
"02/12/2021","0.110","0.110","0.118","0.108","0.92%"
"02/11/2021","0.109","0.109","0.117","0.109","-2.68%"
"02/10/2021","0.112","0.112","0.120","0.111","-1.75%"
"02/09/2021","0.114","0.115","0.123","0.114","-1.72%"
"02/08/2021","0.116","0.118","0.119","0.113","9.43%"
"02/07/2021","0.106","0.103","0.118","0.100","2.91%"
"02/06/2021","0.103","0.103","0.103","0.103","-14.17%"
"02/05/2021","0.120","0.121","0.130","0.118","-1.64%"
"02/04/2021","0.122","0.117","0.122","0.102","3.39%"
"02/03/2021","0.118","0.121","0.122","0.117","-3.28%"
"02/02/2021","0.122","0.120","0.125","0.115","3.39%"
"02/01/2021","0.118","0.120","0.120","0.118","12.92%"
"01/31/2021","0.105","0.104","0.120","0.104","0.48%"
"01/30/2021","0.104","0.104","0.104","0.104","-8.77%"
"01/29/2021","0.114","0.113","0.114","0.110","0.88%"
"01/28/2021","0.113","0.110","0.114","0.110","2.73%"
"01/27/2021","0.110","0.107","0.114","0.097","0.92%"
"01/26/2021","0.109","0.094","0.109","0.085","-2.68%"
"01/25/2021","0.112","0.104","0.123","0.104","0.00%"
"01/24/2021","0.112","0.104","0.112","0.097","14.29%"
"01/23/2021","0.098","0.098","0.098","0.098","-12.50%"
"01/22/2021","0.112","0.109","0.112","0.100","0.90%"
"01/21/2021","0.111","0.112","0.112","0.107","0.00%"
"01/20/2021","0.111","0.114","0.134","0.105","-0.89%"
"01/19/2021","0.112","0.111","0.118","0.109","-5.08%"
"01/18/2021","0.118","0.120","0.133","0.107","6.31%"
"01/17/2021","0.111","0.098","0.126","0.094","14.43%"
"01/16/2021","0.097","0.097","0.097","0.097","-12.61%"
"01/15/2021","0.111","0.107","0.115","0.106","-1.77%"
"01/14/2021","0.113","0.111","0.118","0.111","4.63%"
"01/13/2021","0.108","0.115","0.115","0.108","-5.26%"
"01/12/2021","0.114","0.113","0.117","0.112","0.88%"
"01/11/2021","0.113","0.120","0.122","0.109","16.49%"
"01/10/2021","0.097","0.099","0.119","0.096","-1.02%"
"01/09/2021","0.098","0.104","0.104","0.098","25.64%"
"01/08/2021","0.078","0.073","0.083","0.073","0.00%"
"01/07/2021","0.078","0.073","0.082","0.073","2.63%"
"01/06/2021","0.076","0.076","0.082","0.075","1.33%"
"01/05/2021","0.075","0.079","0.080","0.073","2.74%"
"01/04/2021","0.073","0.073","0.078","0.072","4.29%"
"01/03/2021","0.070","0.063","0.070","0.063","11.11%"
"01/02/2021","0.063","0.063","0.063","0.063","0.00%"
"01/01/2021","0.063","0.063","0.063","0.063","-14.86%"
"12/31/2020","0.074","0.077","0.080","0.074","-1.33%"
"12/30/2020","0.075","0.077","0.078","0.074","-7.41%"
"12/29/2020","0.081","0.083","0.085","0.080","10.96%"
"12/28/2020","0.073","0.076","0.076","0.073","-3.95%"
"12/27/2020","0.076","0.076","0.076","0.076","0.00%"
"12/26/2020","0.076","0.076","0.076","0.076","-11.63%"
"12/24/2020","0.086","0.091","0.097","0.084","-3.37%"
"12/23/2020","0.089","0.090","0.093","0.087","-4.30%"
"12/22/2020","0.093","0.092","0.095","0.092","-5.10%"
"12/21/2020","0.098","0.107","0.108","0.098","-11.71%"
"12/20/2020","0.111","0.111","0.111","0.111","6.73%"
"12/19/2020","0.104","0.104","0.104","0.104","-9.57%"
"12/18/2020","0.115","0.121","0.121","0.107","-2.54%"
"12/17/2020","0.118","0.116","0.125","0.112","8.26%"
"12/16/2020","0.109","0.103","0.137","0.102","4.81%"
"12/15/2020","0.104","0.106","0.111","0.100","2.97%"
"12/14/2020","0.101","0.091","0.103","0.087","3.06%"
"12/13/2020","0.098","0.092","0.098","0.087","7.69%"
"12/11/2020","0.091","0.093","0.103","0.090","-2.15%"
"12/10/2020","0.093","0.093","0.100","0.089","-7.00%"
"12/09/2020","0.100","0.094","0.122","0.094","-1.96%"
"12/08/2020","0.102","0.100","0.107","0.082","-3.77%"
"12/07/2020","0.106","0.104","0.126","0.093","-1.85%"
"12/06/2020","0.108","0.108","0.108","0.108","0.93%"
"12/04/2020","0.107","0.106","0.112","0.104","0.00%"
"12/03/2020","0.107","0.103","0.110","0.101","0.94%"
"12/02/2020","0.106","0.102","0.109","0.100","4.95%"
"12/01/2020","0.101","0.095","0.113","0.095","2.02%"
"11/30/2020","0.099","0.094","0.103","0.069","5.32%"
"11/29/2020","0.094","0.090","0.094","0.090","-4.08%"
"11/27/2020","0.098","0.096","0.100","0.095","-4.85%"
"11/26/2020","0.103","0.095","0.105","0.094","1.98%"
"11/25/2020","0.101","0.103","0.106","0.091","-0.98%"
"11/24/2020","0.102","0.097","0.104","0.097","-0.97%"
"11/23/2020","0.103","0.100","0.108","0.076","13.19%"
"11/22/2020","0.091","0.076","0.091","0.076","-11.65%"
"11/20/2020","0.103","0.101","0.107","0.101","-0.96%"
"11/19/2020","0.104","0.106","0.110","0.102","-0.95%"
"11/18/2020","0.105","0.101","0.108","0.098","-3.67%"
"11/17/2020","0.109","0.113","0.113","0.084","2.83%"
"11/16/2020","0.106","0.113","0.137","0.105","-5.36%"
"11/15/2020","0.112","0.113","0.113","0.112","2.75%"
"11/13/2020","0.109","0.104","0.112","0.102","-4.39%"
"11/12/2020","0.114","0.110","0.115","0.086","0.00%"
"11/11/2020","0.114","0.117","0.120","0.104","4.59%"
"11/10/2020","0.109","0.110","0.113","0.080","4.81%"
"11/09/2020","0.104","0.108","0.112","0.103","-4.59%"
"11/06/2020","0.109","0.113","0.140","0.106","2.83%"
"11/05/2020","0.106","0.104","0.107","0.096","-2.75%"
"11/04/2020","0.109","0.109","0.115","0.105","3.81%"
"11/03/2020","0.105","0.119","0.121","0.105","-14.63%"
"11/02/2020","0.123","0.120","0.124","0.107","3.36%"
"11/01/2020","0.119","0.119","0.119","0.119","-0.83%"
"10/30/2020","0.120","0.120","0.125","0.116","-4.00%"
"10/29/2020","0.125","0.117","0.126","0.116","4.17%"
"10/28/2020","0.120","0.118","0.142","0.113","0.00%"
"10/27/2020","0.120","0.118","0.125","0.113","-2.44%"
"10/26/2020","0.123","0.137","0.164","0.101","21.78%"
"10/25/2020","0.101","0.137","0.137","0.101","-26.28%"
"10/24/2020","0.137","0.137","0.137","0.137","3.79%"
"10/23/2020","0.132","0.131","0.138","0.131","-2.22%"
"10/22/2020","0.135","0.132","0.145","0.115","-1.46%"
"10/21/2020","0.137","0.137","0.140","0.108","-0.72%"
"10/20/2020","0.138","0.153","0.157","0.128","-9.80%"
"10/19/2020","0.153","0.146","0.156","0.131","6.25%"
"10/18/2020","0.144","0.146","0.146","0.144","-2.04%"
"10/16/2020","0.147","0.147","0.151","0.137","-1.34%"
"10/15/2020","0.149","0.163","0.170","0.133","-6.87%"
"10/14/2020","0.160","0.155","0.160","0.153","4.58%"
"10/13/2020","0.153","0.152","0.158","0.137","-1.92%"
"10/12/2020","0.156","0.156","0.159","0.155","0.65%"
"10/10/2020","0.155","0.155","0.155","0.155","-1.27%"
"10/09/2020","0.157","0.152","0.172","0.145","-0.63%"
"10/08/2020","0.158","0.156","0.164","0.151","1.94%"
"10/07/2020","0.155","0.148","0.168","0.135","-21.72%"
"10/06/2020","0.198","0.196","0.203","0.162","1.54%"
"10/05/2020","0.195","0.191","0.222","0.189","1.56%"
"10/04/2020","0.192","0.190","0.192","0.190","0.52%"
"10/03/2020","0.191","0.191","0.191","0.191","7.30%"
"10/02/2020","0.178","0.180","0.182","0.155","-6.81%"
"10/01/2020","0.191","0.186","0.194","0.163","3.80%"
"09/30/2020","0.184","0.178","0.187","0.163","3.37%"
"09/29/2020","0.178","0.168","0.197","0.148","1.71%"
"09/28/2020","0.175","0.167","0.177","0.150","-2.23%"
"09/25/2020","0.179","0.167","0.193","0.164","2.87%"
"09/24/2020","0.174","0.180","0.196","0.150","1.16%"
"09/23/2020","0.172","0.216","0.227","0.163","-24.23%"
"09/22/2020","0.227","0.217","0.233","0.216","0.89%"
"09/21/2020","0.225","0.223","0.228","0.221","1.35%"
"09/19/2020","0.222","0.222","0.222","0.222","-3.90%"
"09/18/2020","0.231","0.225","0.237","0.224","2.67%"
"09/17/2020","0.225","0.235","0.245","0.224","-2.60%"
"09/16/2020","0.231","0.229","0.237","0.224","-4.94%"
"09/15/2020","0.243","0.242","0.267","0.217","-1.62%"
"09/14/2020","0.247","0.257","0.268","0.235","4.22%"
"09/11/2020","0.237","0.238","0.240","0.237","-2.07%"
"09/10/2020","0.242","0.261","0.263","0.226","-7.63%"
"09/09/2020","0.262","0.259","0.279","0.246","-1.50%"
"09/08/2020","0.266","0.265","0.270","0.245","0.38%"
"09/07/2020","0.265","0.262","0.270","0.237","-1.85%"
"09/05/2020","0.270","0.270","0.270","0.270","3.05%"
"09/04/2020","0.262","0.257","0.262","0.244","-0.38%"
"09/03/2020","0.263","0.260","0.263","0.258","-1.13%"
"09/02/2020","0.266","0.261","0.282","0.260","-1.12%"
"09/01/2020","0.269","0.266","0.273","0.242","-0.37%"
"08/31/2020","0.270","0.273","0.275","0.269","0.37%"
"08/28/2020","0.269","0.268","0.275","0.267","2.28%"
"08/27/2020","0.263","0.267","0.278","0.250","-2.23%"
"08/26/2020","0.269","0.273","0.273","0.244","-0.37%"
"08/25/2020","0.270","0.285","0.285","0.270","-3.91%"
"08/24/2020","0.281","0.283","0.286","0.254","-0.35%"
"08/21/2020","0.282","0.282","0.301","0.281","-0.35%"
"08/20/2020","0.283","0.288","0.301","0.271","-1.05%"
"08/19/2020","0.286","0.287","0.290","0.265","-0.35%"
"08/18/2020","0.287","0.285","0.291","0.264","-0.35%"
"08/17/2020","0.288","0.283","0.291","0.269","2.49%"
"08/14/2020","0.281","0.283","0.286","0.278","1.44%"
"08/13/2020","0.277","0.280","0.283","0.275","-1.42%"
"08/12/2020","0.281","0.274","0.285","0.274","-1.40%"
"08/11/2020","0.285","0.268","0.287","0.268","2.15%"
"08/10/2020","0.279","0.268","0.283","0.268","0.36%"
"08/07/2020","0.278","0.268","0.282","0.246","1.09%"
"08/06/2020","0.275","0.270","0.277","0.259","-1.08%"
"08/05/2020","0.278","0.267","0.278","0.253","4.12%"
"08/04/2020","0.267","0.273","0.293","0.257","-4.64%"
"08/03/2020","0.280","0.271","0.297","0.271","9.80%"
"08/02/2020","0.255","0.255","0.255","0.255","-7.94%"
"07/31/2020","0.277","0.278","0.288","0.252","-3.48%"
"07/30/2020","0.287","0.279","0.289","0.275","3.24%"
"07/29/2020","0.278","0.278","0.285","0.270","-1.77%"
"07/28/2020","0.283","0.282","0.298","0.258","-3.08%"
"07/27/2020","0.292","0.273","0.293","0.263","1.74%"
"07/26/2020","0.287","0.286","0.287","0.286","0.00%"
"07/25/2020","0.287","0.286","0.287","0.286","-0.35%"
"07/24/2020","0.288","0.278","0.292","0.259","-0.69%"
"07/23/2020","0.290","0.291","0.292","0.259","0.69%"
"07/22/2020","0.288","0.285","0.290","0.263","1.05%"
"07/21/2020","0.285","0.283","0.290","0.277","0.00%"
"07/20/2020","0.285","0.285","0.286","0.279","0.35%"
"07/19/2020","0.284","0.284","0.284","0.284","0.00%"
"07/18/2020","0.284","0.284","0.284","0.284","1.07%"
"07/17/2020","0.281","0.279","0.289","0.273","-0.35%"
"07/16/2020","0.282","0.284","0.288","0.269","3.68%"
"07/15/2020","0.272","0.271","0.288","0.267","0.00%"
"07/14/2020","0.272","0.271","0.280","0.266","0.00%"
"07/13/2020","0.272","0.260","0.282","0.260","0.37%"
"07/11/2020","0.271","0.271","0.271","0.271","-0.37%"
"07/10/2020","0.272","0.262","0.276","0.261","-0.73%"
"07/09/2020","0.274","0.268","0.280","0.249","0.00%"
"07/08/2020","0.274","0.263","0.274","0.255","0.74%"
"07/07/2020","0.272","0.267","0.272","0.237","0.74%"
"07/06/2020","0.270","0.263","0.274","0.242","10.20%"
"07/05/2020","0.245","0.245","0.245","0.245","-2.58%"
"07/04/2020","0.252","0.252","0.252","0.252","-5.81%"
"07/03/2020","0.267","0.264","0.270","0.264","-1.11%"
"07/02/2020","0.270","0.268","0.282","0.266","-0.37%"
"07/01/2020","0.271","0.267","0.273","0.255","-0.37%"
"06/30/2020","0.272","0.263","0.284","0.262","3.42%"
"06/29/2020","0.263","0.260","0.265","0.258","11.91%"
"06/28/2020","0.235","0.235","0.235","0.235","-5.43%"
"06/27/2020","0.249","0.249","0.249","0.249","-6.58%"
"06/26/2020","0.266","0.265","0.267","0.264","-2.92%"
"06/25/2020","0.274","0.266","0.274","0.261","0.37%"
"06/24/2020","0.273","0.277","0.283","0.269","-2.50%"
"06/23/2020","0.280","0.280","0.286","0.262","-1.75%"
"06/22/2020","0.285","0.273","0.285","0.273","11.76%"
"06/21/2020","0.255","0.255","0.255","0.255","-2.86%"
"06/20/2020","0.262","0.262","0.262","0.262","-4.20%"
"06/19/2020","0.274","0.279","0.281","0.267","0.37%"
"06/18/2020","0.273","0.287","0.287","0.268","-1.09%"
"06/17/2020","0.276","0.287","0.287","0.268","-2.82%"
"06/16/2020","0.284","0.285","0.291","0.275","0.00%"
"06/15/2020","0.284","0.291","0.291","0.278","7.17%"
"06/14/2020","0.265","0.272","0.272","0.265","-2.57%"
"06/13/2020","0.272","0.272","0.272","0.272","-4.90%"
"06/12/2020","0.286","0.295","0.297","0.276","-2.72%"
"06/11/2020","0.294","0.300","0.307","0.286","-2.00%"
"06/10/2020","0.300","0.307","0.309","0.271","0.00%"
"06/09/2020","0.300","0.304","0.310","0.292","5.63%"
"06/08/2020","0.284","0.291","0.291","0.278","4.22%"
"06/07/2020","0.273","0.285","0.285","0.273","-6.36%"
"06/06/2020","0.291","0.285","0.291","0.285","-0.68%"
"06/05/2020","0.293","0.315","0.315","0.291","-1.01%"
"06/04/2020","0.296","0.310","0.312","0.284","1.37%"
"06/03/2020","0.292","0.303","0.317","0.278","0.69%"
"06/02/2020","0.290","0.296","0.300","0.237","0.69%"
"06/01/2020","0.288","0.303","0.331","0.274","6.67%"
"05/31/2020","0.270","0.250","0.270","0.250","0.75%"
"05/30/2020","0.268","0.268","0.268","0.268","-4.63%"
"05/29/2020","0.281","0.286","0.325","0.269","2.93%"
"05/28/2020","0.273","0.286","0.317","0.228","0.37%"
"05/27/2020","0.272","0.284","0.284","0.221","-0.73%"
"05/26/2020","0.274","0.287","0.287","0.249","2.24%"
"05/25/2020","0.268","0.288","0.318","0.267","-1.47%"
"05/24/2020","0.272","0.260","0.272","0.250","1.30%"
"05/23/2020","0.269","0.260","0.269","0.260","-3.76%"
"05/22/2020","0.279","0.285","0.287","0.269","0.36%"
"05/21/2020","0.278","0.277","0.293","0.271","-2.80%"
"05/20/2020","0.286","0.281","0.294","0.238","3.25%"
"05/19/2020","0.277","0.293","0.319","0.268","2.59%"
"05/18/2020","0.270","0.258","0.286","0.258","6.30%"
"05/17/2020","0.254","0.255","0.255","0.254","-0.78%"
"05/16/2020","0.256","0.256","0.256","0.256","-6.23%"
"05/15/2020","0.273","0.276","0.283","0.229","-0.36%"
"05/14/2020","0.274","0.263","0.302","0.247","2.24%"
"05/13/2020","0.268","0.263","0.268","0.243","7.20%"
"05/12/2020","0.250","0.243","0.258","0.190","6.38%"
"05/11/2020","0.235","0.225","0.245","0.225","3.07%"
"05/10/2020","0.228","0.226","0.228","0.208","0.88%"
"05/09/2020","0.226","0.226","0.226","0.226","-4.64%"
"05/08/2020","0.237","0.249","0.264","0.195","2.16%"
"05/07/2020","0.232","0.258","0.258","0.232","-5.31%"
"05/06/2020","0.245","0.249","0.253","0.226","1.66%"
"05/05/2020","0.241","0.245","0.250","0.208","0.42%"
"05/04/2020","0.240","0.245","0.273","0.216","5.26%"
"05/03/2020","0.228","0.225","0.228","0.195","1.33%"
"05/02/2020","0.225","0.225","0.225","0.225","1.35%"
"05/01/2020","0.222","0.244","0.245","0.186","-6.72%"
"04/30/2020","0.238","0.244","0.290","0.221","-1.65%"
"04/29/2020","0.242","0.240","0.251","0.200","2.98%"
"04/28/2020","0.235","0.243","0.243","0.205","2.62%"
"04/27/2020","0.229","0.244","0.246","0.224","0.00%"
"04/26/2020","0.229","0.225","0.229","0.213","1.78%"
"04/25/2020","0.225","0.213","0.225","0.213","-2.60%"
"04/24/2020","0.231","0.241","0.243","0.213","1.32%"
"04/23/2020","0.228","0.240","0.240","0.210","1.33%"
"04/22/2020","0.225","0.236","0.236","0.210","0.00%"
"04/21/2020","0.225","0.230","0.275","0.211","4.17%"
"04/20/2020","0.216","0.229","0.242","0.215","5.88%"
"04/19/2020","0.204","0.209","0.209","0.204","-2.39%"
"04/18/2020","0.209","0.209","0.209","0.209","-9.52%"
"04/17/2020","0.231","0.224","0.233","0.218","2.67%"
"04/16/2020","0.225","0.233","0.258","0.213","-4.66%"
"04/15/2020","0.236","0.243","0.276","0.218","0.00%"
"04/14/2020","0.236","0.240","0.244","0.224","10.02%"
"04/13/2020","0.214","0.226","0.226","0.214","-7.94%"
"04/09/2020","0.233","0.241","0.244","0.216","1.75%"
"04/08/2020","0.229","0.238","0.245","0.169","0.00%"
"04/07/2020","0.229","0.243","0.250","0.206","1.78%"
"04/06/2020","0.225","0.240","0.277","0.215","2.27%"
"04/05/2020","0.220","0.220","0.220","0.220","0.00%"
"04/04/2020","0.220","0.220","0.220","0.220","-4.35%"
"04/03/2020","0.230","0.246","0.249","0.230","-3.36%"
"04/02/2020","0.238","0.258","0.258","0.213","7.69%"
"04/01/2020","0.221","0.253","0.258","0.211","-11.95%"
"03/31/2020","0.251","0.288","0.291","0.240","-1.18%"
"03/30/2020","0.254","0.275","0.275","0.245","8.09%"
"03/29/2020","0.235","0.244","0.245","0.235","-3.69%"
"03/28/2020","0.244","0.244","0.244","0.244","-7.58%"
"03/27/2020","0.264","0.282","0.283","0.247","-1.12%"
"03/26/2020","0.267","0.316","0.319","0.263","-4.30%"
"03/25/2020","0.279","0.326","0.347","0.271","-5.74%"
"03/24/2020","0.296","0.320","0.340","0.287","0.68%"
"03/23/2020","0.294","0.298","0.315","0.272","5.95%"
"03/22/2020","0.278","0.279","0.287","0.255","-0.54%"
"03/21/2020","0.279","0.279","0.279","0.279","-9.42%"
"03/20/2020","0.308","0.337","0.338","0.307","-45.39%"
"03/19/2020","0.564","0.530","0.590","0.530","6.82%"
"03/18/2020","0.528","0.565","0.575","0.518","-3.65%"
"03/17/2020","0.548","0.568","0.592","0.538","8.09%"
"03/16/2020","0.507","0.627","0.627","0.451","10.46%"
"03/15/2020","0.459","0.615","0.615","0.445","-25.43%"
"03/14/2020","0.615","0.615","0.615","0.615","11.91%"
"03/13/2020","0.550","0.460","0.550","0.441","23.87%"
"03/12/2020","0.444","0.463","0.476","0.411","3.02%"
"03/11/2020","0.431","0.525","0.535","0.431","-5.69%"
"03/10/2020","0.457","0.447","0.475","0.434","10.92%"
"03/09/2020","0.412","0.390","0.433","0.370","7.15%"
"03/08/2020","0.384","0.421","0.421","0.380","-8.89%"
"03/07/2020","0.422","0.422","0.422","0.422","9.90%"
"03/06/2020","0.384","0.410","0.416","0.381","-8.79%"
"03/05/2020","0.421","0.417","0.446","0.417","7.12%"
"03/04/2020","0.393","0.441","0.447","0.379","-17.26%"
"03/03/2020","0.475","0.475","0.516","0.436","5.32%"
"03/02/2020","0.451","0.402","0.471","0.365","18.53%"
"03/01/2020","0.380","0.382","0.440","0.345","-0.39%"
"02/29/2020","0.382","0.382","0.382","0.382","-32.86%"
"02/28/2020","0.569","0.607","0.607","0.559","-7.63%"
"02/27/2020","0.616","0.643","0.645","0.606","-6.67%"
"02/26/2020","0.660","0.657","0.662","0.641","-0.30%"
"02/25/2020","0.662","0.641","0.665","0.629","0.91%"
"02/24/2020","0.656","0.657","0.664","0.616","4.04%"
"02/23/2020","0.631","0.641","0.654","0.609","-7.96%"
"02/21/2020","0.685","0.690","0.693","0.674","-1.72%"
"02/20/2020","0.697","0.755","0.765","0.697","-6.82%"
"02/19/2020","0.748","0.748","0.754","0.741","-0.40%"
"02/18/2020","0.751","0.766","0.775","0.746","-2.21%"
"02/17/2020","0.768","0.755","0.769","0.753","1.86%"
"02/16/2020","0.754","0.748","0.758","0.747","0.80%"
"02/15/2020","0.748","0.761","0.761","0.747","-2.86%"
"02/14/2020","0.770","0.768","0.775","0.758","-0.26%"
"02/13/2020","0.772","0.802","0.813","0.771","-0.64%"
"02/12/2020","0.777","0.750","0.781","0.750","3.32%"
"02/11/2020","0.752","0.724","0.753","0.722","1.62%"
"02/10/2020","0.740","0.738","0.747","0.699","4.45%"
"02/09/2020","0.709","0.720","0.733","0.700","-1.67%"
"02/08/2020","0.720","0.720","0.720","0.720","-5.94%"
"02/07/2020","0.766","0.776","0.789","0.750","-3.40%"
"02/06/2020","0.793","0.768","0.800","0.749","6.73%"
"02/05/2020","0.743","0.708","0.760","0.685","15.55%"
"02/04/2020","0.643","0.622","0.643","0.608","2.88%"
"02/03/2020","0.625","0.634","0.640","0.594","5.13%"
"02/02/2020","0.595","0.609","0.633","0.589","-2.38%"
"02/01/2020","0.609","0.609","0.609","0.609","-7.59%"
"01/31/2020","0.659","0.657","0.675","0.653","-1.35%"
"01/30/2020","0.668","0.683","0.685","0.659","-6.57%"
"01/29/2020","0.715","0.674","0.720","0.674","6.88%"
"01/28/2020","0.669","0.675","0.689","0.661","-1.62%"
"01/27/2020","0.680","0.734","0.734","0.660","-8.23%"
"01/26/2020","0.741","0.734","0.741","0.734","0.95%"
"01/25/2020","0.734","0.734","0.734","0.734","-1.21%"
"01/24/2020","0.743","0.747","0.761","0.741","-2.62%"
"01/23/2020","0.763","0.730","0.767","0.717","4.52%"
"01/22/2020","0.730","0.743","0.753","0.713","-4.45%"
"01/21/2020","0.764","0.768","0.784","0.750","-0.39%"
"01/20/2020","0.767","0.768","0.780","0.758","-1.10%"
"01/19/2020","0.775","0.765","0.777","0.755","1.31%"
"01/18/2020","0.766","0.766","0.766","0.766","-2.23%"
"01/17/2020","0.783","0.784","0.796","0.782","-0.38%"
"01/16/2020","0.786","0.789","0.799","0.778","-1.75%"
"01/15/2020","0.800","0.818","0.821","0.799","-2.44%"
"01/14/2020","0.820","0.814","0.825","0.811","2.37%"
"01/13/2020","0.801","0.809","0.811","0.794","0.06%"
"01/12/2020","0.800","0.801","0.808","0.795","-0.06%"
"01/11/2020","0.801","0.801","0.801","0.801","-1.60%"
"01/10/2020","0.814","0.803","0.822","0.799","1.75%"
"01/09/2020","0.800","0.817","0.818","0.796","3.23%"
"01/08/2020","0.775","0.798","0.798","0.758","-3.13%"
"01/07/2020","0.800","0.804","0.814","0.786","-0.50%"
"01/06/2020","0.804","0.821","0.839","0.789","0.63%"
"01/05/2020","0.799","0.813","0.836","0.797","-1.72%"
"01/04/2020","0.813","0.813","0.813","0.813","-2.28%"
"01/03/2020","0.832","0.868","0.879","0.824","-9.07%"
"01/02/2020","0.915","0.919","0.931","0.912","-0.97%"
"01/01/2020","0.924","0.920","0.927","0.916","-0.86%"
"12/31/2019","0.932","0.948","0.952","0.931","3.10%"
"12/30/2019","0.904","0.914","0.921","0.879","0.17%"
"12/29/2019","0.902","0.918","0.918","0.902","-1.63%"
"12/28/2019","0.918","0.918","0.918","0.918","0.94%"
"12/27/2019","0.909","0.904","0.920","0.901","1.06%"
"12/26/2019","0.900","0.890","0.915","0.890","0.06%"
"12/25/2019","0.899","0.899","0.899","0.899","-1.10%"
"12/24/2019","0.909","0.920","0.928","0.907","3.53%"
"12/23/2019","0.878","0.887","0.908","0.877","-0.68%"
"12/22/2019","0.884","0.892","0.905","0.882","-0.95%"
"12/21/2019","0.892","0.892","0.892","0.892","-0.28%"
"12/20/2019","0.895","0.850","0.903","0.847","6.80%"
"12/19/2019","0.838","0.818","0.850","0.796","8.55%"
"12/18/2019","0.772","0.752","0.774","0.749","1.98%"
"12/17/2019","0.757","0.827","0.859","0.748","-2.57%"
"12/16/2019","0.777","0.769","0.817","0.753","-1.08%"
"12/15/2019","0.785","0.767","0.814","0.750","2.35%"
"12/14/2019","0.767","0.767","0.767","0.767","-9.71%"
"12/13/2019","0.850","0.796","0.860","0.796","10.25%"
"12/12/2019","0.771","0.765","0.771","0.753","3.35%"
"12/11/2019","0.746","0.737","0.751","0.734","0.27%"
"12/10/2019","0.744","0.742","0.763","0.710","-2.11%"
"12/09/2019","0.760","0.740","0.765","0.730","2.49%"
"12/08/2019","0.742","0.746","0.748","0.728","-0.54%"
"12/07/2019","0.746","0.746","0.746","0.746","-1.39%"
"12/06/2019","0.756","0.743","0.756","0.740","2.58%"
"12/05/2019","0.737","0.760","0.760","0.726","-0.67%"
"12/04/2019","0.742","0.754","0.762","0.731","-1.85%"
"12/03/2019","0.756","0.764","0.764","0.731","5.59%"
"12/02/2019","0.716","0.709","0.718","0.692","2.14%"
"12/01/2019","0.701","0.716","0.716","0.687","-2.09%"
"11/30/2019","0.716","0.716","0.716","0.716","4.99%"
"11/29/2019","0.682","0.682","0.686","0.658","0.89%"
"11/28/2019","0.676","0.710","0.713","0.660","-7.52%"
"11/27/2019","0.731","0.774","0.774","0.728","-6.28%"
"11/26/2019","0.780","0.784","0.795","0.772","0.00%"
"11/25/2019","0.780","0.788","0.795","0.778","-0.57%"
"11/24/2019","0.785","0.787","0.787","0.774","-0.32%"
"11/23/2019","0.787","0.787","0.787","0.787","-0.76%"
"11/22/2019","0.793","0.794","0.809","0.783","1.15%"
"11/21/2019","0.784","0.780","0.798","0.766","-0.25%"
"11/20/2019","0.786","0.792","0.800","0.777","0.26%"
"11/19/2019","0.784","0.811","0.813","0.766","-2.61%"
"11/18/2019","0.805","0.810","0.813","0.795","0.19%"
"11/17/2019","0.803","0.805","0.809","0.794","-0.19%"
"11/16/2019","0.805","0.805","0.805","0.805","-0.12%"
"11/15/2019","0.806","0.789","0.809","0.773","0.88%"
"11/14/2019","0.799","0.842","0.856","0.790","-7.84%"
"11/13/2019","0.867","0.853","0.868","0.825","0.35%"
"11/12/2019","0.864","0.880","0.889","0.864","-0.80%"
"11/11/2019","0.871","0.901","0.930","0.870","-3.01%"
"11/10/2019","0.898","0.900","0.927","0.896","-0.28%"
"11/09/2019","0.900","0.900","0.900","0.900","1.07%"
"11/08/2019","0.891","0.935","0.941","0.881","2.53%"
"11/07/2019","0.869","0.895","0.918","0.868","-3.55%"
"11/06/2019","0.901","0.905","0.923","0.888","1.92%"
"11/05/2019","0.884","0.875","0.890","0.873","3.03%"
"11/04/2019","0.858","0.878","0.883","0.854","-0.69%"
"11/03/2019","0.864","0.870","0.878","0.864","-0.75%"
"11/02/2019","0.871","0.871","0.871","0.871","4.38%"
"11/01/2019","0.834","0.837","0.839","0.820","-1.88%"
"10/31/2019","0.850","0.812","0.850","0.795","3.91%"
"10/30/2019","0.818","0.835","0.835","0.810","0.49%"
"10/29/2019","0.814","0.823","0.825","0.797","3.17%"
"10/28/2019","0.789","0.768","0.793","0.766","2.67%"
"10/27/2019","0.768","0.775","0.775","0.761","1.65%"
"10/25/2019","0.756","0.759","0.759","0.737","-2.07%"
"10/24/2019","0.772","0.766","0.776","0.762","-0.13%"
"10/23/2019","0.773","0.792","0.811","0.768","-4.09%"
"10/22/2019","0.806","0.813","0.823","0.798","1.13%"
"10/21/2019","0.797","0.811","0.834","0.774","0.63%"
"10/20/2019","0.792","0.803","0.826","0.774","-1.31%"
"10/19/2019","0.803","0.803","0.803","0.803","3.02%"
"10/18/2019","0.779","0.781","0.808","0.776","5.13%"
"10/17/2019","0.741","0.727","0.748","0.715","3.35%"
"10/16/2019","0.717","0.740","0.778","0.704","2.72%"
"10/15/2019","0.698","0.712","0.721","0.693","-3.19%"
"10/14/2019","0.721","0.764","0.766","0.709","-2.83%"
"10/13/2019","0.742","0.764","0.766","0.732","-2.88%"
"10/12/2019","0.764","0.764","0.764","0.764","8.52%"
"10/11/2019","0.704","0.706","0.709","0.678","10.52%"
"10/10/2019","0.637","0.641","0.656","0.620","-0.78%"
"10/09/2019","0.642","0.633","0.644","0.629","0.94%"
"10/08/2019","0.636","0.618","0.636","0.610","3.08%"
"10/07/2019","0.617","0.642","0.646","0.608","-0.80%"
"10/06/2019","0.622","0.655","0.655","0.622","-5.04%"
"10/05/2019","0.655","0.655","0.655","0.655","4.63%"
"10/04/2019","0.626","0.634","0.640","0.613","-4.28%"
"10/03/2019","0.654","0.660","0.663","0.644","-2.24%"
"10/02/2019","0.669","0.675","0.675","0.652","-11.97%"
"10/01/2019","0.760","0.768","0.779","0.760","2.98%"
"09/30/2019","0.738","0.740","0.746","0.731","-0.81%"
"09/29/2019","0.744","0.745","0.745","0.740","-0.13%"
"09/28/2019","0.745","0.745","0.745","0.745","0.68%"
"09/27/2019","0.740","0.738","0.741","0.730","-1.07%"
"09/26/2019","0.748","0.755","0.776","0.739","0.81%"
"09/25/2019","0.742","0.740","0.762","0.727","-1.20%"
"09/24/2019","0.751","0.757","0.762","0.740","-0.13%"
"09/23/2019","0.752","0.748","0.767","0.748","-0.53%"
"09/22/2019","0.756","0.758","0.758","0.756","-0.26%"
"09/21/2019","0.758","0.758","0.758","0.758","-2.70%"
"09/20/2019","0.779","0.796","0.814","0.762","-1.52%"
"09/19/2019","0.791","0.867","0.890","0.791","-9.18%"
"09/18/2019","0.871","0.869","0.879","0.857","-1.25%"
"09/17/2019","0.882","0.911","0.915","0.873","-4.55%"
"09/16/2019","0.924","0.965","0.986","0.915","-4.45%"
"09/15/2019","0.967","0.967","0.967","0.967","0.00%"
"09/14/2019","0.967","0.967","0.967","0.967","5.45%"
"09/13/2019","0.917","0.915","0.948","0.906","-1.29%"
"09/12/2019","0.929","0.912","0.966","0.912","3.11%"
"09/11/2019","0.901","0.927","0.968","0.896","2.62%"
"09/10/2019","0.878","0.910","0.910","0.872","1.74%"
"09/09/2019","0.863","0.860","0.868","0.831","0.47%"
"09/08/2019","0.859","0.855","0.864","0.855","0.47%"
"09/07/2019","0.855","0.855","0.855","0.855","-1.61%"
"09/06/2019","0.869","0.872","0.878","0.844","10.00%"
"09/05/2019","0.790","0.781","0.827","0.754","2.60%"
"09/04/2019","0.770","0.743","0.784","0.732","5.05%"
"09/03/2019","0.733","0.738","0.748","0.722","0.27%"
"09/02/2019","0.731","0.731","0.760","0.702","0.27%"
"09/01/2019","0.729","0.721","0.729","0.721","-1.09%"
"08/31/2019","0.737","0.737","0.737","0.737","1.80%"
"08/30/2019","0.724","0.735","0.795","0.711","0.14%"
"08/29/2019","0.723","0.734","0.739","0.712","-0.28%"
"08/28/2019","0.725","0.736","0.736","0.720","-2.03%"
"08/27/2019","0.740","0.746","0.753","0.730","5.87%"
"08/26/2019","0.699","0.706","0.736","0.661","-3.98%"
"08/25/2019","0.728","0.750","0.750","0.728","2.97%"
"08/24/2019","0.707","0.707","0.707","0.707","-7.22%"
"08/23/2019","0.762","0.741","0.801","0.741","2.42%"
"08/22/2019","0.744","0.742","0.769","0.732","1.22%"
"08/21/2019","0.735","0.733","0.766","0.724","-1.61%"
"08/20/2019","0.747","0.752","0.792","0.733","-0.27%"
"08/19/2019","0.749","0.732","0.756","0.703","2.46%"
"08/18/2019","0.731","0.730","0.731","0.730","-0.14%"
"08/17/2019","0.732","0.732","0.732","0.732","0.14%"
"08/16/2019","0.731","0.734","0.744","0.723","0.14%"
"08/15/2019","0.730","0.715","0.750","0.702","-0.54%"
"08/14/2019","0.734","0.764","0.795","0.732","0.41%"
"08/13/2019","0.731","0.715","0.741","0.700","0.27%"
"08/12/2019","0.729","0.740","0.752","0.724","0.28%"
"08/11/2019","0.727","0.725","0.739","0.725","-3.58%"
"08/10/2019","0.754","0.725","0.754","0.725","3.86%"
"08/09/2019","0.726","0.741","0.771","0.719","-2.94%"
"08/08/2019","0.748","0.729","0.777","0.729","5.06%"
"08/07/2019","0.712","0.750","0.755","0.697","-7.53%"
"08/06/2019","0.770","0.700","0.771","0.686","4.62%"
"08/05/2019","0.736","0.776","0.788","0.732","-5.15%"
"08/04/2019","0.776","0.793","0.793","0.776","2.11%"
"08/03/2019","0.760","0.760","0.760","0.760","-3.43%"
"08/02/2019","0.787","0.764","0.800","0.760","-9.02%"
"08/01/2019","0.865","0.846","0.879","0.835","0.70%"
"07/31/2019","0.859","0.849","0.881","0.822","0.82%"
"07/30/2019","0.852","0.858","0.885","0.852","-0.93%"
"07/29/2019","0.860","0.874","0.875","0.837","-1.71%"
"07/28/2019","0.875","0.874","0.875","0.874","0.11%"
"07/27/2019","0.874","0.874","0.874","0.874","-1.58%"
"07/26/2019","0.888","0.895","0.908","0.878","0.45%"
"07/25/2019","0.884","0.908","0.908","0.874","-3.28%"
"07/24/2019","0.914","0.954","1.002","0.905","-4.49%"
"07/23/2019","0.957","0.947","0.980","0.927","0.63%"
"07/22/2019","0.951","0.960","0.993","0.945","-0.94%"
"07/21/2019","0.960","0.955","0.960","0.955","-0.52%"
"07/20/2019","0.965","0.965","0.965","0.965","1.26%"
"07/19/2019","0.953","0.932","0.953","0.897","3.03%"
"07/18/2019","0.925","0.930","0.963","0.896","-3.04%"
"07/17/2019","0.954","0.960","0.969","0.943","0.00%"
"07/16/2019","0.954","0.989","0.993","0.952","-5.26%"
"07/15/2019","1.007","0.997","1.034","0.994","0.70%"
"07/14/2019","1.000","0.988","1.000","0.988","-0.70%"
"07/13/2019","1.007","1.007","1.007","1.007","1.31%"
"07/12/2019","0.994","1.015","1.016","0.987","3.97%"
"07/11/2019","0.956","0.978","0.978","0.946","-2.05%"
"07/10/2019","0.976","0.965","0.976","0.958","1.04%"
"07/09/2019","0.966","0.978","1.015","0.966","-1.33%"
"07/08/2019","0.979","0.988","1.012","0.977","-0.91%"
"07/07/2019","0.988","0.988","0.988","0.988","0.00%"
"07/06/2019","0.988","0.988","0.988","0.988","5.11%"
"07/05/2019","0.940","0.938","0.943","0.906","-0.84%"
"07/04/2019","0.948","0.932","0.953","0.913","1.94%"
"07/03/2019","0.930","0.962","0.962","0.923","-4.12%"
"07/02/2019","0.970","0.977","0.980","0.959","-1.32%"
"07/01/2019","0.983","0.989","1.034","0.973","-0.61%"
"06/30/2019","0.989","0.978","0.989","0.978","-1.20%"
"06/29/2019","1.001","0.978","1.001","0.978","3.09%"
"06/28/2019","0.971","0.981","0.987","0.938","-2.51%"
"06/27/2019","0.996","0.985","1.009","0.969","6.64%"
"06/26/2019","0.934","0.906","0.940","0.897","3.66%"
"06/25/2019","0.901","0.910","0.924","0.893","-2.59%"
"06/24/2019","0.925","0.918","0.970","0.914","0.76%"
"06/23/2019","0.918","0.908","0.918","0.908","-1.18%"
"06/22/2019","0.929","0.929","0.929","0.929","1.98%"
"06/21/2019","0.911","0.951","1.002","0.901","-2.46%"
"06/20/2019","0.934","0.955","0.978","0.913","-5.66%"
"06/19/2019","0.990","0.985","1.027","0.979","-2.37%"
"06/18/2019","1.014","1.046","1.050","1.003","-2.87%"
"06/17/2019","1.044","1.063","1.063","1.013","3.98%"
"06/16/2019","1.004","1.000","1.004","1.000","-0.50%"
"06/15/2019","1.009","1.009","1.009","1.009","0.60%"
"06/14/2019","1.003","1.009","1.022","0.985","-1.57%"
"06/13/2019","1.019","1.052","1.062","1.008","-3.87%"
"06/12/2019","1.060","1.070","1.077","1.057","-2.48%"
"06/11/2019","1.087","1.086","1.136","1.077","0.18%"
"06/10/2019","1.085","1.063","1.097","1.060","2.07%"
"06/09/2019","1.063","1.063","1.063","1.063","0.00%"
"06/08/2019","1.063","1.063","1.063","1.063","-2.74%"
"06/07/2019","1.093","1.103","1.112","1.083","2.82%"
"06/06/2019","1.063","1.095","1.138","1.056","-3.19%"
"06/05/2019","1.098","1.129","1.143","1.094","-2.92%"
"06/04/2019","1.131","1.121","1.139","1.108","1.43%"
"06/03/2019","1.115","1.116","1.137","1.105","-0.18%"
"06/02/2019","1.117","1.115","1.117","1.114","-0.09%"
"06/01/2019","1.118","1.115","1.118","1.115","-0.36%"
"05/31/2019","1.122","1.132","1.141","1.108","-2.26%"
"05/30/2019","1.148","1.148","1.196","1.139","2.78%"
"05/29/2019","1.117","1.126","1.147","1.095","-1.41%"
"05/28/2019","1.133","1.137","1.146","1.132","-0.79%"
"05/27/2019","1.142","1.131","1.149","1.128","1.96%"
"05/26/2019","1.120","1.108","1.120","1.108","0.00%"
"05/25/2019","1.120","1.132","1.132","1.120","0.45%"
"05/24/2019","1.115","1.142","1.153","1.096","-4.78%"
"05/23/2019","1.171","1.183","1.225","1.165","-2.74%"
"05/22/2019","1.204","1.217","1.255","1.198","-3.45%"
"05/21/2019","1.247","1.269","1.301","1.244","-1.27%"
"05/20/2019","1.263","1.215","1.286","1.189","4.12%"
"05/19/2019","1.213","1.210","1.213","1.210","-0.16%"
"05/18/2019","1.215","1.229","1.229","1.210","-1.54%"
"05/17/2019","1.234","1.250","1.274","1.222","-1.67%"
"05/16/2019","1.255","1.286","1.301","1.219","-2.64%"
"05/15/2019","1.289","1.299","1.316","1.279","-0.39%"
"05/14/2019","1.294","1.290","1.302","1.279","-1.52%"
"05/13/2019","1.314","1.329","1.333","1.299","-0.53%"
"05/12/2019","1.321","1.313","1.321","1.313","-0.60%"
"05/11/2019","1.329","1.313","1.329","1.313","0.76%"
"05/10/2019","1.319","1.334","1.338","1.301","-0.68%"
"05/09/2019","1.328","1.357","1.368","1.313","-0.97%"
"05/08/2019","1.341","1.342","1.361","1.329","5.01%"
"05/07/2019","1.277","1.308","1.333","1.270","-1.31%"
"05/06/2019","1.294","1.325","1.325","1.280","-1.97%"
"05/05/2019","1.320","1.315","1.320","1.315","-0.38%"
"05/04/2019","1.325","1.315","1.325","1.315","-0.82%"
"05/03/2019","1.336","1.337","1.347","1.321","-0.15%"
"05/02/2019","1.338","1.338","1.340","1.322","1.21%"
"05/01/2019","1.322","1.348","1.353","1.317","-1.56%"
"04/30/2019","1.343","1.367","1.387","1.338","-0.52%"
"04/29/2019","1.350","1.339","1.351","1.326","0.97%"
"04/28/2019","1.337","1.335","1.337","1.335","-0.15%"
"04/27/2019","1.339","1.335","1.339","1.335","0.07%"
"04/26/2019","1.338","1.331","1.361","1.325","0.00%"
"04/25/2019","1.338","1.336","1.350","1.335","1.83%"
"04/24/2019","1.314","1.448","1.469","1.302","-10.92%"
"04/23/2019","1.475","1.486","1.511","1.463","-2.38%"
"04/22/2019","1.511","1.509","1.511","1.509","0.13%"
"04/21/2019","1.509","1.509","1.509","1.509","0.00%"
"04/20/2019","1.509","1.509","1.509","1.509","0.00%"
"04/19/2019","1.509","1.509","1.509","1.509","-0.59%"
"04/18/2019","1.518","1.503","1.542","1.488","0.13%"
"04/17/2019","1.516","1.532","1.533","1.487","0.86%"
"04/16/2019","1.503","1.529","1.572","1.495","-1.70%"
"04/15/2019","1.529","1.546","1.548","1.523","-1.10%"
"04/14/2019","1.546","1.546","1.546","1.546","0.00%"
"04/13/2019","1.546","1.546","1.546","1.546","3.41%"
"04/12/2019","1.495","1.498","1.510","1.480","0.40%"
"04/11/2019","1.489","1.474","1.497","1.469","0.88%"
"04/10/2019","1.476","1.465","1.482","1.438","-1.14%"
"04/09/2019","1.493","1.495","1.495","1.476","1.36%"
"04/08/2019","1.473","1.497","1.501","1.471","-1.60%"
"04/07/2019","1.497","1.499","1.499","1.497","0.07%"
"04/06/2019","1.496","1.499","1.499","1.496","-0.33%"
"04/05/2019","1.501","1.487","1.506","1.486","0.67%"
"04/04/2019","1.491","1.486","1.501","1.486","2.54%"
"04/03/2019","1.454","1.431","1.478","1.408","-2.87%"
"04/02/2019","1.497","1.503","1.516","1.482","1.08%"
"04/01/2019","1.481","1.463","1.491","1.462","0.54%"
"03/31/2019","1.473","1.455","1.479","1.455","0.68%"
"03/30/2019","1.463","1.455","1.463","1.455","-0.14%"
"03/29/2019","1.465","1.469","1.496","1.447","0.48%"
"03/28/2019","1.458","1.475","1.500","1.442","-0.48%"
"03/27/2019","1.465","1.500","1.525","1.451","-0.48%"
"03/26/2019","1.472","1.459","1.479","1.439","1.38%"
"03/25/2019","1.452","1.440","1.457","1.426","0.21%"
"03/24/2019","1.449","1.440","1.449","1.426","0.62%"
"03/23/2019","1.440","1.440","1.440","1.440","-3.03%"
"03/22/2019","1.485","1.523","1.527","1.480","-3.38%"
"03/21/2019","1.537","1.505","1.584","1.491","0.07%"
"03/20/2019","1.536","1.538","1.546","1.519","-1.48%"
"03/19/2019","1.559","1.585","1.587","1.555","-1.95%"
"03/18/2019","1.590","1.586","1.590","1.568","0.32%"
"03/17/2019","1.585","1.593","1.593","1.568","-0.06%"
"03/16/2019","1.586","1.593","1.593","1.586","-1.37%"
"03/15/2019","1.608","1.613","1.623","1.597","0.00%"
"03/14/2019","1.608","1.614","1.636","1.586","0.06%"
"03/13/2019","1.607","1.652","1.656","1.599","-4.40%"
"03/12/2019","1.681","1.678","1.701","1.670","0.12%"
"03/11/2019","1.679","1.680","1.684","1.662","0.24%"
"03/10/2019","1.675","1.670","1.684","1.670","-0.30%"
"03/09/2019","1.680","1.670","1.680","1.670","0.24%"
"03/08/2019","1.676","1.671","1.697","1.668","-0.06%"
"03/07/2019","1.677","1.665","1.678","1.660","-1.00%"
"03/06/2019","1.694","1.736","1.745","1.693","-2.48%"
"03/05/2019","1.737","1.727","1.758","1.723","-1.03%"
"03/04/2019","1.755","1.764","1.811","1.750","-0.90%"
"03/03/2019","1.771","1.740","1.811","1.740","0.40%"
"03/02/2019","1.764","1.740","1.764","1.740","1.32%"
"03/01/2019","1.741","1.750","1.794","1.731","1.63%"
"02/28/2019","1.713","1.725","1.745","1.705","0.35%"
"02/27/2019","1.707","1.728","1.731","1.703","-1.67%"
"02/26/2019","1.736","1.756","1.759","1.730","0.87%"
"02/25/2019","1.721","1.717","1.749","1.716","-0.75%"
"02/24/2019","1.734","1.713","1.734","1.713","0.99%"
"02/23/2019","1.717","1.713","1.717","1.713","-0.29%"
"02/22/2019","1.722","1.719","1.740","1.693","-0.23%"
"02/21/2019","1.726","1.743","1.790","1.687","-1.09%"
"02/20/2019","1.745","1.773","1.775","1.741","-1.91%"
"02/19/2019","1.779","1.786","1.799","1.774","-0.39%"
"02/18/2019","1.786","1.776","1.790","1.762","0.45%"
"02/17/2019","1.778","1.748","1.786","1.748","0.11%"
"02/16/2019","1.776","1.748","1.776","1.748","1.14%"
"02/15/2019","1.756","1.751","1.760","1.739","-0.73%"
"02/14/2019","1.769","1.778","1.798","1.758","0.00%"
"02/13/2019","1.769","1.761","1.774","1.745","1.09%"
"02/12/2019","1.750","1.743","1.755","1.722","0.40%"
"02/11/2019","1.743","1.693","1.754","1.692","2.05%"
"02/10/2019","1.708","1.718","1.718","1.692","0.89%"
"02/09/2019","1.693","1.718","1.718","1.693","-0.88%"
"02/08/2019","1.708","1.726","1.759","1.676","-3.61%"
"02/07/2019","1.772","1.749","1.779","1.748","-0.84%"
"02/06/2019","1.787","1.841","1.861","1.762","-3.82%"
"02/05/2019","1.858","1.848","1.867","1.813","0.87%"
"02/04/2019","1.842","1.857","1.865","1.830","-0.70%"
"02/03/2019","1.855","1.828","1.865","1.828","-0.11%"
"02/02/2019","1.857","1.828","1.857","1.828","1.20%"
"02/01/2019","1.835","1.826","1.861","1.823","-1.02%"
"01/31/2019","1.854","1.853","1.862","1.830","-1.01%"
"01/30/2019","1.873","1.838","1.874","1.823","1.90%"
"01/29/2019","1.838","1.844","1.851","1.814","0.44%"
"01/28/2019","1.830","1.863","1.863","1.822","-1.77%"
"01/27/2019","1.863","1.863","1.863","1.863","0.00%"
"01/26/2019","1.863","1.863","1.863","1.863","2.03%"
"01/25/2019","1.826","1.849","1.849","1.802","-2.04%"
"01/24/2019","1.864","1.895","1.921","1.861","-1.27%"
"01/23/2019","1.888","1.877","1.896","1.871","-0.94%"
"01/22/2019","1.906","1.917","1.918","1.898","-0.10%"
"01/21/2019","1.908","1.923","1.923","1.898","0.32%"
"01/20/2019","1.902","1.873","1.923","1.873","-1.09%"
"01/19/2019","1.923","1.923","1.923","1.923","1.69%"
"01/18/2019","1.891","1.916","1.928","1.879","0.91%"
"01/17/2019","1.874","1.896","1.899","1.869","-0.11%"
"01/16/2019","1.876","1.897","1.903","1.869","-0.05%"
"01/15/2019","1.877","1.892","1.894","1.861","0.54%"
"01/14/2019","1.867","1.894","1.896","1.867","-0.80%"
"01/13/2019","1.882","1.894","1.896","1.868","-0.74%"
"01/11/2019","1.896","1.920","1.922","1.885","0.48%"
"01/10/2019","1.887","1.913","1.913","1.872","-0.89%"
"01/09/2019","1.904","1.960","1.981","1.898","0.32%"
"01/08/2019","1.898","1.918","1.918","1.889","1.17%"
"01/07/2019","1.876","1.931","1.935","1.867","-0.53%"
"01/06/2019","1.886","1.932","1.935","1.880","-2.38%"
"01/05/2019","1.932","1.932","1.932","1.932","4.38%"
"01/04/2019","1.851","1.801","1.855","1.773","1.70%"
"01/03/2019","1.820","1.819","1.838","1.746","-2.99%"
"01/02/2019","1.876","1.921","1.921","1.876","-0.79%"
"01/01/2019","1.891","1.893","1.921","1.889","-0.79%"
"12/31/2018","1.906","1.928","1.936","1.906","-0.99%"
"12/30/2018","1.925","1.935","1.936","1.922","-0.52%"
"12/29/2018","1.935","1.935","1.935","1.935","-0.15%"
"12/28/2018","1.938","1.958","1.967","1.935","-1.27%"
"12/27/2018","1.963","1.964","1.981","1.949","0.15%"
"12/26/2018","1.960","1.933","1.981","1.933","0.62%"
"12/25/2018","1.948","1.933","1.948","1.933","-0.15%"
"12/24/2018","1.951","1.953","1.965","1.945","-0.46%"
"12/23/2018","1.960","1.968","1.968","1.950","0.00%"
"12/22/2018","1.960","1.953","1.960","1.953","-1.31%"
"12/21/2018","1.986","1.936","1.994","1.929","1.95%"
"12/20/2018","1.948","1.948","1.967","1.932","0.21%"
"12/19/2018","1.944","1.950","1.954","1.930","-0.46%"
"12/18/2018","1.953","1.957","1.969","1.942","-1.66%"
"12/17/2018","1.986","1.980","1.986","1.958","0.05%"
"12/16/2018","1.985","1.980","1.985","1.958","0.25%"
"12/15/2018","1.980","1.980","1.980","1.980","-0.45%"
"12/14/2018","1.989","2.018","2.019","1.972","-0.25%"
"12/13/2018","1.994","1.977","1.998","1.968","1.89%"
"12/12/2018","1.957","1.983","1.994","1.950","0.77%"
"12/11/2018","1.942","1.941","1.971","1.932","0.94%"
"12/10/2018","1.924","1.920","1.929","1.873","0.89%"
"12/09/2018","1.907","1.915","1.924","1.873","-0.57%"
"12/08/2018","1.918","1.920","1.920","1.918","-0.62%"
"12/07/2018","1.930","1.921","1.943","1.896","-0.05%"
"12/06/2018","1.931","1.978","1.987","1.926","-1.83%"
"12/05/2018","1.967","1.990","1.998","1.935","-0.76%"
"12/04/2018","1.982","1.994","1.994","1.977","-1.69%"
"12/03/2018","2.016","2.003","2.034","1.968","-0.10%"
"12/02/2018","2.018","1.994","2.034","1.968","0.70%"
"12/01/2018","2.004","1.994","2.004","1.994","0.00%"
"11/30/2018","2.004","2.023","2.024","1.997","-0.64%"
"11/29/2018","2.017","2.039","2.059","2.017","-0.54%"
"11/28/2018","2.028","2.041","2.041","1.994","-0.10%"
"11/27/2018","2.030","2.051","2.061","2.029","-0.15%"
"11/26/2018","2.033","2.058","2.058","2.030","-0.15%"
"11/25/2018","2.036","2.027","2.058","2.027","-0.78%"
"11/24/2018","2.052","2.027","2.052","2.027","0.05%"
"11/23/2018","2.051","2.071","2.075","2.050","0.39%"
"11/22/2018","2.043","2.080","2.083","2.038","-1.11%"
"11/21/2018","2.066","2.075","2.089","2.062","-0.24%"
"11/20/2018","2.071","2.069","2.077","2.057","1.02%"
"11/19/2018","2.050","2.066","2.073","2.045","-0.05%"
"11/18/2018","2.051","2.053","2.077","2.051","-0.10%"
"11/17/2018","2.053","2.077","2.077","2.053","-0.34%"
"11/16/2018","2.060","2.069","2.079","2.055","-1.67%"
"11/15/2018","2.095","2.075","2.109","2.059","1.40%"
"11/14/2018","2.066","2.077","2.087","2.062","-0.58%"
"11/13/2018","2.078","2.076","2.085","2.052","-0.38%"
"11/12/2018","2.086","2.080","2.090","2.059","1.07%"
"11/11/2018","2.064","2.083","2.090","2.063","-0.86%"
"11/10/2018","2.082","2.081","2.082","2.081","-0.29%"
"11/09/2018","2.088","2.117","2.123","2.081","0.14%"
"11/08/2018","2.085","2.106","2.112","2.074","1.51%"
"11/07/2018","2.054","2.064","2.078","2.045","0.44%"
"11/06/2018","2.045","2.043","2.061","2.043","-0.24%"
"11/05/2018","2.050","2.037","2.061","2.037","-0.49%"
"11/04/2018","2.060","2.019","2.061","2.019","0.34%"
"11/03/2018","2.053","2.053","2.053","2.053","1.28%"
"11/02/2018","2.027","2.021","2.038","2.007","0.70%"
"11/01/2018","2.013","1.985","2.018","1.977","1.72%"
"10/31/2018","1.979","2.011","2.016","1.961","0.15%"
"10/30/2018","1.976","1.989","1.997","1.973","-0.50%"
"10/29/2018","1.986","1.980","1.989","1.968","0.30%"
"10/28/2018","1.980","1.983","1.986","1.968","-0.45%"
"10/27/2018","1.989","1.982","1.989","1.982","-0.40%"
"10/26/2018","1.997","2.032","2.032","1.987","-0.20%"
"10/25/2018","2.001","1.995","2.007","1.984","-0.99%"
"10/24/2018","2.021","2.027","2.042","2.011","-0.15%"
"10/23/2018","2.024","2.051","2.067","2.023","-1.12%"
"10/22/2018","2.047","2.068","2.085","2.029","-0.15%"
"10/21/2018","2.050","2.025","2.085","2.025","-0.87%"
"10/20/2018","2.068","2.068","2.068","2.068","1.72%"
"10/19/2018","2.033","2.053","2.063","2.027","-2.02%"
"10/18/2018","2.075","2.051","2.079","2.014","1.82%"
"10/17/2018","2.038","2.053","2.065","2.037","-0.83%"
"10/16/2018","2.055","2.055","2.073","2.044","0.54%"
"10/15/2018","2.044","2.051","2.056","2.027","-0.54%"
"10/14/2018","2.055","2.050","2.056","2.043","0.10%"
"10/13/2018","2.053","2.053","2.053","2.053","-0.05%"
"10/12/2018","2.054","2.042","2.070","2.036","1.33%"
"10/11/2018","2.027","2.040","2.040","2.004","-0.34%"
"10/10/2018","2.034","2.047","2.067","2.034","-0.83%"
"10/09/2018","2.051","2.026","2.051","2.016","1.18%"
"10/08/2018","2.027","2.024","2.028","1.980","0.95%"
"10/07/2018","2.008","2.023","2.027","1.980","0.45%"
"10/05/2018","1.999","2.006","2.034","1.991","-0.74%"
"10/04/2018","2.014","2.032","2.055","1.992","1.92%"
"10/03/2018","1.976","2.022","2.025","1.972","-2.56%"
"10/02/2018","2.028","2.035","2.062","2.022","-0.15%"
"10/01/2018","2.031","2.042","2.048","1.992","-0.29%"
"09/30/2018","2.037","2.033","2.037","2.033","-0.24%"
"09/29/2018","2.042","2.042","2.042","2.042","0.15%"
"09/28/2018","2.039","2.071","2.071","2.039","-1.26%"
"09/27/2018","2.065","2.074","2.093","2.059","-1.95%"
"09/26/2018","2.106","2.133","2.137","2.105","-0.99%"
"09/25/2018","2.127","2.125","2.132","2.099","1.48%"
"09/24/2018","2.096","2.105","2.105","2.083","-0.43%"
"09/23/2018","2.105","2.090","2.105","2.090","-0.09%"
"09/22/2018","2.107","2.107","2.107","2.107","-0.09%"
"09/21/2018","2.109","2.125","2.132","2.076","-1.08%"
"09/20/2018","2.132","2.175","2.202","2.129","0.61%"
"09/19/2018","2.119","2.114","2.132","2.082","2.42%"
"09/18/2018","2.069","2.057","2.079","2.046","1.37%"
"09/17/2018","2.041","2.052","2.073","2.034","-0.49%"
"09/16/2018","2.051","2.023","2.051","2.023","-0.05%"
"09/15/2018","2.052","2.052","2.052","2.052","1.13%"
"09/14/2018","2.029","2.059","2.059","2.026","-0.98%"
"09/13/2018","2.049","2.023","2.054","2.006","1.74%"
"09/12/2018","2.014","2.033","2.063","2.009","0.00%"
"09/11/2018","2.014","2.025","2.037","2.008","-0.05%"
"09/10/2018","2.015","2.025","2.026","2.007","-0.30%"
"09/09/2018","2.021","1.981","2.021","1.981","-0.20%"
"09/08/2018","2.025","1.981","2.025","1.981","1.96%"
"09/07/2018","1.986","1.997","2.007","1.980","-0.40%"
"09/06/2018","1.994","2.016","2.020","1.993","-1.29%"
"09/05/2018","2.020","2.009","2.032","1.990","2.90%"
"09/04/2018","1.963","1.977","1.977","1.926","-0.25%"
"09/03/2018","1.968","1.962","1.973","1.922","0.36%"
"09/02/2018","1.961","1.963","1.986","1.961","-0.05%"
"09/01/2018","1.962","1.962","1.962","1.962","-0.46%"
"08/31/2018","1.971","1.999","1.999","1.956","-0.95%"
"08/30/2018","1.990","2.006","2.026","1.976","-1.58%"
"08/29/2018","2.022","2.041","2.045","2.021","0.05%"
"08/28/2018","2.021","2.030","2.038","2.018","0.65%"
"08/27/2018","2.008","2.026","2.038","2.008","-1.03%"
"08/26/2018","2.029","1.990","2.029","1.990","1.05%"
"08/25/2018","2.008","2.026","2.026","2.008","0.05%"
"08/24/2018","2.007","2.019","2.046","1.972","1.21%"
"08/23/2018","1.983","2.018","2.037","1.979","-1.39%"
"08/22/2018","2.011","2.034","2.056","2.010","-0.45%"
"08/21/2018","2.020","2.005","2.021","1.992","1.25%"
"08/20/2018","1.995","2.018","2.019","1.983","-1.14%"
"08/19/2018","2.018","2.018","2.018","2.018","0.00%"
"08/18/2018","2.018","2.018","2.018","2.018","1.00%"
"08/17/2018","1.998","2.027","2.056","1.992","-0.65%"
"08/16/2018","2.011","2.014","2.021","1.988","0.40%"
"08/15/2018","2.003","2.027","2.050","1.988","-0.20%"
"08/14/2018","2.007","2.025","2.025","1.988","0.25%"
"08/13/2018","2.002","2.020","2.039","1.992","0.91%"
"08/12/2018","1.984","1.958","1.984","1.958","-0.05%"
"08/11/2018","1.985","1.985","1.985","1.985","-0.05%"
"08/10/2018","1.986","2.004","2.005","1.986","-1.19%"
"08/09/2018","2.010","2.042","2.042","2.000","-0.59%"
"08/08/2018","2.022","2.050","2.057","2.022","-0.69%"
"08/07/2018","2.036","2.046","2.053","2.025","-0.63%"
"08/06/2018","2.049","2.067","2.072","2.035","-0.29%"
"08/05/2018","2.055","2.055","2.055","2.055","0.10%"
"08/04/2018","2.053","2.053","2.053","2.053","0.00%"
"08/03/2018","2.053","2.067","2.072","2.050","0.05%"
"08/02/2018","2.052","2.062","2.068","2.034","-0.05%"
"08/01/2018","2.053","2.046","2.053","2.024","1.08%"
"07/31/2018","2.031","2.041","2.052","2.018","0.45%"
"07/30/2018","2.022","2.006","2.026","2.006","0.65%"
"07/29/2018","2.009","1.988","2.011","1.988","-0.74%"
"07/28/2018","2.024","2.006","2.024","2.006","0.20%"
"07/27/2018","2.020","2.037","2.039","2.015","-1.27%"
"07/26/2018","2.046","2.065","2.070","2.041","-0.53%"
"07/25/2018","2.057","2.077","2.095","2.051","-0.68%"
"07/24/2018","2.071","2.084","2.088","2.070","0.44%"
"07/23/2018","2.062","2.064","2.073","2.049","-0.10%"
"07/22/2018","2.064","2.027","2.064","2.027","0.83%"
"07/21/2018","2.047","2.066","2.066","2.047","-0.05%"
"07/20/2018","2.048","2.052","2.066","2.043","-1.21%"
"07/19/2018","2.073","2.045","2.075","2.023","1.97%"
"07/18/2018","2.033","2.034","2.039","2.016","0.25%"
"07/17/2018","2.028","2.025","2.036","2.013","0.70%"
"07/16/2018","2.014","2.009","2.027","2.003","0.25%"
"07/15/2018","2.009","2.000","2.018","2.000","-0.35%"
"07/14/2018","2.016","2.000","2.016","2.000","-0.20%"
"07/13/2018","2.020","2.017","2.025","2.000","0.85%"
"07/12/2018","2.003","1.998","2.004","1.988","0.20%"
"07/11/2018","1.999","2.030","2.035","1.990","-1.33%"
"07/10/2018","2.026","2.016","2.030","1.994","1.76%"
"07/09/2018","1.991","1.989","2.004","1.975","0.10%"
"07/08/2018","1.989","1.985","1.989","1.985","-0.25%"
"07/07/2018","1.994","1.994","1.994","1.994","0.45%"
"07/06/2018","1.985","1.980","1.989","1.961","0.86%"
"07/05/2018","1.968","1.988","1.990","1.958","-0.25%"
"07/04/2018","1.973","1.973","1.979","1.935","0.77%"
"07/03/2018","1.958","1.985","2.002","1.955","-1.36%"
"07/02/2018","1.985","2.018","2.027","1.980","-1.64%"
"07/01/2018","2.018","1.985","2.018","1.985","1.66%"
"06/30/2018","1.985","1.985","1.985","1.985","-1.24%"
"06/29/2018","2.010","2.020","2.020","1.978","0.25%"
"06/28/2018","2.005","2.007","2.008","1.985","-1.18%"
"06/27/2018","2.029","2.045","2.073","2.025","-0.20%"
"06/26/2018","2.033","2.040","2.050","2.003","-0.05%"
"06/25/2018","2.034","2.038","2.038","2.007","-0.20%"
"06/24/2018","2.038","2.027","2.038","2.027","-0.05%"
"06/22/2018","2.039","2.040","2.049","2.025","-1.73%"
"06/21/2018","2.075","2.075","2.080","2.048","1.22%"
"06/20/2018","2.050","2.038","2.055","2.023","2.09%"
"06/19/2018","2.008","2.038","2.065","1.988","0.30%"
"06/18/2018","2.002","2.043","2.043","2.002","-2.01%"
"06/17/2018","2.043","2.015","2.043","2.015","1.09%"
"06/15/2018","2.021","2.033","2.043","2.010","-0.54%"
"06/14/2018","2.032","2.055","2.057","2.030","-1.98%"
"06/13/2018","2.073","2.070","2.083","2.057","-0.29%"
"06/12/2018","2.079","2.071","2.083","2.063","0.39%"
"06/11/2018","2.071","2.083","2.093","2.063","-0.58%"
"06/10/2018","2.083","2.050","2.083","2.050","-0.14%"
"06/08/2018","2.086","2.090","2.100","2.081","-1.00%"
"06/07/2018","2.107","2.100","2.125","2.092","1.49%"
"06/06/2018","2.076","2.058","2.079","2.033","0.24%"
"06/05/2018","2.071","2.080","2.085","2.063","0.73%"
"06/04/2018","2.056","2.038","2.064","2.007","0.88%"
"06/03/2018","2.038","2.007","2.038","2.007","1.34%"
"06/01/2018","2.011","2.033","2.033","2.002","1.31%"
"05/31/2018","1.985","2.031","2.031","1.964","-0.35%"
"05/30/2018","1.992","1.928","2.002","1.914","0.40%"
"05/29/2018","1.984","1.985","1.996","1.974","0.25%"
"05/28/2018","1.979","2.000","2.017","1.969","-1.05%"
"05/27/2018","2.000","1.983","2.000","1.983","0.00%"
"05/26/2018","2.000","2.000","2.000","2.000","-0.60%"
"05/25/2018","2.012","2.026","2.037","2.012","-0.64%"
"05/24/2018","2.025","2.021","2.033","2.001","-0.30%"
"05/23/2018","2.031","2.045","2.065","2.027","-0.29%"
"05/22/2018","2.037","2.049","2.049","2.024","-0.15%"
"05/21/2018","2.040","2.038","2.055","2.023","0.10%"
"05/20/2018","2.038","2.045","2.045","2.038","-1.64%"
"05/18/2018","2.072","2.057","2.078","2.025","0.24%"
"05/17/2018","2.067","2.078","2.078","2.053","0.34%"
"05/16/2018","2.060","2.075","2.083","2.049","1.33%"
"05/15/2018","2.033","2.047","2.047","2.009","1.30%"
"05/14/2018","2.007","2.027","2.037","1.997","-0.99%"
"05/13/2018","2.027","2.005","2.027","2.005","0.45%"
"05/12/2018","2.018","2.005","2.018","2.005","-0.54%"
"05/11/2018","2.029","2.026","2.052","2.015","0.50%"
"05/10/2018","2.019","2.050","2.051","2.014","-0.44%"
"05/09/2018","2.028","2.050","2.064","2.028","0.45%"
"05/08/2018","2.019","2.023","2.041","2.006","-0.20%"
"05/07/2018","2.023","2.041","2.062","2.008","-0.88%"
"05/06/2018","2.041","2.025","2.041","2.025","-0.73%"
"05/04/2018","2.056","2.042","2.057","2.018","-0.58%"
"05/03/2018","2.068","2.082","2.082","2.039","-0.10%"
"05/02/2018","2.070","2.070","2.078","2.037","0.19%"
"05/01/2018","2.066","2.063","2.070","2.042","0.05%"
"04/30/2018","2.065","2.081","2.084","2.054","-0.77%"
"04/29/2018","2.081","2.078","2.089","2.078","-0.90%"
"04/27/2018","2.100","2.102","2.118","2.082","-1.55%"
"04/26/2018","2.133","2.136","2.141","2.123","-0.14%"
"04/25/2018","2.136","2.138","2.157","2.116","0.71%"
"04/24/2018","2.121","2.162","2.165","2.120","-1.49%"
"04/23/2018","2.153","2.140","2.166","2.126","0.61%"
"04/22/2018","2.140","2.128","2.140","2.128","0.05%"
"04/21/2018","2.139","2.118","2.139","2.118","0.56%"
"04/20/2018","2.127","2.138","2.153","2.126","-1.07%"
"04/19/2018","2.150","2.156","2.168","2.116","1.65%"
"04/18/2018","2.115","2.125","2.139","2.108","-0.42%"
"04/17/2018","2.124","2.126","2.140","2.113","1.29%"
"04/16/2018","2.097","2.083","2.107","2.078","0.67%"
"04/15/2018","2.083","2.073","2.083","2.072","0.00%"
"04/14/2018","2.083","2.083","2.083","2.083","0.53%"
"04/13/2018","2.072","2.067","2.090","2.061","1.32%"
"04/12/2018","2.045","2.046","2.069","2.041","0.44%"
"04/11/2018","2.036","2.072","2.078","2.034","-0.44%"
"04/10/2018","2.045","2.030","2.053","2.017","0.15%"
"04/09/2018","2.042","2.023","2.047","1.986","0.94%"
"04/08/2018","2.023","2.025","2.029","2.023","0.00%"
"04/07/2018","2.023","2.025","2.025","2.023","-1.32%"
"04/06/2018","2.050","2.077","2.086","2.035","-0.15%"
"04/05/2018","2.053","2.086","2.100","2.053","-1.01%"
"04/04/2018","2.074","2.062","2.084","2.055","0.73%"
"04/03/2018","2.059","2.026","2.061","1.979","1.63%"
"04/02/2018","2.026","2.013","2.026","2.013","0.00%"
"04/01/2018","2.026","2.013","2.026","2.013","0.55%"
"03/31/2018","2.015","2.015","2.015","2.015","0.10%"
"03/30/2018","2.013","2.026","2.026","2.013","0.20%"
"03/29/2018","2.009","2.028","2.031","2.008","0.55%"
"03/28/2018","1.998","2.016","2.019","1.994","-2.58%"
"03/27/2018","2.051","2.065","2.078","2.046","0.15%"
"03/26/2018","2.048","2.032","2.056","2.024","0.64%"
"03/25/2018","2.035","2.027","2.042","2.024","0.10%"
"03/24/2018","2.033","2.027","2.033","2.027","-0.83%"
"03/23/2018","2.050","2.045","2.051","2.021","-0.29%"
"03/22/2018","2.056","2.069","2.080","2.033","1.08%"
"03/21/2018","2.034","2.017","2.041","1.997","1.70%"
"03/20/2018","2.000","1.994","2.003","1.977","0.76%"
"03/19/2018","1.985","1.987","1.991","1.968","0.51%"
"03/18/2018","1.975","1.960","1.991","1.960","-0.60%"
"03/17/2018","1.987","1.960","1.987","1.960","1.12%"
"03/16/2018","1.965","1.979","1.984","1.955","-1.60%"
"03/15/2018","1.997","1.993","2.009","1.961","-0.55%"
"03/14/2018","2.008","2.026","2.039","2.004","-1.71%"
"03/13/2018","2.043","2.042","2.048","2.033","0.20%"
"03/12/2018","2.039","2.034","2.049","2.032","-0.34%"
"03/11/2018","2.046","2.020","2.047","2.003","0.39%"
"03/10/2018","2.038","2.038","2.038","2.038","0.34%"
"03/09/2018","2.031","2.003","2.040","2.001","0.99%"
"03/08/2018","2.011","2.013","2.018","2.006","0.70%"
"03/07/2018","1.997","2.015","2.023","1.981","-0.75%"
"03/06/2018","2.012","1.995","2.017","1.979","2.13%"
"03/05/2018","1.970","2.003","2.005","1.961","-1.01%"
"03/04/2018","1.990","1.963","2.005","1.963","-0.55%"
"03/03/2018","2.001","2.001","2.001","2.001","1.57%"
"03/02/2018","1.970","1.968","1.986","1.957","-1.30%"
"03/01/2018","1.996","1.997","2.008","1.985","-0.55%"
"02/28/2018","2.007","2.004","2.007","1.988","1.88%"
"02/27/2018","1.970","1.969","1.974","1.939","0.72%"
"02/26/2018","1.956","1.975","1.978","1.954","-0.46%"
"02/25/2018","1.965","1.970","1.978","1.963","-0.51%"
"02/24/2018","1.975","1.972","1.975","1.972","-1.10%"
"02/23/2018","1.997","2.003","2.021","1.990","-0.79%"
"02/22/2018","2.013","2.041","2.045","2.010","-1.76%"
"02/21/2018","2.049","2.041","2.078","1.996","-0.49%"
"02/20/2018","2.059","2.044","2.060","2.032","1.03%"
"02/19/2018","2.038","2.025","2.038","1.980","0.84%"
"02/18/2018","2.021","2.018","2.031","1.980","-0.20%"
"02/17/2018","2.025","2.025","2.025","2.025","-0.54%"
"02/16/2018","2.036","2.029","2.041","1.975","-0.49%"
"02/15/2018","2.046","2.055","2.058","2.030","2.56%"
"02/14/2018","1.995","2.006","2.011","1.981","-0.50%"
"02/13/2018","2.005","2.005","2.008","1.969","-0.94%"
"02/12/2018","2.024","1.991","2.028","1.981","0.75%"
"02/11/2018","2.009","1.973","2.009","1.973","0.90%"
"02/10/2018","1.991","1.991","1.991","1.991","0.56%"
"02/09/2018","1.980","2.019","2.019","1.970","-1.54%"
"02/08/2018","2.011","2.042","2.042","2.001","-0.20%"
"02/07/2018","2.015","2.072","2.072","2.010","0.40%"
"02/06/2018","2.007","2.025","2.025","1.966","-2.48%"
"02/05/2018","2.058","2.054","2.062","2.014","0.64%"
"02/04/2018","2.045","2.000","2.062","2.000","-0.54%"
"02/03/2018","2.056","2.056","2.056","2.056","1.83%"
"02/02/2018","2.019","2.034","2.034","1.991","-0.79%"
"02/01/2018","2.035","2.056","2.057","2.029","-1.31%"
"01/31/2018","2.062","2.101","2.119","2.055","-1.81%"
"01/30/2018","2.100","2.110","2.110","2.074","0.33%"
"01/29/2018","2.093","2.112","2.116","2.078","-0.76%"
"01/28/2018","2.109","2.069","2.116","2.069","-0.14%"
"01/27/2018","2.112","2.112","2.112","2.112","1.05%"
"01/26/2018","2.090","2.089","2.106","2.063","0.14%"
"01/25/2018","2.087","2.109","2.137","2.082","0.43%"
"01/24/2018","2.078","2.089","2.089","2.064","-1.61%"
"01/23/2018","2.112","2.132","2.141","2.094","-0.56%"
"01/22/2018","2.124","2.137","2.137","2.095","0.14%"
"01/21/2018","2.121","2.104","2.137","2.095","-0.75%"
"01/20/2018","2.137","2.137","2.137","2.137","0.90%"
"01/19/2018","2.118","2.118","2.141","2.079","0.62%"
"01/18/2018","2.105","2.135","2.143","2.105","0.77%"
"01/17/2018","2.089","2.070","2.089","2.033","0.72%"
"01/16/2018","2.074","2.069","2.085","2.038","0.73%"
"01/15/2018","2.059","2.049","2.064","2.019","0.34%"
"01/14/2018","2.052","2.027","2.064","2.019","0.10%"
"01/13/2018","2.050","2.050","2.050","2.050","0.89%"
"01/12/2018","2.032","2.064","2.073","2.031","-1.69%"
"01/11/2018","2.067","2.026","2.093","1.988","1.57%"
"01/10/2018","2.035","2.040","2.048","2.013","0.79%"
"01/09/2018","2.019","2.013","2.023","1.995","1.66%"
"01/08/2018","1.986","2.007","2.018","1.983","5.41%"
"01/07/2018","1.884","1.858","1.894","1.847","-0.53%"
"01/06/2018","1.894","1.894","1.894","1.894","-0.94%"
"01/05/2018","1.912","1.953","1.972","1.912","-3.09%"
"01/04/2018","1.973","1.993","1.995","1.970","-1.05%"
"01/03/2018","1.994","2.017","2.026","1.994","-0.50%"
"01/02/2018","2.004","2.000","2.019","1.985","0.65%"
"01/01/2018","1.991","1.974","2.010","1.974","0.86%"
"12/31/2017","1.974","1.960","1.983","1.960","-0.65%"
"12/30/2017","1.987","1.987","1.987","1.987","0.00%"
"12/29/2017","1.987","2.027","2.027","1.981","-2.02%"
"12/28/2017","2.028","2.010","2.031","2.006","-0.05%"
"12/27/2017","2.029","2.020","2.033","2.007","0.90%"
"12/26/2017","2.011","1.988","2.020","1.988","0.60%"
"12/25/2017","1.999","1.988","1.999","1.988","0.00%"
"12/24/2017","1.999","1.988","2.008","1.988","-0.60%"
"12/23/2017","2.011","2.011","2.011","2.011","0.10%"
"12/22/2017","2.009","2.002","2.010","1.989","1.41%"
"12/21/2017","1.981","1.983","1.991","1.964","0.66%"
"12/20/2017","1.968","1.992","2.009","1.959","1.50%"
"12/19/2017","1.939","1.938","1.955","1.931","0.52%"
"12/18/2017","1.929","1.907","1.935","1.904","0.63%"
"12/17/2017","1.917","1.880","1.927","1.880","0.52%"
"12/16/2017","1.907","1.901","1.907","1.901","0.32%"
"12/15/2017","1.901","1.898","1.909","1.883","-0.05%"
"12/14/2017","1.902","1.845","1.921","1.833","2.31%"
"12/13/2017","1.859","1.865","1.870","1.854","0.98%"
"12/12/2017","1.841","1.859","1.866","1.834","0.49%"
"12/11/2017","1.832","1.817","1.856","1.808","0.55%"
"12/10/2017","1.822","1.798","1.856","1.798","0.28%"
"12/09/2017","1.817","1.817","1.817","1.817","0.28%"
"12/08/2017","1.812","1.804","1.821","1.796","1.68%"
"12/07/2017","1.782","1.793","1.802","1.767","-0.83%"
"12/06/2017","1.797","1.842","1.842","1.792","-1.96%"
"12/05/2017","1.833","1.805","1.833","1.775","2.00%"
"12/04/2017","1.797","1.761","1.808","1.713","0.06%"
"12/03/2017","1.796","1.763","1.796","1.713","1.93%"
"12/02/2017","1.762","1.762","1.762","1.762","-0.90%"
"12/01/2017","1.778","1.784","1.800","1.756","1.25%"
"11/30/2017","1.756","1.768","1.786","1.747","0.92%"
"11/29/2017","1.740","1.760","1.760","1.728","-0.91%"
"11/28/2017","1.756","1.764","1.786","1.737","-0.68%"
"11/27/2017","1.768","1.786","1.799","1.768","-0.06%"
"11/26/2017","1.769","1.765","1.799","1.765","-0.95%"
"11/25/2017","1.786","1.786","1.786","1.786","0.51%"
"11/24/2017","1.777","1.776","1.781","1.762","0.00%"
"11/23/2017","1.777","1.783","1.783","1.767","-0.50%"
"11/22/2017","1.786","1.812","1.844","1.785","0.22%"
"11/21/2017","1.782","1.811","1.811","1.758","-0.11%"
"11/20/2017","1.784","1.802","1.802","1.783","-0.34%"
"11/19/2017","1.790","1.775","1.802","1.775","-0.67%"
"11/18/2017","1.802","1.802","1.802","1.802","0.50%"
"11/17/2017","1.793","1.813","1.825","1.768","-0.66%"
"11/16/2017","1.805","1.782","1.814","1.775","0.56%"
"11/15/2017","1.795","1.837","1.850","1.780","-2.39%"
"11/14/2017","1.839","1.824","1.858","1.803","1.71%"
"11/13/2017","1.808","1.845","1.845","1.790","-1.04%"
"11/12/2017","1.827","1.793","1.845","1.790","-0.98%"
"11/11/2017","1.845","1.845","1.845","1.845","2.05%"
"11/10/2017","1.808","1.833","1.837","1.802","-0.60%"
"11/09/2017","1.819","1.837","1.843","1.780","0.22%"
"11/08/2017","1.815","1.822","1.824","1.790","1.34%"
"11/07/2017","1.791","1.783","1.794","1.755","1.24%"
"11/06/2017","1.769","1.795","1.824","1.736","0.11%"
"11/05/2017","1.767","1.765","1.824","1.736","-1.51%"
"11/04/2017","1.794","1.794","1.794","1.794","0.90%"
"11/03/2017","1.778","1.816","1.820","1.764","-2.52%"
"11/02/2017","1.824","1.839","1.844","1.808","-1.30%"
"11/01/2017","1.848","1.845","1.852","1.832","0.93%"
"10/31/2017","1.831","1.852","1.862","1.822","-1.40%"
"10/30/2017","1.857","1.878","1.904","1.843","-0.38%"
"10/29/2017","1.864","1.870","1.904","1.843","-0.75%"
"10/28/2017","1.878","1.878","1.878","1.878","-0.11%"
"10/27/2017","1.880","1.903","1.903","1.870","-0.05%"
"10/26/2017","1.881","1.912","1.938","1.881","-1.52%"
"10/25/2017","1.910","1.966","1.975","1.890","-1.50%"
"10/24/2017","1.939","1.942","1.942","1.922","-0.62%"
"10/23/2017","1.951","1.977","1.981","1.910","-0.51%"
"10/22/2017","1.961","1.938","1.981","1.910","-0.81%"
"10/21/2017","1.977","1.977","1.977","1.977","1.75%"
"10/20/2017","1.943","1.937","1.953","1.911","-0.46%"
"10/19/2017","1.952","1.946","1.963","1.918","2.79%"
"10/18/2017","1.899","1.920","1.937","1.893","-0.94%"
"10/17/2017","1.917","1.930","1.936","1.909","0.05%"
"10/16/2017","1.916","1.942","1.949","1.883","-0.52%"
"10/15/2017","1.926","1.928","1.949","1.883","-0.82%"
"10/14/2017","1.942","1.942","1.942","1.942","-0.15%"
"10/13/2017","1.945","1.949","1.968","1.925","0.10%"
"10/12/2017","1.943","1.957","1.957","1.942","-0.51%"
"10/11/2017","1.953","1.960","1.976","1.953","-0.05%"
"10/10/2017","1.954","1.939","1.954","1.891","0.88%"
"10/09/2017","1.937","1.940","1.950","1.936","-0.51%"
"10/08/2017","1.947","1.937","1.952","1.937","-0.26%"
"10/07/2017","1.952","1.952","1.952","1.952","1.24%"
"10/06/2017","1.928","1.946","1.947","1.891","0.89%"
"10/05/2017","1.911","1.956","1.968","1.911","-2.05%"
"10/04/2017","1.951","1.968","1.968","1.939","-1.61%"
"10/03/2017","1.983","1.991","2.001","1.972","-0.70%"
"10/02/2017","1.997","1.978","2.001","1.943","1.01%"
"10/01/2017","1.977","1.950","2.001","1.949","0.51%"
"09/29/2017","1.967","1.978","1.978","1.950","-0.76%"
"09/28/2017","1.982","1.990","2.006","1.957","1.12%"
"09/27/2017","1.960","1.969","1.969","1.934","0.51%"
"09/26/2017","1.950","1.960","1.967","1.901","-0.71%"
"09/25/2017","1.964","1.985","2.014","1.942","-0.30%"
"09/24/2017","1.970","1.970","1.971","1.960","-0.56%"
"09/23/2017","1.981","1.981","1.981","1.981","0.30%"
"09/22/2017","1.975","1.991","2.012","1.963","-2.76%"
"09/21/2017","2.031","2.061","2.061","2.030","-0.29%"
"09/20/2017","2.037","2.021","2.037","1.956","1.85%"
"09/19/2017","2.000","2.001","2.043","1.990","0.30%"
"09/18/2017","1.994","2.010","2.039","1.984","-0.80%"
"09/17/2017","2.010","2.002","2.010","2.002","0.00%"
"09/16/2017","2.010","2.010","2.010","2.010","2.87%"
"09/15/2017","1.954","1.967","1.976","1.929","0.51%"
"09/14/2017","1.944","1.930","1.967","1.914","2.15%"
"09/13/2017","1.903","1.910","1.927","1.898","1.33%"
"09/12/2017","1.878","1.897","1.906","1.873","-0.16%"
"09/11/2017","1.881","1.877","1.902","1.877","0.27%"
"09/10/2017","1.876","1.861","1.876","1.861","0.00%"
"09/09/2017","1.876","1.876","1.876","1.876","1.08%"
"09/08/2017","1.856","1.855","1.857","1.836","-1.38%"
"09/07/2017","1.882","1.890","1.894","1.873","2.56%"
"09/06/2017","1.835","1.854","1.858","1.833","-2.86%"
"09/05/2017","1.889","1.876","1.897","1.841","2.11%"
"09/04/2017","1.850","1.872","1.872","1.841","-1.33%"
"09/03/2017","1.875","1.855","1.875","1.855","-1.06%"
"09/02/2017","1.895","1.882","1.895","1.882","1.01%"
"09/01/2017","1.876","1.876","1.898","1.848","-1.16%"
"08/31/2017","1.898","1.891","1.926","1.857","0.85%"
"08/30/2017","1.882","1.853","1.895","1.828","2.45%"
"08/29/2017","1.837","1.883","1.899","1.830","-1.40%"
"08/28/2017","1.863","1.850","1.887","1.839","1.47%"
"08/27/2017","1.836","1.850","1.850","1.836","0.00%"
"08/26/2017","1.836","1.823","1.836","1.823","-1.02%"
"08/25/2017","1.855","1.854","1.859","1.791","0.98%"
"08/24/2017","1.837","1.839","1.850","1.834","-1.13%"
"08/23/2017","1.858","1.855","1.867","1.843","1.09%"
"08/22/2017","1.838","1.818","1.838","1.793","1.16%"
"08/21/2017","1.817","1.805","1.826","1.766","0.66%"
"08/20/2017","1.805","1.805","1.805","1.798","0.22%"
"08/19/2017","1.801","1.799","1.801","1.798","-0.33%"
"08/18/2017","1.807","1.806","1.810","1.794","-1.47%"
"08/17/2017","1.834","1.818","1.837","1.814","0.00%"
"08/16/2017","1.834","1.839","1.854","1.833","1.10%"
"08/15/2017","1.814","1.795","1.824","1.785","0.89%"
"08/14/2017","1.798","1.792","1.830","1.785","0.22%"
"08/13/2017","1.794","1.770","1.794","1.760","1.01%"
"08/12/2017","1.776","1.760","1.776","1.760","0.51%"
"08/11/2017","1.767","1.813","1.814","1.763","-2.54%"
"08/10/2017","1.813","1.799","1.823","1.770","1.00%"
"08/09/2017","1.795","1.809","1.809","1.773","-0.06%"
"08/08/2017","1.796","1.807","1.808","1.785","0.00%"
"08/07/2017","1.796","1.768","1.821","1.762","0.11%"
"08/06/2017","1.794","1.794","1.794","1.773","0.00%"
"08/05/2017","1.794","1.773","1.794","1.773","-0.06%"
"08/04/2017","1.795","1.768","1.795","1.762","0.17%"
"08/03/2017","1.792","1.814","1.828","1.792","-1.54%"
"08/02/2017","1.820","1.795","1.821","1.790","0.05%"
"08/01/2017","1.819","1.813","1.830","1.805","0.50%"
"07/31/2017","1.810","1.855","1.855","1.801","-1.36%"
"07/30/2017","1.835","1.818","1.835","1.808","0.71%"
"07/29/2017","1.822","1.836","1.836","1.822","0.05%"
"07/28/2017","1.821","1.832","1.850","1.812","0.77%"
"07/27/2017","1.807","1.833","1.839","1.796","-2.32%"
"07/26/2017","1.850","1.893","1.903","1.850","0.00%"
"07/25/2017","1.850","1.871","1.877","1.849","0.54%"
"07/24/2017","1.840","1.853","1.853","1.817","-0.70%"
"07/23/2017","1.853","1.851","1.853","1.835","0.54%"
"07/22/2017","1.843","1.835","1.843","1.835","-0.70%"
"07/21/2017","1.856","1.922","1.940","1.829","-4.18%"
"07/20/2017","1.937","1.928","1.968","1.920","1.68%"
"07/19/2017","1.905","1.897","1.912","1.876","-0.88%"
"07/18/2017","1.922","1.866","1.946","1.825","4.29%"
"07/17/2017","1.843","1.857","1.857","1.827","0.82%"
"07/16/2017","1.828","1.828","1.840","1.828","0.00%"
"07/15/2017","1.828","1.828","1.828","1.828","-1.30%"
"07/14/2017","1.852","1.855","1.864","1.845","1.04%"
"07/13/2017","1.833","1.857","1.860","1.824","-1.87%"
"07/12/2017","1.868","1.881","1.881","1.843","-0.53%"
"07/11/2017","1.878","1.856","1.889","1.855","0.00%"
"07/10/2017","1.878","1.878","1.880","1.868","0.21%"
"07/09/2017","1.874","1.868","1.874","1.853","1.13%"
"07/08/2017","1.853","1.853","1.853","1.853","6.13%"
"07/07/2017","1.746","1.744","1.761","1.723","1.93%"
"07/06/2017","1.713","1.705","1.714","1.680","0.59%"
"07/05/2017","1.703","1.705","1.709","1.682","-2.07%"
"07/04/2017","1.739","1.746","1.754","1.723","-0.74%"
"07/03/2017","1.752","1.767","1.773","1.735","-1.02%"
"07/02/2017","1.770","1.723","1.770","1.723","2.73%"
"07/01/2017","1.723","1.764","1.764","1.723","-1.49%"
"06/30/2017","1.749","1.756","1.774","1.713","1.92%"
"06/29/2017","1.716","1.695","1.724","1.663","1.24%"
"06/28/2017","1.695","1.708","1.715","1.684","2.05%"
"06/27/2017","1.661","1.672","1.677","1.653","-0.54%"
"06/26/2017","1.670","1.668","1.686","1.661","0.12%"
"06/25/2017","1.668","1.675","1.675","1.658","0.60%"
"06/24/2017","1.658","1.658","1.658","1.658","-1.31%"
"06/23/2017","1.680","1.670","1.691","1.664","0.42%"
"06/22/2017","1.673","1.684","1.684","1.664","-0.65%"
"06/21/2017","1.684","1.694","1.705","1.674","-1.17%"
"06/20/2017","1.704","1.721","1.738","1.704","0.35%"
"06/19/2017","1.698","1.700","1.708","1.686","-0.12%"
"06/18/2017","1.700","1.686","1.700","1.673","1.25%"
"06/17/2017","1.679","1.685","1.685","1.679","-0.65%"
"06/16/2017","1.690","1.681","1.699","1.667","1.99%"
"06/15/2017","1.657","1.610","1.671","1.597","1.53%"
"06/14/2017","1.632","1.639","1.649","1.629","0.06%"
"06/13/2017","1.631","1.651","1.656","1.631","-1.21%"
"06/12/2017","1.651","1.638","1.652","1.623","1.10%"
"06/11/2017","1.633","1.623","1.633","1.613","1.24%"
"06/10/2017","1.613","1.613","1.613","1.613","-1.04%"
"06/09/2017","1.630","1.639","1.639","1.606","0.18%"
"06/08/2017","1.627","1.636","1.644","1.609","-0.12%"
"06/07/2017","1.629","1.577","1.639","1.573","3.04%"
"06/06/2017","1.581","1.603","1.608","1.561","0.51%"
"06/05/2017","1.573","1.565","1.584","1.543","0.51%"
"06/04/2017","1.565","1.569","1.573","1.565","-1.01%"
"06/03/2017","1.581","1.590","1.590","1.581","-0.25%"
"06/02/2017","1.585","1.569","1.594","1.549","1.34%"
"06/01/2017","1.564","1.568","1.586","1.545","0.64%"
"05/31/2017","1.554","1.567","1.574","1.554","-1.15%"
"05/30/2017","1.572","1.601","1.606","1.552","-1.19%"
"05/29/2017","1.591","1.583","1.601","1.551","0.51%"
"05/28/2017","1.583","1.569","1.583","1.565","1.15%"
"05/27/2017","1.565","1.565","1.565","1.565","-0.95%"
"05/26/2017","1.580","1.611","1.611","1.570","-0.63%"
"05/25/2017","1.590","1.596","1.602","1.589","-1.85%"
"05/24/2017","1.620","1.649","1.649","1.619","-0.12%"
"05/23/2017","1.622","1.623","1.628","1.600","-0.55%"
"05/22/2017","1.631","1.603","1.649","1.603","1.62%"
"05/21/2017","1.605","1.623","1.623","1.605","0.00%"
"05/20/2017","1.605","1.605","1.605","1.605","-2.19%"
"05/19/2017","1.641","1.653","1.657","1.629","0.55%"
"05/18/2017","1.632","1.593","1.634","1.579","0.00%"
"05/17/2017","1.632","1.645","1.654","1.616","-1.51%"
"05/16/2017","1.657","1.675","1.675","1.656","-0.06%"
"05/15/2017","1.658","1.677","1.677","1.631","-0.60%"
"05/14/2017","1.668","1.651","1.668","1.651","0.00%"
"05/13/2017","1.668","1.668","1.668","1.668","-0.42%"
"05/12/2017","1.675","1.693","1.702","1.668","-1.06%"
"05/11/2017","1.693","1.706","1.717","1.690","-1.34%"
"05/10/2017","1.716","1.734","1.753","1.710","-1.32%"
"05/09/2017","1.739","1.768","1.780","1.736","-0.29%"
"05/08/2017","1.744","1.728","1.757","1.680","1.28%"
"05/07/2017","1.722","1.722","1.723","1.708","0.00%"
"05/06/2017","1.722","1.708","1.736","1.708","-0.40%"
"05/05/2017","1.729","1.741","1.759","1.729","0.70%"
"05/04/2017","1.717","1.706","1.728","1.702","2.26%"
"05/03/2017","1.679","1.682","1.682","1.668","-0.71%"
"05/02/2017","1.691","1.691","1.701","1.690","1.32%"
"05/01/2017","1.669","1.661","1.671","1.629","1.09%"
"04/30/2017","1.651","1.652","1.655","1.651","-0.24%"
"04/29/2017","1.655","1.655","1.655","1.655","-0.78%"
"04/28/2017","1.668","1.679","1.683","1.648","-1.36%"
"04/27/2017","1.691","1.665","1.693","1.665","-0.53%"
"04/26/2017","1.700","1.724","1.732","1.700","-0.87%"
"04/25/2017","1.715","1.689","1.715","1.668","2.02%"
"04/24/2017","1.681","1.671","1.725","1.671","2.00%"
"04/23/2017","1.648","1.654","1.654","1.648","0.00%"
"04/22/2017","1.648","1.648","1.648","1.648","-0.78%"
"04/21/2017","1.661","1.679","1.679","1.655","0.36%"
"04/20/2017","1.655","1.680","1.681","1.645","3.05%"
"04/19/2017","1.606","1.611","1.626","1.605","-2.37%"
"04/18/2017","1.645","1.668","1.675","1.634","-2.32%"
"04/17/2017","1.684","1.639","1.684","1.639","2.75%"
"04/16/2017","1.639","1.639","1.639","1.639","0.92%"
"04/13/2017","1.624","1.607","1.640","1.603","-1.10%"
"04/12/2017","1.642","1.653","1.654","1.631","-0.06%"
"04/11/2017","1.643","1.669","1.671","1.633","-1.73%"
"04/10/2017","1.672","1.710","1.712","1.672","-0.48%"
"04/09/2017","1.680","1.680","1.680","1.680","1.88%"
"04/07/2017","1.649","1.671","1.694","1.613","-1.90%"
"04/06/2017","1.681","1.703","1.715","1.668","-1.35%"
"04/05/2017","1.704","1.723","1.730","1.702","-0.87%"
"04/04/2017","1.719","1.724","1.729","1.702","-1.77%"
"04/03/2017","1.750","1.774","1.774","1.742","0.29%"
"04/01/2017","1.745","1.745","1.745","1.745","-1.86%"
"03/31/2017","1.778","1.763","1.779","1.763","1.72%"
"03/30/2017","1.748","1.743","1.769","1.735","-0.79%"
"03/29/2017","1.762","1.803","1.803","1.762","0.74%"
"03/28/2017","1.749","1.745","1.757","1.724","1.33%"
"03/27/2017","1.726","1.716","1.761","1.716","-1.93%"
"03/26/2017","1.760","1.750","1.761","1.716","0.57%"
"03/25/2017","1.750","1.750","1.750","1.750","-1.69%"
"03/24/2017","1.780","1.780","1.799","1.755","0.17%"
"03/23/2017","1.777","1.778","1.796","1.764","-0.34%"
"03/22/2017","1.783","1.787","1.795","1.775","-1.16%"
"03/21/2017","1.804","1.814","1.821","1.791","-0.44%"
"03/20/2017","1.812","1.827","1.847","1.802","0.11%"
"03/19/2017","1.810","1.828","1.847","1.805","-0.93%"
"03/18/2017","1.827","1.823","1.827","1.823","-0.60%"
"03/17/2017","1.838","1.863","1.876","1.838","1.16%"
"03/16/2017","1.817","1.822","1.863","1.797","-3.96%"
"03/15/2017","1.892","1.894","1.902","1.886","-0.21%"
"03/14/2017","1.896","1.922","1.927","1.891","-1.04%"
"03/13/2017","1.916","1.930","1.930","1.892","1.00%"
"03/12/2017","1.897","1.920","1.930","1.892","-1.51%"
"03/11/2017","1.926","1.920","1.926","1.920","-0.10%"
"03/10/2017","1.928","1.915","1.933","1.909","0.31%"
"03/09/2017","1.922","1.932","1.938","1.906","1.69%"
"03/08/2017","1.890","1.872","1.894","1.865","1.89%"
"03/07/2017","1.855","1.852","1.865","1.844","0.54%"
"03/06/2017","1.845","1.833","1.856","1.831","-0.54%"
"03/05/2017","1.855","1.820","1.855","1.820","1.48%"
"03/04/2017","1.828","1.840","1.840","1.820","-1.19%"
"03/03/2017","1.850","1.844","1.859","1.831","0.43%"
"03/02/2017","1.842","1.857","1.862","1.832","-0.43%"
"03/01/2017","1.850","1.820","1.886","1.815","1.82%"
"02/28/2017","1.817","1.829","1.829","1.803","0.94%"
"02/27/2017","1.800","1.755","1.800","1.745","1.29%"
"02/26/2017","1.777","1.782","1.785","1.745","-0.22%"
"02/25/2017","1.781","1.771","1.785","1.771","-1.11%"
"02/24/2017","1.801","1.809","1.824","1.801","-2.33%"
"02/23/2017","1.844","1.858","1.867","1.838","-1.13%"
"02/22/2017","1.865","1.848","1.871","1.826","0.00%"
"02/21/2017","1.865","1.845","1.865","1.838","1.08%"
"02/20/2017","1.845","1.850","1.865","1.836","-0.97%"
"02/19/2017","1.863","1.845","1.864","1.842","0.54%"
"02/18/2017","1.853","1.845","1.853","1.845","-0.59%"
"02/17/2017","1.864","1.846","1.873","1.820","-1.17%"
"02/16/2017","1.886","1.883","1.913","1.876","0.59%"
"02/15/2017","1.875","1.876","1.896","1.862","1.41%"
"02/14/2017","1.849","1.820","1.863","1.818","1.71%"
"02/13/2017","1.818","1.818","1.840","1.818","-1.20%"
"02/12/2017","1.840","1.825","1.840","1.818","1.49%"
"02/11/2017","1.813","1.813","1.813","1.813","-0.93%"
"02/10/2017","1.830","1.824","1.841","1.822","2.81%"
"02/09/2017","1.780","1.778","1.780","1.760","-0.95%"
"02/08/2017","1.797","1.805","1.825","1.797","-0.22%"
"02/07/2017","1.801","1.805","1.819","1.782","-1.58%"
"02/06/2017","1.830","1.844","1.859","1.829","-0.60%"
"02/05/2017","1.841","1.835","1.863","1.835","-0.75%"
"02/04/2017","1.855","1.835","1.855","1.835","-0.16%"
"02/03/2017","1.858","1.819","1.858","1.819","1.70%"
"02/02/2017","1.827","1.810","1.843","1.788","1.73%"
"02/01/2017","1.796","1.776","1.796","1.776","-0.83%"
"01/31/2017","1.811","1.823","1.835","1.797","-0.06%"
"01/30/2017","1.812","1.840","1.850","1.811","-1.09%"
"01/29/2017","1.832","1.841","1.850","1.828","-0.05%"
"01/28/2017","1.833","1.833","1.833","1.833","-1.56%"
"01/27/2017","1.862","1.858","1.866","1.852","0.49%"
"01/26/2017","1.853","1.868","1.887","1.852","0.87%"
"01/25/2017","1.837","1.891","1.902","1.827","-0.33%"
"01/24/2017","1.843","1.856","1.863","1.843","-2.33%"
"01/23/2017","1.887","1.920","1.920","1.886","-1.05%"
"01/22/2017","1.907","1.903","1.920","1.903","0.90%"
"01/21/2017","1.890","1.890","1.890","1.890","-0.63%"
"01/20/2017","1.902","1.923","1.935","1.902","0.00%"
"01/19/2017","1.902","1.931","1.934","1.902","2.53%"
"01/18/2017","1.855","1.861","1.865","1.845","0.27%"
"01/17/2017","1.850","1.864","1.885","1.848","-0.48%"
"01/16/2017","1.859","1.881","1.893","1.859","-1.59%"
"01/15/2017","1.889","1.843","1.889","1.843","1.34%"
"01/14/2017","1.864","1.855","1.864","1.843","0.00%"
"01/13/2017","1.864","1.845","1.873","1.833","1.19%"
"01/12/2017","1.842","1.872","1.873","1.833","-2.13%"
"01/11/2017","1.882","1.887","1.891","1.864","1.57%"
"01/10/2017","1.853","1.882","1.882","1.843","-2.63%"
"01/09/2017","1.903","1.910","1.910","1.881","0.63%"
"01/08/2017","1.891","1.905","1.910","1.888","1.56%"
"01/06/2017","1.862","1.878","1.882","1.841","-1.06%"
"01/05/2017","1.882","1.913","1.922","1.882","-2.79%"
"01/04/2017","1.936","1.903","1.944","1.885","1.26%"
"01/03/2017","1.912","1.915","1.942","1.905","-0.42%"
"01/02/2017","1.920","1.893","1.930","1.893","1.43%"
"12/31/2016","1.893","1.893","1.893","1.893","-1.05%"
"12/30/2016","1.913","1.950","1.963","1.913","-1.85%"
"12/29/2016","1.949","1.948","1.959","1.925","-3.23%"
"12/28/2016","2.014","2.021","2.024","2.007","-0.10%"
"12/27/2016","2.016","1.983","2.024","1.983","1.00%"
"12/26/2016","1.996","1.983","1.996","1.983","0.00%"
"12/25/2016","1.996","1.998","1.998","1.996","0.66%"
"12/24/2016","1.983","1.983","1.983","1.983","-1.00%"
"12/23/2016","2.003","2.004","2.025","1.999","1.73%"
"12/22/2016","1.969","1.964","1.969","1.958","-0.51%"
"12/21/2016","1.979","1.961","2.007","1.959","2.01%"
"12/20/2016","1.940","1.904","1.944","1.904","0.52%"
"12/19/2016","1.930","1.939","1.950","1.900","-0.97%"
"12/18/2016","1.949","1.940","1.949","1.917","0.36%"
"12/17/2016","1.942","1.942","1.942","1.942","0.31%"
"12/16/2016","1.936","1.935","1.952","1.928","1.20%"
"12/15/2016","1.913","1.912","1.937","1.868","3.35%"
"12/14/2016","1.851","1.891","1.905","1.842","-1.28%"
"12/13/2016","1.875","1.854","1.875","1.834","-0.21%"
"12/12/2016","1.879","1.881","1.884","1.862","0.91%"
"12/11/2016","1.862","1.845","1.884","1.845","-0.11%"
"12/10/2016","1.864","1.845","1.864","1.845","-0.64%"
"12/09/2016","1.876","1.846","1.880","1.834","3.70%"
"12/08/2016","1.809","1.798","1.822","1.783","-1.36%"
"12/07/2016","1.834","1.869","1.878","1.827","-0.70%"
"12/06/2016","1.847","1.879","1.895","1.846","-0.97%"
"12/05/2016","1.865","1.888","1.891","1.838","0.11%"
"12/04/2016","1.863","1.880","1.891","1.852","-1.06%"
"12/03/2016","1.883","1.888","1.888","1.883","-0.79%"
"12/02/2016","1.898","1.921","1.933","1.888","1.61%"
"12/01/2016","1.868","1.885","1.895","1.868","0.65%"
"11/30/2016","1.856","1.855","1.857","1.827","0.54%"
"11/29/2016","1.846","1.834","1.847","1.805","0.60%"
"11/28/2016","1.835","1.842","1.850","1.813","0.27%"
"11/27/2016","1.830","1.838","1.850","1.821","-1.13%"
"11/26/2016","1.851","1.838","1.851","1.838","-0.59%"
"11/25/2016","1.862","1.878","1.908","1.853","0.49%"
"11/24/2016","1.853","1.862","1.870","1.842","1.37%"
"11/23/2016","1.828","1.814","1.828","1.803","1.05%"
"11/22/2016","1.809","1.799","1.809","1.779","-0.71%"
"11/21/2016","1.822","1.831","1.842","1.789","-0.87%"
"11/20/2016","1.838","1.820","1.839","1.789","0.88%"
"11/19/2016","1.822","1.825","1.825","1.822","-0.71%"
"11/18/2016","1.835","1.801","1.846","1.798","3.09%"
"11/17/2016","1.780","1.801","1.811","1.761","-2.52%"
"11/16/2016","1.826","1.823","1.834","1.812","0.66%"
"11/15/2016","1.814","1.830","1.860","1.791","3.19%"
"11/14/2016","1.758","1.706","1.771","1.706","0.98%"
"11/13/2016","1.741","1.703","1.771","1.703","0.93%"
"11/12/2016","1.725","1.703","1.725","1.703","-0.46%"
"11/11/2016","1.733","1.732","1.746","1.714","4.15%"
"11/10/2016","1.664","1.794","1.794","1.646","5.05%"
"11/09/2016","1.584","1.710","1.714","1.581","-4.98%"
"11/08/2016","1.667","1.665","1.699","1.656","-0.12%"
"11/07/2016","1.669","1.657","1.685","1.657","-0.48%"
"11/06/2016","1.677","1.635","1.685","1.635","2.07%"
"11/05/2016","1.643","1.651","1.651","1.643","-1.32%"
"11/04/2016","1.665","1.670","1.697","1.655","1.65%"
"11/03/2016","1.638","1.663","1.680","1.624","-0.67%"
"11/02/2016","1.649","1.653","1.670","1.622","-0.60%"
"11/01/2016","1.659","1.657","1.659","1.638","-0.36%"
"10/31/2016","1.665","1.650","1.665","1.630","0.67%"
"10/30/2016","1.654","1.671","1.671","1.630","-1.55%"
"10/29/2016","1.680","1.680","1.680","1.680","-0.83%"
"10/28/2016","1.694","1.734","1.757","1.694","-0.88%"
"10/27/2016","1.709","1.711","1.755","1.700","0.95%"
"10/26/2016","1.693","1.668","1.712","1.658","1.26%"
"10/25/2016","1.672","1.628","1.682","1.628","-0.18%"
"10/24/2016","1.675","1.676","1.694","1.668","-0.06%"
"10/23/2016","1.676","1.658","1.694","1.658","0.00%"
"10/22/2016","1.676","1.658","1.676","1.658","0.18%"
"10/21/2016","1.673","1.632","1.690","1.632","-0.65%"
"10/20/2016","1.684","1.735","1.753","1.676","-2.49%"
"10/19/2016","1.727","1.674","1.730","1.674","-1.14%"
"10/18/2016","1.747","1.693","1.765","1.693","-0.11%"
"10/17/2016","1.749","1.781","1.781","1.740","-0.79%"
"10/16/2016","1.763","1.738","1.781","1.738","0.46%"
"10/15/2016","1.755","1.738","1.755","1.738","-0.06%"
"10/14/2016","1.756","1.731","1.763","1.705","2.39%"
"10/13/2016","1.715","1.755","1.782","1.708","-1.61%"
"10/12/2016","1.743","1.727","1.762","1.718","1.16%"
"10/11/2016","1.723","1.770","1.770","1.703","2.44%"
"10/10/2016","1.682","1.702","1.722","1.681","-1.12%"
"10/09/2016","1.701","1.665","1.722","1.665","1.43%"
"10/08/2016","1.677","1.665","1.677","1.665","0.18%"
"10/07/2016","1.674","1.712","1.712","1.655","0.78%"
"10/06/2016","1.661","1.657","1.662","1.643","0.73%"
"10/05/2016","1.649","1.668","1.672","1.636","0.86%"
"10/04/2016","1.635","1.637","1.647","1.614","3.02%"
"10/03/2016","1.587","1.557","1.636","1.542","-0.81%"
"10/02/2016","1.600","1.636","1.636","1.590","-0.62%"
"10/01/2016","1.610","1.610","1.610","1.610","3.01%"
"09/30/2016","1.563","1.557","1.594","1.542","-1.94%"
"09/29/2016","1.594","1.583","1.600","1.570","0.44%"
"09/28/2016","1.587","1.611","1.637","1.586","-1.67%"
"09/27/2016","1.614","1.621","1.621","1.590","0.25%"
"09/26/2016","1.610","1.561","1.625","1.561","-0.12%"
"09/25/2016","1.612","1.624","1.624","1.600","0.00%"
"09/24/2016","1.612","1.624","1.624","1.600","-0.43%"
"09/23/2016","1.619","1.593","1.625","1.584","0.81%"
"09/22/2016","1.606","1.618","1.628","1.598","-3.72%"
"09/21/2016","1.668","1.626","1.676","1.611","0.79%"
"09/20/2016","1.655","1.677","1.678","1.642","1.35%"
"09/19/2016","1.633","1.553","1.640","1.553","2.77%"
"09/18/2016","1.589","1.575","1.589","1.575","0.44%"
"09/17/2016","1.582","1.589","1.589","1.575","-0.63%"
"09/16/2016","1.592","1.618","1.618","1.535","-1.30%"
"09/15/2016","1.613","1.628","1.630","1.588","-0.25%"
"09/14/2016","1.617","1.624","1.630","1.601","0.56%"
"09/13/2016","1.608","1.642","1.642","1.583","-0.68%"
"09/12/2016","1.619","1.632","1.636","1.600","2.21%"
"09/09/2016","1.584","1.564","1.605","1.540","6.02%"
"09/08/2016","1.494","1.500","1.504","1.460","-0.07%"
"09/07/2016","1.495","1.505","1.511","1.474","-1.90%"
"09/06/2016","1.524","1.530","1.530","1.503","1.20%"
"09/05/2016","1.506","1.499","1.518","1.438","1.07%"
"09/04/2016","1.490","1.475","1.490","1.475","0.00%"
"09/03/2016","1.490","1.475","1.490","1.475","0.34%"
"09/02/2016","1.485","1.498","1.498","1.472","0.95%"
"09/01/2016","1.471","1.464","1.471","1.450","1.45%"
"08/31/2016","1.450","1.461","1.462","1.440","-0.07%"
"08/30/2016","1.451","1.447","1.472","1.437","-0.68%"
"08/29/2016","1.461","1.447","1.503","1.447","-2.47%"
"08/28/2016","1.498","1.498","1.498","1.498","1.84%"
"08/26/2016","1.471","1.446","1.471","1.435","1.59%"
"08/25/2016","1.448","1.410","1.448","1.410","0.70%"
"08/24/2016","1.438","1.432","1.438","1.381","0.70%"
"08/23/2016","1.428","1.471","1.481","1.428","-2.66%"
"08/22/2016","1.467","1.382","1.467","1.382","2.66%"
"08/21/2016","1.429","1.448","1.448","1.410","0.00%"
"08/20/2016","1.429","1.410","1.429","1.410","-0.21%"
"08/19/2016","1.432","1.437","1.439","1.430","0.21%"
"08/18/2016","1.429","1.494","1.494","1.421","-0.42%"
"08/17/2016","1.435","1.446","1.453","1.429","-0.42%"
"08/16/2016","1.441","1.466","1.470","1.440","-0.14%"
"08/15/2016","1.443","1.448","1.458","1.434","-0.55%"
"08/14/2016","1.451","1.449","1.451","1.449","0.14%"
"08/13/2016","1.449","1.452","1.452","1.449","-0.55%"
"08/12/2016","1.457","1.478","1.480","1.457","0.83%"
"08/11/2016","1.445","1.451","1.459","1.435","-0.76%"
"08/10/2016","1.456","1.470","1.484","1.454","-2.54%"
"08/09/2016","1.494","1.488","1.514","1.481","-0.07%"
"08/08/2016","1.495","1.496","1.529","1.481","-0.47%"
"08/07/2016","1.502","1.470","1.502","1.470","0.60%"
"08/06/2016","1.493","1.470","1.493","1.470","0.61%"
"08/05/2016","1.484","1.481","1.494","1.467","-0.80%"
"08/04/2016","1.496","1.477","1.503","1.470","0.40%"
"08/03/2016","1.490","1.498","1.507","1.468","2.05%"
"08/02/2016","1.460","1.507","1.508","1.460","-0.95%"
"08/01/2016","1.474","1.521","1.548","1.447","-0.67%"
"07/31/2016","1.484","1.472","1.490","1.472","-0.40%"
"07/30/2016","1.490","1.508","1.508","1.490","-1.84%"
"07/29/2016","1.518","1.521","1.525","1.499","-1.30%"
"07/28/2016","1.538","1.542","1.549","1.528","-3.21%"
"07/27/2016","1.589","1.586","1.634","1.576","2.12%"
"07/26/2016","1.556","1.567","1.567","1.549","1.70%"
"07/25/2016","1.530","1.528","1.543","1.524","0.13%"
"07/24/2016","1.528","1.528","1.528","1.510","0.59%"
"07/23/2016","1.519","1.510","1.519","1.510","-0.13%"
"07/22/2016","1.521","1.534","1.534","1.501","-1.23%"
"07/21/2016","1.540","1.575","1.575","1.532","-1.97%"
"07/20/2016","1.571","1.566","1.584","1.561","-0.82%"
"07/19/2016","1.584","1.635","1.652","1.584","-3.41%"
"07/18/2016","1.640","1.645","1.673","1.620","-0.30%"
"07/17/2016","1.645","1.645","1.645","1.633","0.73%"
"07/16/2016","1.633","1.620","1.633","1.620","-1.09%"
"07/15/2016","1.651","1.674","1.674","1.647","1.16%"
"07/14/2016","1.632","1.641","1.641","1.611","-1.63%"
"07/13/2016","1.659","1.693","1.696","1.649","0.24%"
"07/12/2016","1.655","1.638","1.683","1.635","2.99%"
"07/11/2016","1.607","1.600","1.615","1.595","0.44%"
"07/10/2016","1.600","1.575","1.600","1.575","0.76%"
"07/09/2016","1.588","1.575","1.588","1.575","-0.25%"
"07/08/2016","1.592","1.589","1.609","1.580","0.89%"
"07/07/2016","1.578","1.572","1.582","1.550","2.20%"
"07/06/2016","1.544","1.560","1.567","1.527","-3.44%"
"07/05/2016","1.599","1.613","1.622","1.593","-0.12%"
"07/04/2016","1.601","1.610","1.625","1.562","0.38%"
"07/03/2016","1.595","1.595","1.595","1.550","1.40%"
"07/02/2016","1.573","1.550","1.573","1.550","-0.25%"
"07/01/2016","1.577","1.589","1.593","1.569","-1.93%"
"06/30/2016","1.608","1.646","1.646","1.598","0.25%"
"06/29/2016","1.604","1.599","1.616","1.584","1.84%"
"06/28/2016","1.575","1.558","1.589","1.552","-0.25%"
"06/27/2016","1.579","1.621","1.636","1.549","-3.13%"
"06/26/2016","1.630","1.643","1.643","1.630","3.30%"
"06/24/2016","1.578","1.796","1.800","1.527","-8.57%"
"06/23/2016","1.726","1.715","1.746","1.715","0.17%"
"06/22/2016","1.723","1.722","1.732","1.704","2.44%"
"06/21/2016","1.682","1.677","1.692","1.654","2.25%"
"06/20/2016","1.645","1.648","1.673","1.635","-0.18%"
"06/19/2016","1.648","1.600","1.648","1.600","1.48%"
"06/18/2016","1.624","1.600","1.624","1.600","0.25%"
"06/17/2016","1.620","1.596","1.633","1.583","3.05%"
"06/16/2016","1.572","1.603","1.628","1.567","-3.74%"
"06/15/2016","1.633","1.649","1.653","1.613","-0.18%"
"06/14/2016","1.636","1.662","1.665","1.627","-1.62%"
"06/13/2016","1.663","1.655","1.675","1.645","-0.06%"
"06/12/2016","1.664","1.655","1.664","1.655","0.12%"
"06/11/2016","1.662","1.655","1.662","1.655","-1.25%"
"06/10/2016","1.683","1.691","1.691","1.654","0.42%"
"06/09/2016","1.676","1.668","1.713","1.668","1.15%"
"06/08/2016","1.657","1.671","1.674","1.648","1.53%"
"06/07/2016","1.632","1.613","1.635","1.607","1.24%"
"06/06/2016","1.612","1.579","1.612","1.576","1.77%"
"06/05/2016","1.584","1.640","1.640","1.584","-0.56%"
"06/04/2016","1.593","1.593","1.593","1.593","-3.40%"
"06/03/2016","1.649","1.656","1.676","1.642","-1.14%"
"06/02/2016","1.668","1.676","1.686","1.656","-2.40%"
"06/01/2016","1.709","1.684","1.735","1.674","1.06%"
"05/31/2016","1.691","1.667","1.692","1.651","2.36%"
"05/30/2016","1.652","1.672","1.685","1.652","-0.18%"
"05/29/2016","1.655","1.671","1.671","1.646","0.55%"
"05/28/2016","1.646","1.671","1.671","1.646","-0.72%"
"05/27/2016","1.658","1.631","1.658","1.619","0.67%"
"05/26/2016","1.647","1.669","1.687","1.623","-1.08%"
"05/25/2016","1.665","1.675","1.679","1.660","0.12%"
"05/24/2016","1.663","1.655","1.683","1.640","0.00%"
"05/23/2016","1.663","1.647","1.663","1.641","0.97%"
"05/22/2016","1.647","1.648","1.648","1.625","0.67%"
"05/21/2016","1.636","1.625","1.636","1.625","-0.30%"
"05/20/2016","1.641","1.654","1.669","1.631","-1.74%"
"05/19/2016","1.670","1.676","1.706","1.640","2.14%"
"05/18/2016","1.635","1.668","1.676","1.634","-1.27%"
"05/17/2016","1.656","1.627","1.664","1.617","3.76%"
"05/16/2016","1.596","1.574","1.596","1.536","1.27%"
"05/15/2016","1.576","1.569","1.588","1.569","-0.38%"
"05/14/2016","1.582","1.577","1.588","1.577","-0.50%"
"05/13/2016","1.590","1.622","1.623","1.589","-0.44%"
"05/12/2016","1.597","1.618","1.630","1.596","-1.30%"
"05/11/2016","1.618","1.636","1.656","1.608","1.89%"
"05/10/2016","1.588","1.570","1.601","1.560","0.25%"
"05/09/2016","1.584","1.614","1.620","1.584","-2.04%"
"05/08/2016","1.617","1.619","1.619","1.598","1.19%"
"05/07/2016","1.598","1.578","1.598","1.578","0.63%"
"05/06/2016","1.588","1.661","1.679","1.577","-6.75%"
"05/05/2016","1.703","1.720","1.720","1.686","-1.45%"
"05/04/2016","1.728","1.738","1.738","1.709","-2.26%"
"05/03/2016","1.768","1.908","1.937","1.767","-5.86%"
"05/02/2016","1.878","1.901","1.917","1.873","-1.31%"
"05/01/2016","1.903","1.858","1.903","1.858","1.22%"
"04/30/2016","1.880","1.873","1.880","1.858","0.64%"
"04/29/2016","1.868","1.890","1.908","1.859","-0.48%"
"04/28/2016","1.877","1.885","1.887","1.858","-3.25%"
"04/27/2016","1.940","2.094","2.103","1.940","-6.82%"
"04/26/2016","2.082","2.098","2.098","2.072","-0.76%"
"04/25/2016","2.098","2.073","2.098","2.058","0.82%"
"04/24/2016","2.081","2.084","2.084","2.045","0.82%"
"04/23/2016","2.064","2.059","2.064","2.045","0.39%"
"04/22/2016","2.056","2.048","2.067","2.048","0.29%"
"04/21/2016","2.050","2.049","2.060","2.039","1.94%"
"04/20/2016","2.011","2.033","2.035","2.010","-1.03%"
"04/19/2016","2.032","2.015","2.043","2.002","2.47%"
"04/18/2016","1.983","2.000","2.013","1.959","-1.00%"
"04/17/2016","2.003","2.010","2.010","2.003","-0.20%"
"04/16/2016","2.007","1.990","2.010","1.990","-1.18%"
"04/15/2016","2.031","2.018","2.042","2.010","1.75%"
"04/14/2016","1.996","1.963","2.022","1.962","1.63%"
"04/13/2016","1.964","1.958","1.983","1.935","2.72%"
"04/12/2016","1.912","1.901","1.923","1.881","2.19%"
"04/11/2016","1.871","1.872","1.895","1.859","-0.16%"
"04/10/2016","1.874","1.838","1.874","1.838","1.02%"
"04/09/2016","1.855","1.844","1.855","1.838","-0.43%"
"04/08/2016","1.863","1.851","1.863","1.832","-1.38%"
"04/07/2016","1.889","1.910","1.918","1.889","0.05%"
"04/06/2016","1.888","1.875","1.898","1.850","-0.05%"
"04/05/2016","1.889","1.887","1.900","1.865","0.21%"
"04/04/2016","1.885","1.954","1.971","1.881","-3.63%"
"04/03/2016","1.956","1.956","1.956","1.956","-0.10%"
"04/02/2016","1.958","1.942","1.958","1.942","0.41%"
"04/01/2016","1.950","1.902","1.957","1.891","2.90%"
"03/31/2016","1.895","1.924","1.924","1.883","-1.51%"
"03/30/2016","1.924","1.921","1.936","1.912","-2.83%"
"03/29/2016","1.980","1.980","1.990","1.968","0.61%"
"03/28/2016","1.968","1.985","1.985","1.968","-0.76%"
"03/26/2016","1.983","1.982","1.983","1.982","-0.15%"
"03/24/2016","1.986","1.978","1.991","1.978","-2.07%"
"03/23/2016","2.028","2.010","2.038","2.007","3.05%"
"03/22/2016","1.968","1.986","2.006","1.968","0.20%"
"03/21/2016","1.964","1.957","1.974","1.954","-0.05%"
"03/20/2016","1.965","1.960","1.966","1.954","0.31%"
"03/19/2016","1.959","1.959","1.959","1.951","-0.31%"
"03/18/2016","1.965","1.972","1.993","1.965","-0.61%"
"03/17/2016","1.977","1.944","1.977","1.915","-1.89%"
"03/16/2016","2.015","2.025","2.027","2.014","-0.84%"
"03/15/2016","2.032","2.023","2.038","2.016","-2.07%"
"03/14/2016","2.075","2.056","2.085","2.047","0.63%"
"03/13/2016","2.062","2.027","2.067","2.027","2.38%"
"03/12/2016","2.014","2.047","2.047","2.014","-1.03%"
"03/11/2016","2.035","1.982","2.035","1.981","2.57%"
"03/10/2016","1.984","1.975","1.990","1.953","0.56%"
"03/09/2016","1.973","1.960","1.975","1.950","0.10%"
"03/08/2016","1.971","1.995","2.019","1.970","-0.25%"
"03/07/2016","1.976","1.954","1.989","1.954","0.61%"
"03/06/2016","1.964","1.969","1.974","1.925","0.98%"
"03/05/2016","1.945","1.925","1.945","1.925","-0.66%"
"03/04/2016","1.958","1.903","1.959","1.899","1.77%"
"03/03/2016","1.924","1.894","1.925","1.886","3.00%"
"03/02/2016","1.868","1.813","1.872","1.809","7.17%"
"03/01/2016","1.743","1.769","1.778","1.720","-2.02%"
"02/29/2016","1.779","1.795","1.821","1.775","-2.15%"
"02/28/2016","1.818","1.755","1.821","1.755","1.85%"
"02/27/2016","1.785","1.815","1.815","1.755","0.28%"
"02/26/2016","1.780","1.791","1.795","1.777","-0.84%"
"02/25/2016","1.795","1.826","1.839","1.783","-0.94%"
"02/24/2016","1.812","1.854","1.855","1.802","-1.20%"
"02/23/2016","1.834","1.867","1.867","1.833","-0.54%"
"02/22/2016","1.844","1.842","1.854","1.827","-0.05%"
"02/21/2016","1.845","1.843","1.847","1.803","1.21%"
"02/20/2016","1.823","1.812","1.823","1.803","-0.11%"
"02/19/2016","1.825","1.854","1.872","1.824","-3.03%"
"02/18/2016","1.882","1.907","1.932","1.874","0.00%"
"02/17/2016","1.882","1.885","1.902","1.857","-1.57%"
"02/16/2016","1.912","1.881","1.915","1.870","2.69%"
"02/15/2016","1.862","1.848","1.871","1.816","0.05%"
"02/14/2016","1.861","1.849","1.861","1.816","4.20%"
"02/12/2016","1.786","1.754","1.789","1.743","2.12%"
"02/11/2016","1.749","1.788","1.788","1.739","-1.35%"
"02/10/2016","1.773","1.811","1.811","1.757","0.28%"
"02/09/2016","1.768","1.810","1.833","1.749","-6.36%"
"02/08/2016","1.888","1.896","1.907","1.877","0.05%"
"02/07/2016","1.887","1.845","1.907","1.845","0.32%"
"02/06/2016","1.881","1.882","1.882","1.845","0.70%"
"02/05/2016","1.868","1.893","1.912","1.858","-0.90%"
"02/04/2016","1.885","1.874","1.896","1.859","2.56%"
"02/03/2016","1.838","1.857","1.867","1.828","-3.57%"
"02/02/2016","1.906","1.907","1.919","1.896","0.85%"
"02/01/2016","1.890","1.895","1.912","1.877","0.43%"
"01/31/2016","1.882","1.890","1.912","1.877","-0.74%"
"01/30/2016","1.896","1.883","1.896","1.883","-1.35%"
"01/29/2016","1.922","1.942","1.948","1.919","-1.84%"
"01/28/2016","1.958","1.943","1.968","1.940","0.82%"
"01/27/2016","1.942","1.928","1.970","1.904","1.52%"
"01/26/2016","1.913","1.940","1.945","1.894","-2.70%"
"01/25/2016","1.966","1.987","1.991","1.945","-0.20%"
"01/24/2016","1.970","1.950","1.989","1.945","0.15%"
"01/23/2016","1.967","1.961","1.967","1.950","0.20%"
"01/22/2016","1.963","1.948","1.983","1.947","0.26%"
"01/21/2016","1.958","1.921","1.962","1.911","1.45%"
"01/20/2016","1.930","1.976","1.991","1.930","0.36%"
"01/19/2016","1.923","1.919","1.956","1.909","-0.05%"
"01/18/2016","1.924","1.915","1.934","1.872","1.21%"
"01/17/2016","1.901","1.945","1.945","1.872","-0.78%"
"01/16/2016","1.916","1.915","1.916","1.915","-2.84%"
"01/15/2016","1.972","1.993","1.997","1.963","0.25%"
"01/14/2016","1.967","1.981","1.992","1.946","-2.86%"
"01/13/2016","2.025","1.990","2.038","1.980","0.65%"
"01/12/2016","2.012","2.001","2.024","1.975","1.56%"
"01/11/2016","1.981","1.996","2.020","1.961","0.51%"
"01/10/2016","1.971","1.993","2.020","1.969","-1.45%"
"01/09/2016","2.000","1.986","2.000","1.986","-0.60%"
"01/08/2016","2.012","1.944","2.012","1.933","2.71%"
"01/07/2016","1.959","1.981","1.987","1.955","-1.46%"
"01/06/2016","1.988","2.008","2.026","1.981","-0.15%"
"01/05/2016","1.991","1.984","2.001","1.951","-1.24%"
"01/04/2016","2.016","2.035","2.046","2.008","-1.18%"
"01/03/2016","2.040","2.003","2.046","2.003","-0.54%"
"01/02/2016","2.051","2.023","2.051","2.003","1.18%"
"01/01/2016","2.027","2.003","2.027","2.003","-0.30%"
"12/31/2015","2.033","2.021","2.039","1.987","2.01%"
"12/30/2015","1.993","2.039","2.039","1.993","-0.10%"
"12/29/2015","1.995","2.055","2.057","1.972","-0.30%"
"12/28/2015","2.001","2.010","2.057","1.991","-2.01%"
"12/27/2015","2.042","2.010","2.042","2.010","0.10%"
"12/26/2015","2.040","2.031","2.040","2.010","0.00%"
"12/25/2015","2.040","2.010","2.040","2.010","0.10%"
"12/24/2015","2.038","2.052","2.053","2.020","0.34%"
"12/23/2015","2.031","2.041","2.050","2.021","1.10%"
"12/22/2015","2.009","2.007","2.048","2.005","-0.30%"
"12/21/2015","2.015","2.010","2.035","1.995","0.00%"
"12/20/2015","2.015","1.990","2.015","1.990","0.75%"
"12/19/2015","2.000","1.988","2.000","1.988","-0.84%"
"12/18/2015","2.017","2.064","2.065","2.017","-2.56%"
"12/17/2015","2.070","2.116","2.119","2.067","-0.34%"
"12/16/2015","2.077","2.080","2.098","2.069","0.63%"
"12/15/2015","2.064","2.100","2.111","2.063","0.39%"
"12/14/2015","2.056","2.068","2.074","2.049","0.19%"
"12/13/2015","2.052","2.035","2.074","2.035","0.20%"
"12/12/2015","2.048","2.046","2.048","2.035","-2.34%"
"12/11/2015","2.097","2.115","2.125","2.094","-0.76%"
"12/10/2015","2.113","2.049","2.164","2.041","3.12%"
"12/09/2015","2.049","2.050","2.067","2.047","-0.10%"
"12/08/2015","2.051","2.075","2.090","2.051","-3.21%"
"12/07/2015","2.119","2.100","2.123","2.081","1.15%"
"12/06/2015","2.095","2.082","2.105","2.081","-0.10%"
"12/05/2015","2.097","2.103","2.103","2.082","-0.38%"
"12/04/2015","2.105","2.102","2.106","2.084","3.49%"
"12/03/2015","2.034","2.048","2.056","2.028","-0.34%"
"12/02/2015","2.041","2.039","2.056","2.020","0.74%"
"12/01/2015","2.026","2.029","2.032","1.996","0.65%"
"11/30/2015","2.013","2.039","2.059","1.992","0.50%"
"11/29/2015","2.003","1.983","2.059","1.983","-0.74%"
"11/28/2015","2.018","2.046","2.046","1.983","0.15%"
"11/27/2015","2.015","2.000","2.019","1.974","1.31%"
"11/26/2015","1.989","2.027","2.031","1.987","-1.83%"
"11/25/2015","2.026","2.059","2.071","2.026","-1.55%"
"11/24/2015","2.058","2.062","2.075","2.048","-0.19%"
"11/23/2015","2.062","2.051","2.088","2.050","-0.82%"
"11/22/2015","2.079","2.045","2.088","2.045","0.53%"
"11/21/2015","2.068","2.047","2.068","2.036","1.52%"
"11/20/2015","2.037","2.024","2.044","2.015","-0.05%"
"11/19/2015","2.038","2.036","2.051","2.033","-0.73%"
"11/18/2015","2.053","2.034","2.054","2.024","0.64%"
"11/17/2015","2.040","2.032","2.058","2.030","0.64%"
"11/16/2015","2.027","2.015","2.028","1.975","1.15%"
"11/15/2015","2.004","2.040","2.042","1.975","-1.33%"
"11/14/2015","2.031","2.034","2.043","2.031","-1.65%"
"11/13/2015","2.065","2.050","2.065","2.037","0.39%"
"11/12/2015","2.057","1.982","2.088","1.982","4.95%"
"11/11/2015","1.960","1.958","1.976","1.950","-2.00%"
"11/10/2015","2.000","1.976","2.006","1.969","0.81%"
"11/09/2015","1.984","1.967","2.007","1.950","0.10%"
"11/08/2015","1.982","1.943","1.982","1.942","2.01%"
"11/07/2015","1.943","1.954","1.959","1.943","2.10%"
"11/06/2015","1.903","1.909","1.931","1.897","-0.83%"
"11/05/2015","1.919","1.866","1.919","1.860","3.39%"
"11/04/2015","1.856","1.838","1.856","1.824","2.94%"
"11/03/2015","1.803","1.789","1.823","1.771","2.21%"
"11/02/2015","1.764","1.750","1.780","1.730","0.11%"
"11/01/2015","1.762","1.755","1.780","1.730","1.61%"
"10/31/2015","1.734","1.761","1.763","1.713","-2.69%"
"10/30/2015","1.782","1.781","1.791","1.761","1.31%"
"10/29/2015","1.759","1.777","1.793","1.746","0.40%"
"10/28/2015","1.752","1.808","1.824","1.741","-3.42%"
"10/27/2015","1.814","1.828","1.845","1.800","-0.55%"
"10/26/2015","1.824","1.842","1.842","1.815","0.16%"
"10/25/2015","1.821","1.841","1.842","1.815","-1.19%"
"10/24/2015","1.843","1.837","1.843","1.834","2.50%"
"10/23/2015","1.798","1.792","1.814","1.792","-0.72%"
"10/22/2015","1.811","1.802","1.818","1.779","-0.39%"
"10/21/2015","1.818","1.828","1.848","1.809","2.13%"
"10/20/2015","1.780","1.797","1.803","1.778","-1.06%"
"10/19/2015","1.799","1.820","1.823","1.776","1.12%"
"10/18/2015","1.779","1.804","1.823","1.779","-1.39%"
"10/17/2015","1.804","1.819","1.819","1.785","-0.61%"
"10/16/2015","1.815","1.838","1.848","1.815","-1.47%"
"10/15/2015","1.842","1.798","1.851","1.783","0.93%"
"10/14/2015","1.825","1.879","1.883","1.797","-2.77%"
"10/13/2015","1.877","1.893","1.901","1.867","-1.37%"
"10/12/2015","1.903","1.896","1.918","1.896","0.00%"
"10/11/2015","1.903","1.875","1.918","1.875","0.85%"
"10/10/2015","1.887","1.899","1.903","1.875","0.43%"
"10/09/2015","1.879","1.872","1.893","1.872","1.02%"
"10/08/2015","1.860","1.899","1.918","1.858","-1.27%"
"10/07/2015","1.884","1.865","1.893","1.834","2.39%"
"10/06/2015","1.840","1.835","1.849","1.820","3.31%"
"10/05/2015","1.781","1.844","1.887","1.750","-0.22%"
"10/04/2015","1.785","1.831","1.831","1.783","-3.25%"
"10/03/2015","1.845","1.819","1.845","1.819","-0.43%"
"10/02/2015","1.853","1.844","1.875","1.828","0.82%"
"10/01/2015","1.838","1.839","1.859","1.809","0.55%"
"09/30/2015","1.828","1.852","1.853","1.806","-0.71%"
"09/29/2015","1.841","1.883","1.888","1.827","-3.66%"
"09/28/2015","1.911","1.913","1.914","1.898","0.16%"
"09/27/2015","1.908","1.905","1.914","1.900","0.16%"
"09/26/2015","1.905","1.912","1.912","1.905","-1.35%"
"09/25/2015","1.931","1.905","1.931","1.865","2.22%"
"09/24/2015","1.889","1.933","1.933","1.878","0.00%"
"09/23/2015","1.889","1.924","1.949","1.881","-2.98%"
"09/22/2015","1.947","1.965","1.966","1.937","1.46%"
"09/21/2015","1.919","1.916","1.956","1.909","-1.39%"
"09/20/2015","1.946","1.910","1.947","1.910","1.78%"
"09/19/2015","1.912","1.913","1.915","1.910","-1.44%"
"09/18/2015","1.940","1.888","1.947","1.888","-1.72%"
"09/17/2015","1.974","1.977","1.992","1.964","1.60%"
"09/16/2015","1.943","1.987","1.987","1.933","1.78%"
"09/15/2015","1.909","1.903","1.939","1.887","0.10%"
"09/14/2015","1.907","1.915","1.923","1.898","-0.57%"
"09/13/2015","1.918","1.895","1.921","1.895","0.63%"
"09/12/2015","1.906","1.919","1.919","1.895","0.11%"
"09/11/2015","1.904","1.921","1.926","1.898","1.55%"
"09/10/2015","1.875","1.883","1.895","1.848","-1.37%"
"09/09/2015","1.901","1.861","1.913","1.837","5.03%"
"09/08/2015","1.810","1.813","1.820","1.787","0.50%"
"09/07/2015","1.801","1.788","1.810","1.773","-0.39%"
"09/06/2015","1.808","1.767","1.808","1.748","2.32%"
"09/05/2015","1.767","1.788","1.788","1.748","-0.17%"
"09/04/2015","1.770","1.791","1.800","1.768","-2.48%"
"09/03/2015","1.815","1.838","1.840","1.813","-0.66%"
"09/02/2015","1.827","1.792","1.828","1.787","2.70%"
"09/01/2015","1.779","1.815","1.821","1.758","-0.73%"
"08/31/2015","1.792","1.843","1.872","1.792","-1.43%"
"08/30/2015","1.818","1.831","1.872","1.808","-0.66%"
"08/29/2015","1.830","1.841","1.842","1.810","-0.38%"
"08/28/2015","1.837","1.856","1.865","1.831","1.16%"
"08/27/2015","1.816","1.868","1.876","1.804","1.00%"
"08/26/2015","1.798","1.827","1.834","1.771","-1.43%"
"08/25/2015","1.824","1.756","1.831","1.734","2.70%"
"08/24/2015","1.776","1.809","1.812","1.747","-1.44%"
"08/23/2015","1.802","1.808","1.825","1.788","-0.33%"
"08/22/2015","1.808","1.820","1.825","1.808","-2.85%"
"08/21/2015","1.861","1.884","1.893","1.860","-1.38%"
"08/20/2015","1.887","1.907","1.918","1.887","-2.23%"
"08/19/2015","1.930","1.960","1.967","1.919","-1.58%"
"08/18/2015","1.961","1.940","1.961","1.927","-0.96%"
"08/17/2015","1.980","1.987","2.007","1.961","0.05%"
"08/16/2015","1.979","1.950","2.007","1.950","0.51%"
"08/15/2015","1.969","1.987","1.990","1.950","0.46%"
"08/14/2015","1.960","1.970","1.984","1.947","-0.51%"
"08/13/2015","1.970","1.967","1.973","1.929","2.18%"
"08/12/2015","1.928","1.935","1.956","1.911","-1.43%"
"08/11/2015","1.956","2.007","2.012","1.950","-0.86%"
"08/10/2015","1.973","1.942","1.977","1.921","0.71%"
"08/09/2015","1.959","1.954","1.964","1.921","-0.05%"
"08/08/2015","1.960","1.942","1.960","1.942","-1.41%"
"08/07/2015","1.988","1.964","2.003","1.932","1.69%"
"08/06/2015","1.955","1.983","2.002","1.945","-1.66%"
"08/05/2015","1.988","1.970","1.988","1.953","6.60%"
"08/04/2015","1.865","1.840","1.887","1.821","-0.21%"
"08/03/2015","1.869","1.879","1.906","1.820","0.75%"
"08/02/2015","1.855","1.870","1.871","1.844","1.92%"
"08/01/2015","1.820","1.832","1.870","1.820","-3.29%"
"07/31/2015","1.882","1.879","1.895","1.869","-2.18%"
"07/30/2015","1.924","1.918","1.940","1.891","1.53%"
"07/29/2015","1.895","1.919","1.926","1.878","1.17%"
"07/28/2015","1.873","1.831","1.873","1.804","1.41%"
"07/27/2015","1.847","1.883","1.891","1.831","-0.48%"
"07/26/2015","1.856","1.840","1.891","1.840","-1.33%"
"07/25/2015","1.881","1.865","1.881","1.848","1.02%"
"07/24/2015","1.862","1.901","1.908","1.841","-2.97%"
"07/23/2015","1.919","1.954","1.970","1.909","-1.54%"
"07/22/2015","1.949","1.952","1.959","1.903","-1.42%"
"07/21/2015","1.977","2.016","2.027","1.977","0.66%"
"07/20/2015","1.964","1.984","1.992","1.964","-0.51%"
"07/19/2015","1.974","1.965","1.992","1.965","1.33%"
"07/18/2015","1.948","1.985","1.994","1.948","-2.16%"
"07/17/2015","1.991","1.980","1.994","1.973","1.89%"
"07/16/2015","1.954","1.938","1.992","1.932","-3.46%"
"07/15/2015","2.024","1.979","2.026","1.961","0.85%"
"07/14/2015","2.007","1.999","2.013","1.990","1.72%"
"07/13/2015","1.973","1.987","1.987","1.943","0.31%"
"07/12/2015","1.967","1.920","1.988","1.920","-1.16%"
"07/11/2015","1.990","1.990","1.990","1.990","1.02%"
"07/10/2015","1.970","1.959","1.972","1.929","5.74%"
"07/09/2015","1.863","1.816","1.878","1.786","0.76%"
"07/08/2015","1.849","1.876","1.876","1.805","-0.75%"
"07/07/2015","1.863","1.895","1.897","1.849","-0.48%"
"07/06/2015","1.872","1.913","1.926","1.855","-1.58%"
"07/05/2015","1.902","1.960","1.960","1.855","-0.78%"
"07/04/2015","1.917","1.931","1.931","1.917","-4.20%"
"07/03/2015","2.001","2.011","2.032","1.991","-0.69%"
"07/02/2015","2.015","2.045","2.053","2.015","-0.15%"
"07/01/2015","2.018","2.039","2.064","2.016","-0.05%"
"06/30/2015","2.019","2.019","2.032","2.000","1.82%"
"06/29/2015","1.983","2.097","2.097","1.892","0.97%"
"06/28/2015","1.964","2.105","2.106","1.892","-6.74%"
"06/27/2015","2.106","2.119","2.119","2.106","1.69%"
"06/26/2015","2.071","2.052","2.072","2.039","0.78%"
"06/25/2015","2.055","2.005","2.059","1.994","0.00%"
"06/24/2015","2.055","2.072","2.090","2.037","0.15%"
"06/23/2015","2.052","2.039","2.064","2.006","6.49%"
"06/22/2015","1.927","1.897","1.940","1.897","0.31%"
"06/21/2015","1.921","1.896","1.931","1.870","1.37%"
"06/20/2015","1.895","1.887","1.895","1.870","0.91%"
"06/19/2015","1.878","1.951","1.962","1.871","-0.79%"
"06/18/2015","1.893","1.980","1.981","1.890","-4.73%"
"06/17/2015","1.987","2.005","2.018","1.962","-1.68%"
"06/16/2015","2.021","2.054","2.054","2.021","-0.59%"
"06/15/2015","2.033","2.088","2.092","1.967","0.15%"
"06/14/2015","2.030","2.076","2.109","1.967","-2.22%"
"06/13/2015","2.076","2.095","2.095","2.045","0.63%"
"06/12/2015","2.063","2.069","2.082","2.057","-2.23%"
"06/11/2015","2.110","2.087","2.143","2.043","3.53%"
"06/10/2015","2.038","2.078","2.092","2.020","0.05%"
"06/09/2015","2.037","2.081","2.082","2.030","-1.16%"
"06/08/2015","2.061","2.088","2.107","2.043","-1.67%"
"06/07/2015","2.096","2.103","2.103","2.040","-0.33%"
"06/06/2015","2.103","2.099","2.103","2.099","1.20%"
"06/05/2015","2.078","2.019","2.081","1.987","0.92%"
"06/04/2015","2.059","2.098","2.101","2.017","1.03%"
"06/03/2015","2.038","2.004","2.061","1.962","7.77%"
"06/02/2015","1.891","1.894","1.899","1.883","0.85%"
"06/01/2015","1.875","1.899","1.926","1.865","-2.19%"
"05/31/2015","1.917","1.885","1.917","1.873","1.70%"
"05/30/2015","1.885","1.896","1.896","1.873","-0.21%"
"05/29/2015","1.889","1.929","1.929","1.883","-2.63%"
"05/28/2015","1.940","2.006","2.033","1.932","-3.87%"
"05/27/2015","2.018","1.995","2.022","1.964","-0.15%"
"05/26/2015","2.021","2.023","2.026","2.009","-0.54%"
"05/25/2015","2.032","2.033","2.050","2.022","0.00%"
"05/24/2015","2.032","2.007","2.050","2.007","0.54%"
"05/23/2015","2.021","2.027","2.027","2.007","0.25%"
"05/22/2015","2.016","2.010","2.019","2.008","-0.44%"
"05/21/2015","2.025","2.008","2.025","1.980","-2.46%"
"05/20/2015","2.076","2.089","2.089","2.065","0.44%"
"05/19/2015","2.067","2.069","2.089","2.056","1.92%"
"05/18/2015","2.028","1.989","2.037","1.982","0.60%"
"05/17/2015","2.016","1.990","2.023","1.965","1.31%"
"05/16/2015","1.990","1.975","1.995","1.975","-2.07%"
"05/15/2015","2.032","2.039","2.049","2.027","-3.65%"
"05/14/2015","2.109","2.107","2.119","2.095","-0.33%"
"05/13/2015","2.116","2.142","2.152","2.115","-0.94%"
"05/12/2015","2.136","2.147","2.153","2.110","3.79%"
"05/11/2015","2.058","2.031","2.069","2.016","1.88%"
"05/10/2015","2.020","2.033","2.033","2.016","-0.54%"
"05/09/2015","2.031","2.028","2.033","2.028","-1.26%"
"05/08/2015","2.057","2.066","2.076","2.038","-3.43%"
"05/07/2015","2.130","2.120","2.153","2.086","0.71%"
"05/06/2015","2.115","2.084","2.126","2.058","7.47%"
"05/05/2015","1.968","1.946","1.989","1.940","1.81%"
"05/04/2015","1.933","1.958","1.988","1.920","-0.51%"
"05/03/2015","1.943","1.935","1.988","1.929","1.46%"
"05/02/2015","1.915","1.960","1.960","1.915","-1.59%"
"05/01/2015","1.946","1.925","1.950","1.916","-1.67%"
"04/30/2015","1.979","2.018","2.022","1.969","0.15%"
"04/29/2015","1.976","2.011","2.016","1.973","-0.10%"
"04/28/2015","1.978","1.945","1.979","1.933","3.02%"
"04/27/2015","1.920","1.932","1.932","1.905","0.52%"
"04/26/2015","1.910","1.922","1.932","1.905","-0.88%"
"04/25/2015","1.927","1.917","1.933","1.917","-1.78%"
"04/24/2015","1.962","1.943","1.962","1.933","-0.10%"
"04/23/2015","1.964","1.952","1.974","1.910","2.34%"
"04/22/2015","1.919","1.865","1.929","1.858","3.79%"
"04/21/2015","1.849","1.860","1.863","1.838","-1.02%"
"04/20/2015","1.868","1.836","1.871","1.816","0.48%"
"04/19/2015","1.859","1.800","1.863","1.800","1.92%"
"04/18/2015","1.824","1.844","1.844","1.800","0.11%"
"04/17/2015","1.822","1.810","1.830","1.783","-0.11%"
"04/16/2015","1.824","1.742","1.826","1.728","7.67%"
"04/15/2015","1.694","1.712","1.723","1.694","-1.91%"
"04/14/2015","1.727","1.735","1.748","1.717","-1.14%"
"04/13/2015","1.747","1.799","1.825","1.736","-1.63%"
"04/12/2015","1.776","1.768","1.825","1.768","-0.45%"
"04/11/2015","1.784","1.796","1.796","1.768","-0.06%"
"04/10/2015","1.785","1.786","1.800","1.775","1.54%"
"04/09/2015","1.758","1.761","1.764","1.746","0.11%"
"04/08/2015","1.756","1.782","1.810","1.756","6.62%"
"04/07/2015","1.647","1.696","1.696","1.636","-2.02%"
"04/06/2015","1.681","1.692","1.701","1.671","-0.65%"
"04/05/2015","1.692","1.675","1.692","1.675","0.24%"
"04/04/2015","1.688","1.675","1.688","1.675","0.00%"
"04/03/2015","1.688","1.695","1.700","1.675","0.12%"
"04/02/2015","1.686","1.694","1.699","1.679","-2.37%"
"04/01/2015","1.727","1.724","1.738","1.713","0.99%"
"03/31/2015","1.710","1.738","1.746","1.710","-2.45%"
"03/30/2015","1.753","1.764","1.776","1.750","-0.96%"
"03/29/2015","1.770","1.770","1.776","1.750","0.11%"
"03/28/2015","1.768","1.767","1.770","1.767","-1.39%"
"03/27/2015","1.793","1.788","1.808","1.770","2.28%"
"03/26/2015","1.753","1.772","1.790","1.729","0.29%"
"03/25/2015","1.748","1.775","1.775","1.748","-1.35%"
"03/24/2015","1.772","1.793","1.803","1.749","-0.45%"
"03/23/2015","1.780","1.761","1.790","1.728","0.74%"
"03/22/2015","1.767","1.753","1.773","1.728","0.51%"
"03/21/2015","1.758","1.758","1.763","1.758","-0.85%"
"03/20/2015","1.773","1.814","1.821","1.773","-0.62%"
"03/19/2015","1.784","1.798","1.819","1.744","-4.14%"
"03/18/2015","1.861","1.883","1.893","1.836","0.11%"
"03/17/2015","1.859","1.864","1.878","1.849","-0.16%"
"03/16/2015","1.862","1.901","1.927","1.856","-0.80%"
"03/15/2015","1.877","1.870","1.927","1.870","-0.42%"
"03/14/2015","1.885","1.898","1.898","1.870","-0.68%"
"03/13/2015","1.898","1.871","1.913","1.857","2.65%"
"03/12/2015","1.849","1.866","1.916","1.844","-1.86%"
"03/11/2015","1.884","1.903","1.911","1.874","-3.53%"
"03/10/2015","1.953","1.964","1.980","1.943","-0.96%"
"03/09/2015","1.972","2.001","2.011","1.971","-1.00%"
"03/08/2015","1.992","2.002","2.011","1.979","-0.50%"
"03/07/2015","2.002","1.996","2.002","1.996","3.62%"
"03/06/2015","1.932","1.929","1.941","1.921","-0.21%"
"03/05/2015","1.936","1.940","1.958","1.912","0.62%"
"03/04/2015","1.924","1.900","1.927","1.884","3.61%"
"03/03/2015","1.857","1.824","1.880","1.794","1.36%"
"03/02/2015","1.832","1.851","1.861","1.814","0.38%"
"03/01/2015","1.825","1.785","1.861","1.785","-1.40%"
"02/28/2015","1.851","1.851","1.851","1.851","1.82%"
"02/27/2015","1.818","1.854","1.874","1.807","-0.11%"
"02/26/2015","1.820","1.880","1.886","1.820","-3.65%"
"02/25/2015","1.889","1.872","1.904","1.862","-0.16%"
"02/24/2015","1.892","1.880","1.892","1.865","0.16%"
"02/23/2015","1.889","1.922","1.940","1.879","-0.58%"
"02/22/2015","1.900","1.865","1.940","1.865","0.26%"
"02/21/2015","1.895","1.907","1.925","1.895","0.16%"
"02/20/2015","1.892","1.887","1.906","1.873","1.23%"
"02/19/2015","1.869","1.882","1.891","1.858","-2.66%"
"02/18/2015","1.920","1.951","1.960","1.917","0.89%"
"02/17/2015","1.903","1.917","1.917","1.869","0.26%"
"02/16/2015","1.898","1.885","1.922","1.885","-0.52%"
"02/15/2015","1.908","1.860","1.922","1.860","1.81%"
"02/14/2015","1.874","1.873","1.889","1.860","-0.27%"
"02/13/2015","1.879","1.887","1.905","1.852","-0.27%"
"02/12/2015","1.884","1.992","2.018","1.884","-5.23%"
"02/11/2015","1.988","2.008","2.032","1.975","-0.50%"
"02/10/2015","1.998","1.990","2.014","1.980","0.15%"
"02/09/2015","1.995","2.051","2.051","1.985","-1.14%"
"02/08/2015","2.018","2.053","2.053","2.000","-1.70%"
"02/07/2015","2.053","2.013","2.053","2.013","5.34%"
"02/06/2015","1.949","1.943","1.991","1.920","1.56%"
"02/05/2015","1.919","1.922","1.932","1.870","-1.49%"
"02/04/2015","1.948","1.907","1.958","1.884","1.35%"
"02/03/2015","1.922","1.996","2.021","1.902","-2.14%"
"02/02/2015","1.964","1.975","1.975","1.922","0.72%"
"02/01/2015","1.950","1.968","1.975","1.922","-0.51%"
"01/31/2015","1.960","1.968","1.976","1.960","-1.85%"
"01/30/2015","1.997","2.029","2.046","1.981","-1.77%"
"01/29/2015","2.033","2.032","2.059","2.013","-6.40%"
"01/28/2015","2.172","2.089","2.198","2.078","2.99%"
"01/27/2015","2.109","2.108","2.129","2.084","-0.47%"
"01/26/2015","2.119","2.089","2.120","2.047","1.44%"
"01/25/2015","2.089","2.115","2.115","2.089","-0.48%"
"01/24/2015","2.099","2.115","2.115","2.083","-1.32%"
"01/23/2015","2.127","2.155","2.155","2.106","0.52%"
"01/22/2015","2.116","2.106","2.126","2.096","-2.17%"
"01/21/2015","2.163","2.199","2.217","2.154","-1.10%"
"01/20/2015","2.187","2.190","2.211","2.173","0.55%"
"01/19/2015","2.175","2.186","2.200","2.125","-0.55%"
"01/18/2015","2.187","2.120","2.192","2.120","1.63%"
"01/17/2015","2.152","2.163","2.163","2.120","0.70%"
"01/16/2015","2.137","2.149","2.157","2.084","-3.78%"
"01/15/2015","2.221","2.145","2.253","2.141","2.35%"
"01/14/2015","2.170","2.178","2.207","2.163","0.60%"
"01/13/2015","2.157","2.161","2.184","2.148","-1.55%"
"01/12/2015","2.191","2.198","2.211","2.175","0.50%"
"01/11/2015","2.180","2.192","2.211","2.175","-0.55%"
"01/10/2015","2.192","2.186","2.192","2.186","-0.36%"
"01/09/2015","2.200","2.204","2.225","2.191","-0.99%"
"01/08/2015","2.222","2.145","2.225","2.145","3.16%"
"01/07/2015","2.154","2.146","2.159","2.112","-1.37%"
"01/06/2015","2.184","2.163","2.194","2.126","-0.77%"
"01/05/2015","2.201","2.181","2.208","2.161","0.05%"
"01/04/2015","2.200","2.199","2.213","2.161","0.05%"
"01/03/2015","2.199","2.198","2.213","2.198","-1.30%"
"01/02/2015","2.228","2.192","2.238","2.161","1.78%"
"01/01/2015","2.189","2.184","2.205","2.161","0.27%"
"12/31/2014","2.183","2.227","2.227","2.168","-1.67%"
"12/30/2014","2.220","2.257","2.285","2.213","-2.72%"
"12/29/2014","2.282","2.302","2.308","2.272","-0.39%"
"12/28/2014","2.291","2.292","2.308","2.280","-0.04%"
"12/27/2014","2.292","2.280","2.292","2.280","0.00%"
"12/26/2014","2.292","2.295","2.295","2.280","-0.13%"
"12/25/2014","2.295","2.295","2.305","2.280","0.13%"
"12/24/2014","2.292","2.304","2.320","2.292","0.88%"
"12/23/2014","2.272","2.288","2.292","2.272","-0.53%"
"12/22/2014","2.284","2.308","2.325","2.272","-0.74%"
"12/21/2014","2.301","2.320","2.325","2.301","-0.56%"
"12/20/2014","2.314","2.310","2.320","2.310","-0.47%"
"12/19/2014","2.325","2.306","2.332","2.300","1.22%"
"12/18/2014","2.297","2.313","2.329","2.288","2.41%"
"12/17/2014","2.243","2.261","2.274","2.220","-2.48%"
"12/16/2014","2.300","2.321","2.322","2.288","1.41%"
"12/15/2014","2.268","2.264","2.276","2.214","2.07%"
"12/14/2014","2.222","2.294","2.303","2.214","-3.14%"
"12/13/2014","2.294","2.285","2.303","2.273","-0.78%"
"12/12/2014","2.312","2.331","2.338","2.294","2.89%"
"12/11/2014","2.247","2.221","2.286","2.215","-2.05%"
"12/10/2014","2.294","2.307","2.316","2.287","-0.78%"
"12/09/2014","2.312","2.312","2.340","2.294","-2.20%"
"12/08/2014","2.364","2.371","2.371","2.340","0.98%"
"12/07/2014","2.341","2.341","2.371","2.315","0.00%"
"12/06/2014","2.341","2.353","2.360","2.315","0.69%"
"12/05/2014","2.325","2.282","2.338","2.277","-2.06%"
"12/04/2014","2.374","2.370","2.393","2.342","-0.71%"
"12/03/2014","2.391","2.450","2.479","2.375","-1.36%"
"12/02/2014","2.424","2.432","2.444","2.389","1.93%"
"12/01/2014","2.378","2.432","2.432","2.377","-0.79%"
"11/30/2014","2.397","2.421","2.432","2.397","-0.99%"
"11/29/2014","2.421","2.426","2.426","2.410","-0.62%"
"11/28/2014","2.436","2.473","2.483","2.428","-0.85%"
"11/27/2014","2.457","2.448","2.463","2.422","-0.24%"
"11/26/2014","2.463","2.453","2.481","2.448","-1.36%"
"11/25/2014","2.497","2.513","2.519","2.497","-1.38%"
"11/24/2014","2.532","2.539","2.544","2.503","0.12%"
"11/23/2014","2.529","2.548","2.548","2.503","-0.75%"
"11/22/2014","2.548","2.534","2.548","2.520","0.24%"
"11/21/2014","2.542","2.546","2.564","2.539","0.39%"
"11/20/2014","2.532","2.545","2.559","2.521","0.24%"
"11/19/2014","2.526","2.557","2.562","2.516","-1.52%"
"11/18/2014","2.565","2.584","2.585","2.555","0.79%"
"11/17/2014","2.545","2.565","2.574","2.540","-0.78%"
"11/16/2014","2.565","2.564","2.574","2.558","0.04%"
"11/15/2014","2.564","2.566","2.566","2.563","-0.31%"
"11/14/2014","2.572","2.576","2.585","2.558","-0.85%"
"11/13/2014","2.594","2.582","2.601","2.570","0.31%"
"11/12/2014","2.586","2.595","2.603","2.579","1.33%"
"11/11/2014","2.552","2.549","2.560","2.540","0.83%"
"11/10/2014","2.531","2.513","2.543","2.508","-0.32%"
"11/09/2014","2.539","2.533","2.550","2.508","0.24%"
"11/08/2014","2.533","2.522","2.550","2.522","-1.29%"
"11/07/2014","2.566","2.548","2.566","2.523","2.76%"
"11/06/2014","2.497","2.507","2.507","2.482","0.08%"
"11/05/2014","2.495","2.526","2.533","2.495","-0.99%"
"11/04/2014","2.520","2.514","2.533","2.503","2.27%"
"11/03/2014","2.464","2.551","2.551","2.464","-2.72%"
"11/02/2014","2.533","2.527","2.551","2.505","0.24%"
"11/01/2014","2.527","2.547","2.547","2.505","-0.39%"
"10/31/2014","2.537","2.554","2.565","2.530","-0.98%"
"10/30/2014","2.562","2.598","2.598","2.553","0.39%"
"10/29/2014","2.552","2.552","2.565","2.498","1.47%"
"10/28/2014","2.515","2.531","2.533","2.514","-1.45%"
"10/27/2014","2.552","2.554","2.571","2.545","-0.62%"
"10/26/2014","2.568","2.555","2.571","2.513","0.51%"
"10/25/2014","2.555","2.539","2.555","2.513","1.39%"
"10/24/2014","2.520","2.561","2.564","2.500","0.36%"
"10/23/2014","2.511","2.521","2.527","2.488","0.12%"
"10/22/2014","2.508","2.536","2.542","2.498","0.20%"
"10/21/2014","2.503","2.518","2.532","2.503","-3.32%"
"10/20/2014","2.589","2.605","2.612","2.577","0.08%"
"10/19/2014","2.587","2.605","2.612","2.577","-0.69%"
"10/18/2014","2.605","2.603","2.605","2.603","2.64%"
"10/17/2014","2.538","2.543","2.552","2.503","1.81%"
"10/16/2014","2.493","2.540","2.546","2.484","-1.58%"
"10/15/2014","2.533","2.523","2.533","2.476","-1.09%"
"10/14/2014","2.561","2.533","2.571","2.519","1.87%"
"10/13/2014","2.514","2.552","2.564","2.504","-0.28%"
"10/12/2014","2.521","2.557","2.564","2.504","-1.41%"
"10/11/2014","2.557","2.550","2.557","2.529","0.12%"
"10/10/2014","2.554","2.592","2.603","2.537","-0.27%"
"10/09/2014","2.561","2.552","2.588","2.517","-1.39%"
"10/08/2014","2.597","2.583","2.615","2.571","-1.59%"
"10/07/2014","2.639","2.607","2.645","2.566","0.46%"
"10/06/2014","2.627","2.612","2.680","2.606","-0.76%"
"10/05/2014","2.647","2.625","2.657","2.625","0.84%"
"10/04/2014","2.625","2.648","2.648","2.625","-0.38%"
"10/03/2014","2.635","2.612","2.642","2.606","1.93%"
"10/02/2014","2.585","2.571","2.597","2.561","-1.07%"
"10/01/2014","2.613","2.664","2.680","2.610","-1.73%"
"09/30/2014","2.659","2.659","2.669","2.649","-0.64%"
"09/29/2014","2.676","2.721","2.752","2.676","-0.78%"
"09/28/2014","2.697","2.723","2.752","2.665","-0.95%"
"09/27/2014","2.723","2.722","2.723","2.722","1.38%"
"09/26/2014","2.686","2.689","2.706","2.681","-1.76%"
"09/25/2014","2.734","2.755","2.771","2.729","0.18%"
"09/24/2014","2.729","2.691","2.732","2.691","0.40%"
"09/23/2014","2.718","2.725","2.735","2.711","-2.82%"
"09/22/2014","2.797","2.817","2.840","2.787","-0.43%"
"09/21/2014","2.809","2.830","2.840","2.808","-0.74%"
"09/20/2014","2.830","2.820","2.830","2.820","-0.56%"
"09/19/2014","2.846","2.828","2.851","2.820","0.04%"
"09/18/2014","2.845","2.852","2.857","2.825","2.49%"
"09/17/2014","2.776","2.798","2.805","2.773","0.07%"
"09/16/2014","2.774","2.788","2.793","2.766","-1.11%"
"09/15/2014","2.805","2.828","2.828","2.792","0.00%"
"09/14/2014","2.805","2.793","2.828","2.792","0.43%"
"09/13/2014","2.793","2.824","2.824","2.793","2.35%"
"09/12/2014","2.729","2.715","2.731","2.706","0.55%"
"09/11/2014","2.714","2.689","2.757","2.669","1.27%"
"09/10/2014","2.680","2.686","2.697","2.680","0.37%"
"09/09/2014","2.670","2.670","2.699","2.661","2.14%"
"09/08/2014","2.614","2.646","2.646","2.600","-0.15%"
"09/07/2014","2.618","2.615","2.646","2.608","0.11%"
"09/06/2014","2.615","2.626","2.626","2.615","-0.27%"
"09/05/2014","2.622","2.623","2.637","2.618","0.34%"
"09/04/2014","2.613","2.599","2.633","2.593","-0.27%"
"09/03/2014","2.620","2.615","2.633","2.604","1.43%"
"09/02/2014","2.583","2.545","2.586","2.538","1.41%"
"09/01/2014","2.547","2.528","2.558","2.523","0.83%"
"08/31/2014","2.526","2.525","2.558","2.523","0.04%"
"08/30/2014","2.525","2.544","2.553","2.525","-0.71%"
"08/29/2014","2.543","2.553","2.560","2.531","0.00%"
"08/28/2014","2.543","2.525","2.554","2.521","0.12%"
"08/27/2014","2.540","2.586","2.590","2.539","-0.27%"
"08/26/2014","2.547","2.591","2.596","2.544","-2.00%"
"08/25/2014","2.599","2.610","2.622","2.590","-0.08%"
"08/24/2014","2.601","2.595","2.622","2.595","0.50%"
"08/23/2014","2.588","2.605","2.605","2.588","-0.23%"
"08/22/2014","2.594","2.600","2.606","2.589","-0.42%"
"08/21/2014","2.605","2.594","2.610","2.585","1.84%"
"08/20/2014","2.558","2.538","2.568","2.508","0.99%"
"08/19/2014","2.533","2.526","2.539","2.501","1.40%"
"08/18/2014","2.498","2.519","2.535","2.484","-0.52%"
"08/17/2014","2.511","2.518","2.535","2.495","-0.28%"
"08/16/2014","2.518","2.502","2.518","2.502","0.08%"
"08/15/2014","2.516","2.513","2.525","2.511","-0.59%"
"08/14/2014","2.531","2.537","2.554","2.521","-1.48%"
"08/13/2014","2.569","2.552","2.580","2.546","0.71%"
"08/12/2014","2.551","2.535","2.573","2.531","0.87%"
"08/11/2014","2.529","2.548","2.548","2.519","0.32%"
"08/10/2014","2.521","2.539","2.555","2.519","2.15%"
"08/08/2014","2.468","2.495","2.503","2.458","-2.99%"
"08/07/2014","2.544","2.620","2.626","2.543","-3.27%"
"08/06/2014","2.630","2.620","2.633","2.617","1.08%"
"08/05/2014","2.602","2.611","2.613","2.588","-0.54%"
"08/04/2014","2.616","2.603","2.648","2.565","1.51%"
"08/03/2014","2.577","2.596","2.596","2.573","-1.45%"
"08/02/2014","2.615","2.579","2.615","2.579","-0.53%"
"08/01/2014","2.629","2.603","2.637","2.601","0.57%"
"07/31/2014","2.614","2.615","2.633","2.606","1.79%"
"07/30/2014","2.568","2.567","2.578","2.556","-1.38%"
"07/29/2014","2.604","2.595","2.614","2.586","1.64%"
"07/28/2014","2.562","2.540","2.575","2.540","0.39%"
"07/27/2014","2.552","2.568","2.568","2.540","-0.62%"
"07/26/2014","2.568","2.543","2.568","2.543","-1.15%"
"07/25/2014","2.598","2.618","2.621","2.593","-0.57%"
"07/24/2014","2.613","2.600","2.634","2.594","1.12%"
"07/23/2014","2.584","2.542","2.596","2.521","2.09%"
"07/22/2014","2.531","2.531","2.543","2.523","0.64%"
"07/21/2014","2.515","2.515","2.538","2.499","-0.24%"
"07/20/2014","2.521","2.470","2.538","2.470","2.06%"
"07/19/2014","2.470","2.493","2.493","2.470","0.78%"
"07/18/2014","2.451","2.431","2.451","2.406","-0.89%"
"07/17/2014","2.473","2.481","2.489","2.459","1.23%"
"07/16/2014","2.443","2.500","2.508","2.433","-3.06%"
"07/15/2014","2.520","2.523","2.527","2.506","1.00%"
"07/14/2014","2.495","2.480","2.505","2.474","0.40%"
"07/13/2014","2.485","2.473","2.493","2.463","1.51%"
"07/12/2014","2.448","2.474","2.474","2.448","-0.24%"
"07/11/2014","2.454","2.481","2.481","2.454","-2.35%"
"07/10/2014","2.513","2.534","2.552","2.499","-1.33%"
"07/09/2014","2.547","2.525","2.560","2.512","-0.47%"
"07/08/2014","2.559","2.528","2.559","2.525","0.24%"
"07/07/2014","2.553","2.539","2.563","2.529","0.43%"
"07/06/2014","2.542","2.533","2.545","2.529","0.55%"
"07/05/2014","2.528","2.532","2.532","2.528","0.12%"
"07/04/2014","2.525","2.533","2.538","2.522","0.68%"
"07/03/2014","2.508","2.567","2.571","2.491","-1.30%"
"07/02/2014","2.541","2.569","2.578","2.535","0.40%"
"07/01/2014","2.531","2.540","2.540","2.524","0.00%"
"06/30/2014","2.531","2.538","2.538","2.508","0.12%"
"06/29/2014","2.528","2.503","2.538","2.503","1.00%"
"06/28/2014","2.503","2.529","2.529","2.503","-0.08%"
"06/27/2014","2.505","2.539","2.539","2.492","-0.99%"
"06/26/2014","2.530","2.522","2.539","2.517","0.20%"
"06/25/2014","2.525","2.520","2.526","2.515","-2.25%"
"06/24/2014","2.583","2.582","2.621","2.570","-1.07%"
"06/23/2014","2.611","2.582","2.621","2.570","0.38%"
"06/22/2014","2.601","2.590","2.601","2.570","0.42%"
"06/21/2014","2.590","2.578","2.590","2.578","0.12%"
"06/20/2014","2.587","2.610","2.611","2.583","0.39%"
"06/19/2014","2.577","2.595","2.610","2.567","-2.50%"
"06/18/2014","2.643","2.646","2.663","2.643","0.99%"
"06/17/2014","2.617","2.663","2.674","2.616","-2.13%"
"06/16/2014","2.674","2.698","2.724","2.656","-0.11%"
"06/15/2014","2.677","2.694","2.724","2.676","-0.30%"
"06/14/2014","2.685","2.694","2.694","2.685","-0.44%"
"06/13/2014","2.697","2.698","2.702","2.683","-0.52%"
"06/12/2014","2.711","2.709","2.723","2.702","-1.17%"
"06/11/2014","2.743","2.733","2.747","2.724","1.11%"
"06/10/2014","2.713","2.733","2.734","2.708","-0.40%"
"06/09/2014","2.724","2.715","2.738","2.715","0.52%"
"06/08/2014","2.710","2.710","2.715","2.703","0.74%"
"06/07/2014","2.690","2.707","2.707","2.690","-0.59%"
"06/06/2014","2.706","2.698","2.706","2.684","0.00%"
"06/05/2014","2.706","2.714","2.721","2.698","-0.18%"
"06/04/2014","2.711","2.699","2.726","2.698","1.80%"
"06/03/2014","2.663","2.656","2.667","2.649","0.95%"
"06/02/2014","2.638","2.662","2.664","2.634","-0.64%"
"06/01/2014","2.655","2.639","2.663","2.639","1.14%"
"05/31/2014","2.625","2.643","2.643","2.625","-1.43%"
"05/30/2014","2.663","2.662","2.670","2.640","1.80%"
"05/29/2014","2.616","2.634","2.639","2.608","-2.06%"
"05/28/2014","2.671","2.667","2.675","2.662","-0.34%"
"05/27/2014","2.680","2.656","2.680","2.648","0.34%"
"05/26/2014","2.671","2.663","2.684","2.643","-0.48%"
"05/25/2014","2.684","2.665","2.684","2.643","0.71%"
"05/24/2014","2.665","2.665","2.665","2.665","-1.37%"
"05/23/2014","2.702","2.665","2.706","2.660","1.58%"
"05/22/2014","2.660","2.626","2.673","2.608","1.29%"
"05/21/2014","2.626","2.652","2.659","2.618","-2.05%"
"05/20/2014","2.681","2.706","2.706","2.670","-0.63%"
"05/19/2014","2.698","2.728","2.741","2.698","-0.37%"
"05/18/2014","2.708","2.720","2.741","2.708","0.97%"
"05/16/2014","2.682","2.679","2.694","2.670","0.15%"
"05/15/2014","2.678","2.668","2.685","2.658","-1.36%"
"05/14/2014","2.715","2.702","2.725","2.702","-0.62%"
"05/13/2014","2.732","2.746","2.746","2.720","0.44%"
"05/12/2014","2.720","2.715","2.728","2.712","0.18%"
"05/11/2014","2.715","2.698","2.728","2.698","0.63%"
"05/10/2014","2.698","2.698","2.698","2.698","-0.41%"
"05/09/2014","2.709","2.713","2.715","2.699","-0.33%"
"05/08/2014","2.718","2.692","2.734","2.668","0.63%"
"05/07/2014","2.701","2.717","2.721","2.698","-0.66%"
"05/06/2014","2.719","2.753","2.775","2.719","-0.33%"
"05/05/2014","2.728","2.733","2.770","2.717","-1.12%"
"05/04/2014","2.759","2.725","2.764","2.723","0.33%"
"05/02/2014","2.750","2.750","2.756","2.740","-0.47%"
"05/01/2014","2.763","2.736","2.763","2.734","-0.25%"
"04/30/2014","2.770","2.756","2.770","2.753","1.09%"
"04/29/2014","2.740","2.751","2.753","2.726","0.44%"
"04/28/2014","2.728","2.733","2.743","2.709","0.07%"
"04/27/2014","2.726","2.723","2.733","2.709","0.59%"
"04/25/2014","2.710","2.748","2.748","2.700","-1.38%"
"04/24/2014","2.748","2.740","2.763","2.729","-0.04%"
"04/23/2014","2.749","2.840","2.853","2.744","-3.03%"
"04/22/2014","2.835","2.797","2.844","2.784","0.18%"
"04/21/2014","2.830","2.805","2.844","2.784","0.75%"
"04/20/2014","2.809","2.805","2.809","2.805","1.19%"
"04/17/2014","2.776","2.806","2.818","2.769","-0.29%"
"04/16/2014","2.784","2.789","2.794","2.764","-1.03%"
"04/15/2014","2.813","2.838","2.838","2.803","1.15%"
"04/14/2014","2.781","2.804","2.804","2.765","-0.36%"
"04/13/2014","2.791","2.808","2.813","2.765","-0.82%"
"04/11/2014","2.814","2.834","2.837","2.806","-1.64%"
"04/10/2014","2.861","2.812","2.870","2.807","1.53%"
"04/09/2014","2.818","2.821","2.834","2.804","0.18%"
"04/08/2014","2.813","2.810","2.829","2.789","-0.42%"
"04/07/2014","2.825","2.823","2.840","2.815","-0.53%"
"04/06/2014","2.840","2.820","2.840","2.815","-1.66%"
"04/04/2014","2.888","2.893","2.902","2.878","-1.03%"
"04/03/2014","2.918","2.932","2.937","2.909","0.38%"
"04/02/2014","2.907","2.870","2.917","2.862","1.01%"
"04/01/2014","2.878","2.839","2.889","2.837","1.05%"
"03/31/2014","2.848","2.851","2.869","2.832","0.46%"
"03/30/2014","2.835","2.843","2.869","2.832","0.14%"
"03/28/2014","2.831","2.837","2.848","2.823","-0.56%"
"03/27/2014","2.847","2.837","2.856","2.812","0.39%"
"03/26/2014","2.836","2.838","2.847","2.823","-0.74%"
"03/25/2014","2.857","2.843","2.866","2.810","-0.45%"
"03/24/2014","2.870","2.851","2.874","2.851","-0.10%"
"03/23/2014","2.873","2.859","2.873","2.851","0.67%"
"03/21/2014","2.854","2.855","2.872","2.840","0.18%"
"03/20/2014","2.849","2.870","2.903","2.838","2.01%"
"03/19/2014","2.793","2.799","2.813","2.776","-0.75%"
"03/18/2014","2.814","2.814","2.829","2.806","2.66%"
"03/17/2014","2.741","2.752","2.757","2.731","0.04%"
"03/16/2014","2.740","2.750","2.757","2.731","4.18%"
"03/14/2014","2.630","2.593","2.657","2.593","-3.63%"
"03/13/2014","2.729","2.638","2.781","2.638","2.48%"
"03/12/2014","2.663","2.653","2.668","2.648","-0.41%"
"03/11/2014","2.674","2.652","2.688","2.652","-0.82%"
"03/10/2014","2.696","2.706","2.721","2.679","-0.59%"
"03/09/2014","2.712","2.705","2.721","2.679","0.26%"
"03/08/2014","2.705","2.704","2.705","2.704","0.15%"
"03/07/2014","2.701","2.686","2.712","2.668","1.24%"
"03/06/2014","2.668","2.610","2.675","2.600","1.68%"
"03/05/2014","2.624","2.606","2.634","2.603","3.35%"
"03/04/2014","2.539","2.506","2.543","2.488","1.44%"
"03/03/2014","2.503","2.546","2.546","2.482","0.16%"
"03/02/2014","2.499","2.548","2.548","2.489","-0.91%"
"02/28/2014","2.522","2.549","2.549","2.522","-0.32%"
"02/27/2014","2.530","2.565","2.578","2.503","-2.62%"
"02/26/2014","2.598","2.602","2.608","2.569","-1.33%"
"02/25/2014","2.633","2.643","2.676","2.628","-0.53%"
"02/24/2014","2.647","2.648","2.669","2.633","-0.64%"
"02/23/2014","2.664","2.650","2.669","2.645","-0.34%"
"02/21/2014","2.673","2.676","2.684","2.654","1.44%"
"02/20/2014","2.635","2.670","2.690","2.619","-0.30%"
"02/19/2014","2.643","2.653","2.653","2.627","-0.97%"
"02/18/2014","2.669","2.656","2.683","2.636","0.26%"
"02/17/2014","2.662","2.661","2.679","2.634","0.11%"
"02/16/2014","2.659","2.663","2.679","2.634","0.95%"
"02/14/2014","2.634","2.633","2.658","2.631","-0.90%"
"02/13/2014","2.658","2.724","2.743","2.644","-2.21%"
"02/12/2014","2.718","2.736","2.744","2.698","0.63%"
"02/11/2014","2.701","2.677","2.709","2.670","1.12%"
"02/10/2014","2.671","2.683","2.705","2.661","-0.63%"
"02/09/2014","2.688","2.678","2.705","2.678","0.30%"
"02/07/2014","2.680","2.679","2.706","2.662","1.98%"
"02/06/2014","2.628","2.641","2.655","2.618","1.66%"
"02/05/2014","2.585","2.629","2.640","2.575","0.27%"
"02/04/2014","2.578","2.503","2.578","2.477","1.54%"
"02/03/2014","2.539","2.558","2.563","2.530","-0.39%"
"02/02/2014","2.549","2.548","2.563","2.530","2.25%"
"02/01/2014","2.493","2.535","2.535","2.493","-2.77%"
"01/31/2014","2.564","2.561","2.567","2.544","2.23%"
"01/30/2014","2.508","2.492","2.545","2.492","-2.87%"
"01/29/2014","2.582","2.522","2.591","2.519","1.73%"
"01/28/2014","2.538","2.512","2.547","2.489","0.95%"
"01/27/2014","2.514","2.428","2.536","2.428","1.62%"
"01/26/2014","2.474","2.478","2.478","2.474","-3.28%"
"01/24/2014","2.558","2.528","2.569","2.514","-3.44%"
"01/23/2014","2.649","2.669","2.695","2.642","-0.64%"
"01/22/2014","2.666","2.555","2.682","2.540","4.63%"
"01/21/2014","2.548","2.548","2.559","2.501","1.19%"
"01/20/2014","2.518","2.518","2.529","2.501","0.16%"
"01/19/2014","2.514","2.528","2.528","2.501","-1.02%"
"01/17/2014","2.540","2.573","2.578","2.525","-1.89%"
"01/16/2014","2.589","2.675","2.682","2.569","-3.29%"
"01/15/2014","2.677","2.688","2.698","2.667","1.13%"
"01/14/2014","2.647","2.637","2.650","2.630","-0.64%"
"01/13/2014","2.664","2.619","2.664","2.591","0.53%"
"01/12/2014","2.650","2.645","2.657","2.591","-2.11%"
"01/10/2014","2.707","2.713","2.728","2.693","-0.95%"
"01/09/2014","2.733","2.734","2.753","2.710","1.94%"
"01/08/2014","2.681","2.694","2.699","2.669","-0.70%"
"01/07/2014","2.700","2.690","2.713","2.685","-0.81%"
"01/06/2014","2.722","2.745","2.748","2.715","-0.58%"
"01/05/2014","2.738","2.710","2.748","2.710","1.29%"
"01/03/2014","2.703","2.688","2.723","2.687","-0.44%"
"01/02/2014","2.715","2.643","2.728","2.643","0.78%"
"01/01/2014","2.694","2.663","2.698","2.643","1.55%"
"12/31/2013","2.653","2.677","2.682","2.645","-0.41%"
"12/30/2013","2.664","2.693","2.704","2.650","-0.52%"
"12/29/2013","2.678","2.696","2.704","2.650","-0.11%"
"12/27/2013","2.681","2.653","2.692","2.646","0.11%"
"12/26/2013","2.678","2.641","2.692","2.641","1.40%"
"12/25/2013","2.641","2.641","2.641","2.641","0.15%"
"12/24/2013","2.637","2.649","2.663","2.629","0.00%"
"12/23/2013","2.637","2.635","2.660","2.633","-0.23%"
"12/22/2013","2.643","2.635","2.660","2.635","0.23%"
"12/20/2013","2.637","2.668","2.690","2.628","-0.42%"
"12/19/2013","2.648","2.661","2.681","2.628","1.42%"
"12/18/2013","2.611","2.588","2.620","2.575","0.12%"
"12/17/2013","2.608","2.670","2.670","2.603","-0.19%"
"12/16/2013","2.613","2.661","2.679","2.607","-1.51%"
"12/15/2013","2.653","2.650","2.679","2.644","-0.15%"
"12/13/2013","2.657","2.682","2.682","2.650","0.11%"
"12/12/2013","2.654","2.667","2.714","2.649","-1.81%"
"12/11/2013","2.703","2.713","2.739","2.703","-1.89%"
"12/10/2013","2.755","2.746","2.763","2.738","0.55%"
"12/09/2013","2.740","2.773","2.789","2.740","-1.15%"
"12/08/2013","2.772","2.773","2.789","2.772","-0.36%"
"12/06/2013","2.782","2.777","2.796","2.773","0.14%"
"12/05/2013","2.778","2.765","2.783","2.758","1.31%"
"12/04/2013","2.742","2.764","2.794","2.725","-1.61%"
"12/03/2013","2.787","2.792","2.800","2.776","0.98%"
"12/02/2013","2.760","2.738","2.764","2.725","0.95%"
"12/01/2013","2.734","2.738","2.748","2.725","-0.15%"
"11/30/2013","2.738","2.726","2.738","2.726","0.44%"
"11/29/2013","2.726","2.733","2.745","2.715","-0.62%"
"11/28/2013","2.743","2.712","2.753","2.695","1.52%"
"11/27/2013","2.702","2.696","2.705","2.688","-0.77%"
"11/26/2013","2.723","2.729","2.738","2.713","-1.27%"
"11/25/2013","2.758","2.738","2.768","2.728","-0.07%"
"11/24/2013","2.760","2.738","2.760","2.728","-1.67%"
"11/22/2013","2.807","2.769","2.807","2.768","0.32%"
"11/21/2013","2.798","2.799","2.808","2.784","0.79%"
"11/20/2013","2.776","2.779","2.802","2.773","1.65%"
"11/19/2013","2.731","2.720","2.747","2.714","-0.36%"
"11/18/2013","2.741","2.723","2.758","2.696","-0.36%"
"11/17/2013","2.751","2.723","2.758","2.696","1.03%"
"11/16/2013","2.723","2.723","2.723","2.723","-1.09%"
"11/15/2013","2.753","2.723","2.759","2.713","-0.72%"
"11/14/2013","2.773","2.755","2.773","2.728","-0.82%"
"11/13/2013","2.796","2.834","2.834","2.791","-1.41%"
"11/12/2013","2.836","2.821","2.843","2.810","2.05%"
"11/11/2013","2.779","2.845","2.847","2.778","-0.68%"
"11/10/2013","2.798","2.845","2.847","2.794","-1.65%"
"11/09/2013","2.845","2.833","2.845","2.833","3.23%"
"11/08/2013","2.756","2.742","2.766","2.737","-0.79%"
"11/07/2013","2.778","2.805","2.838","2.775","-2.11%"
"11/06/2013","2.838","2.854","2.859","2.813","0.53%"
"11/05/2013","2.823","2.813","2.840","2.803","0.50%"
"11/04/2013","2.809","2.778","2.835","2.773","0.46%"
"11/03/2013","2.796","2.778","2.806","2.773","0.65%"
"11/02/2013","2.778","2.778","2.778","2.778","1.57%"
"11/01/2013","2.735","2.736","2.746","2.713","1.33%"
"10/31/2013","2.699","2.660","2.703","2.657","2.90%"
"10/30/2013","2.623","2.628","2.641","2.618","-0.57%"
"10/29/2013","2.638","2.682","2.688","2.637","-2.01%"
"10/28/2013","2.692","2.688","2.716","2.682","-0.26%"
"10/27/2013","2.699","2.688","2.716","2.682","0.41%"
"10/26/2013","2.688","2.676","2.688","2.676","0.26%"
"10/25/2013","2.681","2.708","2.730","2.678","-0.41%"
"10/24/2013","2.692","2.712","2.722","2.688","-0.52%"
"10/23/2013","2.706","2.687","2.752","2.672","-2.17%"
"10/22/2013","2.766","2.748","2.768","2.748","1.43%"
"10/21/2013","2.727","2.758","2.758","2.717","0.33%"
"10/20/2013","2.718","2.758","2.758","2.718","-0.84%"
"10/18/2013","2.741","2.716","2.743","2.703","-0.94%"
"10/17/2013","2.767","2.796","2.804","2.757","-3.89%"
"10/16/2013","2.879","2.825","2.879","2.797","1.62%"
"10/15/2013","2.833","2.823","2.843","2.814","1.61%"
"10/14/2013","2.788","2.808","2.808","2.753","0.14%"
"10/13/2013","2.784","2.798","2.803","2.753","-0.68%"
"10/12/2013","2.803","2.808","2.808","2.803","-0.92%"
"10/11/2013","2.829","2.796","2.834","2.769","0.25%"
"10/10/2013","2.822","2.768","2.832","2.748","2.17%"
"10/09/2013","2.762","2.725","2.771","2.718","0.88%"
"10/08/2013","2.738","2.723","2.743","2.706","-0.90%"
"10/07/2013","2.763","2.733","2.777","2.733","-0.36%"
"10/06/2013","2.773","2.735","2.777","2.735","1.46%"
"10/05/2013","2.733","2.733","2.733","2.733","0.15%"
"10/04/2013","2.729","2.671","2.740","2.671","2.59%"
"10/03/2013","2.660","2.633","2.680","2.631","-0.41%"
"10/02/2013","2.671","2.685","2.723","2.661","1.79%"
"10/01/2013","2.624","2.620","2.649","2.584","1.47%"
"09/30/2013","2.586","2.598","2.604","2.550","0.70%"
"09/29/2013","2.568","2.595","2.604","2.550","-2.62%"
"09/27/2013","2.637","2.636","2.659","2.629","0.76%"
"09/26/2013","2.617","2.598","2.631","2.584","-1.17%"
"09/25/2013","2.648","2.632","2.658","2.618","-0.34%"
"09/24/2013","2.657","2.698","2.708","2.653","-1.92%"
"09/23/2013","2.709","2.720","2.730","2.704","-0.11%"
"09/22/2013","2.712","2.721","2.730","2.704","0.56%"
"09/20/2013","2.697","2.728","2.738","2.693","2.12%"
"09/19/2013","2.641","2.683","2.683","2.637","-5.58%"
"09/18/2013","2.797","2.800","2.812","2.786","0.43%"
"09/17/2013","2.785","2.772","2.792","2.749","2.92%"
"09/16/2013","2.706","2.760","2.764","2.676","-0.22%"
"09/15/2013","2.712","2.759","2.764","2.676","-2.62%"
"09/13/2013","2.785","2.772","2.796","2.770","1.31%"
"09/12/2013","2.749","2.826","2.839","2.749","-4.48%"
"09/11/2013","2.878","2.903","2.903","2.864","1.48%"
"09/10/2013","2.836","2.780","2.838","2.780","0.93%"
"09/09/2013","2.810","2.765","2.810","2.765","0.36%"
"09/08/2013","2.800","2.765","2.808","2.765","1.27%"
"09/07/2013","2.765","2.760","2.765","2.760","-3.25%"
"09/06/2013","2.858","2.864","2.880","2.835","2.40%"
"09/05/2013","2.791","2.819","2.829","2.781","0.43%"
"09/04/2013","2.779","2.742","2.791","2.721","4.91%"
"09/03/2013","2.649","2.651","2.667","2.629","0.61%"
"09/02/2013","2.633","2.583","2.635","2.573","0.30%"
"09/01/2013","2.625","2.583","2.626","2.573","1.63%"
"08/31/2013","2.583","2.583","2.583","2.583","-0.50%"
"08/30/2013","2.596","2.589","2.603","2.583","-0.31%"
"08/29/2013","2.604","2.598","2.618","2.587","1.13%"
"08/28/2013","2.575","2.577","2.602","2.551","-2.35%"
"08/27/2013","2.637","2.623","2.637","2.612","-0.98%"
"08/26/2013","2.663","2.632","2.670","2.621","0.99%"
"08/25/2013","2.637","2.632","2.641","2.621","-1.64%"
"08/23/2013","2.681","2.676","2.696","2.670","-1.40%"
"08/22/2013","2.719","2.695","2.738","2.674","4.30%"
"08/21/2013","2.607","2.606","2.638","2.595","-0.76%"
"08/20/2013","2.627","2.689","2.697","2.623","-2.01%"
"08/19/2013","2.681","2.653","2.690","2.653","0.04%"
"08/18/2013","2.680","2.665","2.690","2.665","1.02%"
"08/17/2013","2.653","2.653","2.653","2.653","0.57%"
"08/16/2013","2.638","2.615","2.646","2.609","1.03%"
"08/15/2013","2.611","2.569","2.613","2.561","2.51%"
"08/14/2013","2.547","2.546","2.554","2.536","2.33%"
"08/13/2013","2.489","2.478","2.501","2.476","1.47%"
"08/12/2013","2.453","2.415","2.453","2.401","0.82%"
"08/11/2013","2.433","2.415","2.443","2.401","0.75%"
"08/10/2013","2.415","2.414","2.415","2.414","-1.35%"
"08/09/2013","2.448","2.408","2.455","2.408","1.28%"
"08/08/2013","2.417","2.380","2.417","2.371","0.58%"
"08/07/2013","2.403","2.421","2.435","2.399","0.75%"
"08/06/2013","2.385","2.371","2.388","2.349","2.80%"
"08/05/2013","2.320","2.388","2.388","2.308","-2.23%"
"08/04/2013","2.373","2.388","2.388","2.366","-3.58%"
"08/02/2013","2.461","2.480","2.486","2.451","2.16%"
"08/01/2013","2.409","2.430","2.436","2.401","-1.35%"
"07/31/2013","2.442","2.460","2.460","2.427","-0.81%"
"07/30/2013","2.462","2.545","2.547","2.447","-2.92%"
"07/29/2013","2.536","2.563","2.563","2.531","-0.04%"
"07/28/2013","2.537","2.563","2.563","2.531","-1.32%"
"07/26/2013","2.571","2.568","2.574","2.532","-0.27%"
"07/25/2013","2.578","2.564","2.579","2.549","0.94%"
"07/24/2013","2.554","2.528","2.572","2.519","1.63%"
"07/23/2013","2.513","2.528","2.528","2.493","-0.04%"
"07/22/2013","2.514","2.568","2.577","2.503","-1.18%"
"07/21/2013","2.544","2.568","2.577","2.537","-1.13%"
"07/19/2013","2.573","2.607","2.617","2.573","0.00%"
"07/18/2013","2.573","2.602","2.614","2.561","-2.43%"
"07/17/2013","2.637","2.632","2.646","2.625","2.09%"
"07/16/2013","2.583","2.515","2.597","2.512","1.57%"
"07/15/2013","2.543","2.605","2.607","2.539","-1.28%"
"07/14/2013","2.576","2.605","2.607","2.566","-0.50%"
"07/12/2013","2.589","2.607","2.615","2.583","0.27%"
"07/11/2013","2.582","2.613","2.617","2.572","-2.82%"
"07/10/2013","2.657","2.689","2.701","2.637","-1.37%"
"07/09/2013","2.694","2.698","2.719","2.674","-3.02%"
"07/08/2013","2.778","2.875","2.882","2.778","-2.08%"
"07/07/2013","2.837","2.875","2.882","2.837","3.09%"
"07/05/2013","2.752","2.747","2.759","2.720","1.74%"
"07/04/2013","2.705","2.692","2.711","2.671","1.81%"
"07/03/2013","2.657","2.698","2.729","2.653","-1.99%"
"07/02/2013","2.711","2.906","2.948","2.706","-0.37%"
"07/01/2013","2.721","2.657","3.016","2.657","-2.51%"
"06/30/2013","2.791","2.663","3.016","2.663","5.04%"
"06/29/2013","2.657","2.657","2.657","2.657","-0.23%"
"06/28/2013","2.663","2.702","2.707","2.652","-2.49%"
"06/27/2013","2.731","2.703","2.753","2.703","-4.58%"
"06/26/2013","2.862","2.843","2.875","2.835","1.31%"
"06/25/2013","2.825","2.890","2.891","2.795","-2.18%"
"06/24/2013","2.888","2.860","2.903","2.845","0.91%"
"06/23/2013","2.862","2.860","2.903","2.845","0.07%"
"06/22/2013","2.860","2.860","2.860","2.860","3.89%"
"06/21/2013","2.753","2.741","2.783","2.707","1.85%"
"06/20/2013","2.703","2.672","2.716","2.640","5.54%"
"06/19/2013","2.561","2.562","2.563","2.542","0.23%"
"06/18/2013","2.555","2.576","2.579","2.554","-0.16%"
"06/17/2013","2.559","2.515","2.571","2.505","0.67%"
"06/16/2013","2.542","2.515","2.553","2.505","1.07%"
"06/15/2013","2.515","2.515","2.517","2.515","0.40%"
"06/14/2013","2.505","2.465","2.517","2.465","-0.99%"
"06/13/2013","2.530","2.545","2.574","2.497","-1.36%"
"06/12/2013","2.565","2.490","2.580","2.487","2.72%"
"06/11/2013","2.497","2.503","2.507","2.473","0.04%"
"06/10/2013","2.496","2.485","2.525","2.450","0.44%"
"06/09/2013","2.485","2.487","2.490","2.485","-0.20%"
"06/08/2013","2.490","2.483","2.490","2.483","3.23%"
"06/07/2013","2.412","2.453","2.454","2.390","-2.39%"
"06/06/2013","2.471","2.500","2.503","2.461","-4.45%"
"06/05/2013","2.586","2.605","2.613","2.575","1.41%"
"06/04/2013","2.550","2.565","2.589","2.550","-1.20%"
"06/03/2013","2.581","2.560","2.608","2.560","-0.46%"
"06/02/2013","2.593","2.565","2.608","2.565","1.09%"
"06/01/2013","2.565","2.560","2.565","2.560","0.20%"
"05/31/2013","2.560","2.555","2.580","2.535","-0.58%"
"05/30/2013","2.575","2.537","2.592","2.515","-0.62%"
"05/29/2013","2.591","2.618","2.623","2.555","1.89%"
"05/28/2013","2.543","2.525","2.559","2.513","1.15%"
"05/27/2013","2.514","2.560","2.575","2.504","-1.57%"
"05/26/2013","2.554","2.565","2.575","2.554","-0.23%"
"05/25/2013","2.560","2.555","2.560","2.555","1.03%"
"05/24/2013","2.534","2.555","2.578","2.524","-1.02%"
"05/23/2013","2.560","2.622","2.623","2.560","1.47%"
"05/22/2013","2.523","2.540","2.564","2.522","0.20%"
"05/21/2013","2.518","2.500","2.527","2.497","0.72%"
"05/20/2013","2.500","2.491","2.510","2.489","0.40%"
"05/19/2013","2.490","2.497","2.502","2.489","-0.20%"
"05/18/2013","2.495","2.491","2.497","2.490","1.42%"
"05/17/2013","2.460","2.464","2.481","2.449","-2.19%"
"05/16/2013","2.515","2.509","2.531","2.509","-1.53%"
"05/15/2013","2.554","2.567","2.585","2.553","1.47%"
"05/14/2013","2.517","2.524","2.534","2.500","-1.72%"
"05/13/2013","2.561","2.600","2.625","2.549","-1.16%"
"05/12/2013","2.591","2.600","2.625","2.591","-0.35%"
"05/11/2013","2.600","2.600","2.600","2.600","0.62%"
"05/10/2013","2.584","2.518","2.589","2.506","2.58%"
"05/09/2013","2.519","2.465","2.540","2.463","2.65%"
"05/08/2013","2.454","2.480","2.485","2.440","0.62%"
"05/07/2013","2.439","2.547","2.550","2.439","-4.20%"
"05/06/2013","2.546","2.572","2.578","2.536","0.00%"
"05/05/2013","2.546","2.575","2.578","2.545","-1.01%"
"05/04/2013","2.572","2.572","2.572","2.572","2.06%"
"05/03/2013","2.520","2.545","2.545","2.510","-0.20%"
"05/02/2013","2.525","2.545","2.547","2.506","-1.75%"
"05/01/2013","2.570","2.595","2.606","2.570","-0.46%"
"04/30/2013","2.582","2.602","2.612","2.575","0.43%"
"04/29/2013","2.571","2.602","2.602","2.571","-0.77%"
"04/28/2013","2.591","2.602","2.602","2.589","-1.26%"
"04/26/2013","2.624","2.672","2.685","2.614","-1.06%"
"04/25/2013","2.652","2.659","2.690","2.649","1.38%"
"04/24/2013","2.616","2.663","2.685","2.602","-1.73%"
"04/23/2013","2.662","2.690","2.691","2.641","-2.13%"
"04/22/2013","2.720","2.721","2.740","2.710","0.37%"
"04/21/2013","2.710","2.715","2.730","2.710","-0.18%"
"04/20/2013","2.715","2.720","2.720","2.715","0.56%"
"04/19/2013","2.700","2.689","2.711","2.671","0.67%"
"04/18/2013","2.682","2.722","2.722","2.672","-2.54%"
"04/17/2013","2.752","2.779","2.779","2.742","0.77%"
"04/16/2013","2.731","2.688","2.737","2.678","0.26%"
"04/15/2013","2.724","2.743","2.794","2.714","-1.77%"
"04/14/2013","2.773","2.743","2.774","2.743","1.09%"
"04/13/2013","2.743","2.743","2.743","2.743","-2.25%"
"04/12/2013","2.806","2.799","2.819","2.793","-0.71%"
"04/11/2013","2.826","2.888","2.898","2.797","0.82%"
"04/10/2013","2.803","2.822","2.842","2.772","-0.36%"
"04/09/2013","2.813","2.864","2.864","2.802","1.19%"
"04/08/2013","2.780","2.783","2.801","2.747","0.47%"
"04/07/2013","2.767","2.800","2.801","2.747","-0.57%"
"04/06/2013","2.783","2.783","2.783","2.783","-1.45%"
"04/05/2013","2.824","2.842","2.862","2.800","-1.60%"
"04/04/2013","2.870","2.813","2.883","2.809","-1.03%"
"04/03/2013","2.900","2.908","2.910","2.888","1.93%"
"04/02/2013","2.845","2.855","2.887","2.845","-0.73%"
"04/01/2013","2.866","2.840","2.866","2.840","1.67%"
"03/28/2013","2.819","2.846","2.846","2.803","-3.79%"
"03/27/2013","2.930","2.950","2.951","2.929","-1.78%"
"03/26/2013","2.983","2.970","2.999","2.970","-1.55%"
"03/25/2013","3.030","2.970","3.040","2.963","0.63%"
"03/24/2013","3.011","2.970","3.025","2.963","1.38%"
"03/23/2013","2.970","2.970","2.970","2.970","0.24%"
"03/22/2013","2.963","2.935","2.973","2.922","-0.90%"
"03/21/2013","2.990","2.985","2.993","2.967","2.71%"
"03/20/2013","2.911","2.943","2.943","2.879","-2.25%"
"03/19/2013","2.978","2.957","2.991","2.955","3.01%"
"03/18/2013","2.891","2.973","2.973","2.865","-0.45%"
"03/17/2013","2.904","2.973","2.973","2.865","-2.32%"
"03/16/2013","2.973","2.973","2.973","2.973","-1.91%"
"03/15/2013","3.031","3.043","3.064","3.023","-0.10%"
"03/14/2013","3.034","2.904","3.078","2.904","5.20%"
"03/13/2013","2.884","2.858","2.908","2.858","-1.70%"
"03/12/2013","2.934","2.908","3.019","2.904","0.58%"
"03/11/2013","2.917","2.880","2.917","2.848","1.36%"
"03/10/2013","2.878","2.880","2.880","2.848","-0.07%"
"03/09/2013","2.880","2.880","2.880","2.880","0.91%"
"03/08/2013","2.854","2.842","2.933","2.835","2.44%"
"03/07/2013","2.786","2.775","2.796","2.763","0.25%"
"03/06/2013","2.779","2.745","2.789","2.745","3.04%"
"03/05/2013","2.697","2.682","2.698","2.666","2.24%"
"03/04/2013","2.638","2.648","2.664","2.625","-0.19%"
"03/03/2013","2.643","2.650","2.662","2.642","-0.19%"
"03/02/2013","2.648","2.648","2.648","2.648","-0.75%"
"03/01/2013","2.668","2.695","2.695","2.648","-0.15%"
"02/28/2013","2.672","2.668","2.682","2.632","1.14%"
"02/27/2013","2.642","2.670","2.680","2.630","-1.97%"
"02/26/2013","2.695","2.690","2.715","2.688","-3.06%"
"02/25/2013","2.780","2.785","2.810","2.770","-0.36%"
"02/24/2013","2.790","2.785","2.810","2.780","0.18%"
"02/23/2013","2.785","2.785","2.785","2.785","-0.29%"
"02/22/2013","2.793","2.753","2.805","2.743","0.72%"
"02/21/2013","2.773","2.775","2.803","2.773","-2.29%"
"02/20/2013","2.838","2.850","2.860","2.838","0.46%"
"02/19/2013","2.825","2.815","2.848","2.807","-0.18%"
"02/18/2013","2.830","2.790","2.842","2.790","0.18%"
"02/17/2013","2.825","2.790","2.825","2.790","1.25%"
"02/16/2013","2.790","2.790","2.790","2.790","0.00%"
"02/15/2013","2.790","2.790","2.800","2.780","-0.82%"
"02/14/2013","2.813","2.828","2.835","2.803","0.93%"
"02/13/2013","2.787","2.753","2.787","2.750","2.09%"
"02/12/2013","2.730","2.730","2.753","2.725","-0.26%"
"02/11/2013","2.737","2.753","2.767","2.737","-1.08%"
"02/10/2013","2.767","2.753","2.767","2.753","0.36%"
"02/09/2013","2.757","2.757","2.757","2.757","-0.11%"
"02/08/2013","2.760","2.743","2.770","2.723","0.73%"
"02/07/2013","2.740","2.753","2.780","2.737","-1.97%"
"02/06/2013","2.795","2.813","2.852","2.785","-0.64%"
"02/05/2013","2.813","2.813","2.825","2.793","-2.16%"
"02/04/2013","2.875","2.835","2.900","2.835","-0.10%"
"02/03/2013","2.878","2.835","2.900","2.835","1.52%"
"02/02/2013","2.835","2.835","2.835","2.835","1.14%"
"02/01/2013","2.803","2.807","2.822","2.793","1.45%"
"01/31/2013","2.763","2.770","2.780","2.760","-2.02%"
"01/30/2013","2.820","2.820","2.832","2.797","0.46%"
"01/29/2013","2.807","2.785","2.818","2.747","2.18%"
"01/28/2013","2.747","2.777","2.813","2.747","-1.08%"
"01/27/2013","2.777","2.773","2.777","2.773","0.00%"
"01/26/2013","2.777","2.777","2.777","2.777","3.54%"
"01/25/2013","2.682","2.682","2.695","2.680","0.83%"
"01/24/2013","2.660","2.682","2.682","2.642","-1.23%"
"01/23/2013","2.693","2.727","2.737","2.678","-1.61%"
"01/22/2013","2.737","2.737","2.747","2.727","0.15%"
"01/21/2013","2.733","2.705","2.745","2.703","0.29%"
"01/20/2013","2.725","2.705","2.735","2.703","0.74%"
"01/19/2013","2.705","2.705","2.705","2.705","-1.89%"
"01/18/2013","2.757","2.745","2.767","2.737","2.49%"
"01/17/2013","2.690","2.733","2.747","2.680","-2.07%"
"01/16/2013","2.747","2.763","2.787","2.737","-1.19%"
"01/15/2013","2.780","2.780","2.790","2.760","-0.71%"
"01/14/2013","2.800","2.787","2.800","2.773","0.72%"
"01/13/2013","2.780","2.787","2.790","2.773","-0.25%"
"01/12/2013","2.787","2.787","2.787","2.787","-0.92%"
"01/11/2013","2.813","2.845","2.850","2.813","0.72%"
"01/10/2013","2.793","2.745","2.803","2.735","1.67%"
"01/09/2013","2.747","2.750","2.765","2.723","-0.83%"
"01/08/2013","2.770","2.777","2.787","2.757","-0.82%"
"01/07/2013","2.793","2.818","2.818","2.773","0.00%"
"01/06/2013","2.793","2.818","2.818","2.793","-0.89%"
"01/05/2013","2.818","2.818","2.818","2.818","1.00%"
"01/04/2013","2.790","2.785","2.813","2.770","2.01%"
"01/03/2013","2.735","2.770","2.790","2.735","-0.29%"
"01/02/2013","2.743","2.645","2.755","2.645","2.73%"
"01/01/2013","2.670","2.652","2.710","2.638","0.68%"
"12/31/2012","2.652","2.660","2.660","2.608","0.91%"
"12/30/2012","2.628","2.660","2.660","2.608","-1.20%"
"12/29/2012","2.660","2.660","2.660","2.660","-1.66%"
"12/28/2012","2.705","2.665","2.717","2.665","-0.92%"
"12/27/2012","2.730","2.707","2.730","2.680","1.11%"
"12/26/2012","2.700","2.707","2.707","2.680","-0.37%"
"12/24/2012","2.710","2.693","2.720","2.688","0.37%"
"12/23/2012","2.700","2.693","2.710","2.688","0.26%"
"12/22/2012","2.693","2.697","2.697","2.693","-0.07%"
"12/21/2012","2.695","2.735","2.755","2.665","-1.10%"
"12/20/2012","2.725","2.727","2.727","2.693","-1.38%"
"12/19/2012","2.763","2.775","2.780","2.733","-0.50%"
"12/18/2012","2.777","2.777","2.807","2.757","1.35%"
"12/17/2012","2.740","2.750","2.830","2.733","-2.39%"
"12/16/2012","2.807","2.750","2.830","2.745","2.07%"
"12/15/2012","2.750","2.750","2.750","2.750","-1.08%"
"12/14/2012","2.780","2.747","2.780","2.740","1.09%"
"12/13/2012","2.750","2.757","2.770","2.727","2.04%"
"12/12/2012","2.695","2.682","2.705","2.670","1.62%"
"12/11/2012","2.652","2.682","2.682","2.642","-0.49%"
"12/10/2012","2.665","2.697","2.713","2.665","-1.11%"
"12/09/2012","2.695","2.697","2.713","2.695","-0.07%"
"12/08/2012","2.697","2.697","2.697","2.697","2.08%"
"12/07/2012","2.642","2.668","2.670","2.640","-1.23%"
"12/06/2012","2.675","2.675","2.695","2.625","0.19%"
"12/05/2012","2.670","2.650","2.670","2.630","-1.11%"
"12/04/2012","2.700","2.665","2.713","2.655","2.20%"
"12/03/2012","2.642","2.680","2.685","2.642","-1.60%"
"12/02/2012","2.685","2.680","2.685","2.665","0.19%"
"12/01/2012","2.680","2.680","2.680","2.680","0.56%"
"11/30/2012","2.665","2.680","2.682","2.652","-2.27%"
"11/29/2012","2.727","2.727","2.767","2.707","-0.66%"
"11/28/2012","2.745","2.745","2.745","2.733","-0.72%"
"11/27/2012","2.765","2.727","2.775","2.720","-0.18%"
"11/26/2012","2.770","2.795","2.810","2.770","-0.36%"
"11/25/2012","2.780","2.795","2.810","2.780","-0.54%"
"11/24/2012","2.795","2.795","2.795","2.795","0.18%"
"11/23/2012","2.790","2.765","2.805","2.765","1.27%"
"11/22/2012","2.755","2.740","2.770","2.727","1.40%"
"11/21/2012","2.717","2.733","2.743","2.707","0.37%"
"11/20/2012","2.707","2.737","2.737","2.678","0.63%"
"11/19/2012","2.690","2.618","2.690","2.618","1.13%"
"11/18/2012","2.660","2.618","2.672","2.618","1.60%"
"11/17/2012","2.618","2.618","2.618","2.618","-0.53%"
"11/16/2012","2.632","2.638","2.652","2.622","-0.11%"
"11/15/2012","2.635","2.645","2.645","2.615","-1.50%"
"11/14/2012","2.675","2.642","2.685","2.642","0.64%"
"11/13/2012","2.658","2.678","2.707","2.658","-0.37%"
"11/12/2012","2.668","2.650","2.678","2.645","0.11%"
"11/11/2012","2.665","2.650","2.665","2.645","0.57%"
"11/10/2012","2.650","2.650","2.650","2.650","-0.38%"
"11/09/2012","2.660","2.638","2.680","2.632","-0.30%"
"11/08/2012","2.668","2.655","2.678","2.618","-1.00%"
"11/07/2012","2.695","2.755","2.765","2.685","-0.37%"
"11/06/2012","2.705","2.615","2.705","2.575","2.27%"
"11/05/2012","2.645","2.640","2.655","2.635","0.00%"
"11/04/2012","2.645","2.640","2.655","2.640","0.19%"
"11/03/2012","2.640","2.640","2.640","2.640","0.30%"
"11/02/2012","2.632","2.612","2.642","2.612","0.77%"
"11/01/2012","2.612","2.582","2.612","2.572","1.24%"
"10/31/2012","2.580","2.602","2.610","2.570","1.06%"
"10/30/2012","2.553","2.560","2.582","2.540","-2.00%"
"10/29/2012","2.605","2.575","2.615","2.575","0.39%"
"10/28/2012","2.595","2.575","2.595","2.575","-2.52%"
"10/26/2012","2.662","2.715","2.725","2.662","-0.49%"
"10/25/2012","2.675","2.632","2.688","2.632","2.29%"
"10/24/2012","2.615","2.505","2.635","2.505","1.67%"
"10/23/2012","2.572","2.580","2.608","2.553","2.06%"
"10/22/2012","2.520","2.510","2.523","2.485","0.80%"
"10/21/2012","2.500","2.510","2.520","2.485","-0.40%"
"10/20/2012","2.510","2.510","2.510","2.510","-2.14%"
"10/19/2012","2.565","2.565","2.565","2.565","-1.72%"
"10/18/2012","2.610","2.610","2.610","2.610","3.69%"
"10/17/2012","2.517","2.517","2.517","2.517","3.37%"
"10/16/2012","2.435","2.435","2.435","2.435","0.41%"
"10/15/2012","2.425","2.425","2.425","2.425","-0.82%"
"10/14/2012","2.445","2.430","2.445","2.425","0.62%"
"10/13/2012","2.430","2.430","2.430","2.430","-1.02%"
"10/12/2012","2.455","2.455","2.455","2.455","-0.41%"
"10/11/2012","2.465","2.465","2.465","2.465","-0.20%"
"10/10/2012","2.470","2.470","2.470","2.470","0.41%"
"10/09/2012","2.460","2.460","2.460","2.460","0.20%"
"10/08/2012","2.455","2.455","2.455","2.455","-0.61%"
"10/07/2012","2.470","2.490","2.513","2.460","-0.80%"
"10/06/2012","2.490","2.490","2.490","2.490","0.61%"
"10/05/2012","2.475","2.475","2.475","2.475","1.43%"
"10/04/2012","2.440","2.440","2.440","2.440","2.31%"
"10/03/2012","2.385","2.385","2.385","2.385","-1.24%"
"10/02/2012","2.415","2.415","2.415","2.415","-1.23%"
"10/01/2012","2.445","2.445","2.445","2.445","-1.61%"
"09/30/2012","2.485","2.520","2.520","2.475","0.00%"
"09/28/2012","2.485","2.485","2.485","2.485","-0.72%"
"09/27/2012","2.503","2.503","2.503","2.503","-1.65%"
"09/26/2012","2.545","2.545","2.545","2.545","-2.42%"
"09/25/2012","2.608","2.608","2.608","2.608","-1.02%"
"09/24/2012","2.635","2.635","2.635","2.635","-1.13%"
"09/23/2012","2.665","2.682","2.682","2.665","-0.63%"
"09/22/2012","2.682","2.688","2.688","2.682","-2.37%"
"09/21/2012","2.747","2.747","2.747","2.747","1.63%"
"09/20/2012","2.703","2.703","2.703","2.703","-4.32%"
"09/19/2012","2.825","2.825","2.825","2.825","-0.53%"
"09/18/2012","2.840","2.840","2.840","2.840","-2.81%"
"09/17/2012","2.922","2.922","2.922","2.922","-0.34%"
"09/16/2012","2.932","2.935","2.985","2.928","0.48%"
"09/14/2012","2.918","2.918","2.918","2.918","2.10%"
"09/13/2012","2.858","2.858","2.858","2.858","1.53%"
"09/12/2012","2.815","2.815","2.815","2.815","3.00%"
"09/11/2012","2.733","2.733","2.733","2.733","0.48%"
"09/10/2012","2.720","2.720","2.720","2.720","-0.18%"
"09/09/2012","2.725","2.770","2.775","2.725","-1.73%"
"09/08/2012","2.773","2.770","2.773","2.770","-0.79%"
"09/07/2012","2.795","2.795","2.795","2.795","3.79%"
"09/06/2012","2.693","2.693","2.693","2.693","1.81%"
"09/05/2012","2.645","2.645","2.645","2.645","-2.58%"
"09/04/2012","2.715","2.715","2.715","2.715","1.31%"
"09/03/2012","2.680","2.680","2.680","2.680","-0.19%"
"09/02/2012","2.685","2.690","2.695","2.675","-1.10%"
"09/01/2012","2.715","2.715","2.715","2.715","-0.91%"
"08/31/2012","2.740","2.740","2.740","2.740","-1.26%"
"08/30/2012","2.775","2.775","2.775","2.775","-1.53%"
"08/29/2012","2.818","2.818","2.818","2.818","-0.25%"
"08/28/2012","2.825","2.825","2.825","2.825","0.00%"
"08/27/2012","2.825","2.825","2.825","2.825","-1.64%"
"08/26/2012","2.872","2.860","2.882","2.858","0.49%"
"08/25/2012","2.858","2.858","2.858","2.858","0.11%"
"08/24/2012","2.855","2.855","2.855","2.855","-0.24%"
"08/23/2012","2.862","2.862","2.862","2.862","-1.82%"
"08/22/2012","2.915","2.915","2.915","2.915","-2.35%"
"08/21/2012","2.985","2.985","2.985","2.985","0.40%"
"08/20/2012","2.973","2.973","2.973","2.973","0.68%"
"08/19/2012","2.953","2.965","2.975","2.938","0.10%"
"08/18/2012","2.950","2.950","2.950","2.950","-0.91%"
"08/17/2012","2.977","2.977","2.977","2.977","-2.39%"
"08/16/2012","3.050","3.050","3.050","3.050","3.92%"
"08/15/2012","2.935","2.935","2.935","2.935","1.14%"
"08/14/2012","2.902","2.902","2.902","2.902","0.24%"
"08/13/2012","2.895","2.895","2.895","2.895","0.70%"
"08/12/2012","2.875","2.890","2.890","2.865","-0.45%"
"08/11/2012","2.888","2.888","2.888","2.888","0.80%"
"08/10/2012","2.865","2.865","2.865","2.865","-4.02%"
"08/09/2012","2.985","2.985","2.985","2.985","0.67%"
"08/08/2012","2.965","2.965","2.965","2.965","0.07%"
"08/07/2012","2.963","2.963","2.963","2.963","0.85%"
"08/06/2012","2.938","2.938","2.938","2.938","0.00%"
"08/05/2012","2.938","2.953","2.967","2.930","-0.51%"
"08/04/2012","2.953","2.955","2.955","2.953","6.61%"
"08/03/2012","2.770","2.770","2.770","2.770","-1.84%"
"08/02/2012","2.822","2.822","2.822","2.822","2.06%"
"08/01/2012","2.765","2.765","2.765","2.765","0.55%"
"07/31/2012","2.750","2.750","2.750","2.750","-0.36%"
"07/30/2012","2.760","2.760","2.760","2.760","-0.18%"
"07/29/2012","2.765","2.770","2.810","2.720","-0.07%"
"07/28/2012","2.767","2.767","2.767","2.767","5.53%"
"07/27/2012","2.622","2.622","2.622","2.622","8.12%"
"07/26/2012","2.425","2.425","2.425","2.425","3.85%"
"07/25/2012","2.335","2.335","2.335","2.335","-1.97%"
"07/24/2012","2.382","2.382","2.382","2.382","2.23%"
"07/23/2012","2.330","2.330","2.330","2.330","1.30%"
"07/22/2012","2.300","2.368","2.368","2.300","-2.75%"
"07/21/2012","2.365","2.365","2.365","2.365","-2.67%"
"07/20/2012","2.430","2.430","2.430","2.430","-0.21%"
"07/19/2012","2.435","2.435","2.435","2.435","3.18%"
"07/18/2012","2.360","2.360","2.360","2.360","-0.42%"
"07/17/2012","2.370","2.370","2.370","2.370","1.37%"
"07/16/2012","2.338","2.338","2.338","2.338","-0.43%"
"07/15/2012","2.348","2.328","2.352","2.325","0.99%"
"07/14/2012","2.325","2.325","2.325","2.325","0.52%"
"07/13/2012","2.313","2.313","2.313","2.313","1.14%"
"07/12/2012","2.287","2.287","2.287","2.287","-5.42%"
"07/11/2012","2.418","2.418","2.418","2.418","0.96%"
"07/10/2012","2.395","2.395","2.395","2.395","-0.13%"
"07/09/2012","2.398","2.398","2.398","2.398","-0.50%"
"07/08/2012","2.410","2.473","2.475","2.408","-2.63%"
"07/07/2012","2.475","2.473","2.475","2.473","-1.28%"
"07/06/2012","2.507","2.507","2.507","2.507","-1.03%"
"07/05/2012","2.533","2.533","2.533","2.533","-2.88%"
"07/04/2012","2.608","2.608","2.608","2.608","2.27%"
"07/03/2012","2.550","2.550","2.550","2.550","0.12%"
"07/02/2012","2.547","2.547","2.547","2.547","-1.58%"
"07/01/2012","2.588","2.540","2.598","2.537","1.89%"
"06/30/2012","2.540","2.540","2.540","2.537","0.99%"
"06/29/2012","2.515","2.515","2.515","2.515","3.41%"
"06/28/2012","2.432","2.432","2.432","2.432","-0.25%"
"06/27/2012","2.438","2.438","2.438","2.438","0.83%"
"06/26/2012","2.418","2.418","2.418","2.418","-2.11%"
"06/25/2012","2.470","2.470","2.470","2.470","-3.02%"
"06/24/2012","2.547","2.545","2.547","2.545","0.00%"
"06/23/2012","2.547","2.543","2.547","2.543","1.60%"
"06/22/2012","2.507","2.507","2.507","2.507","-3.76%"
"06/21/2012","2.605","2.605","2.605","2.605","2.68%"
"06/20/2012","2.537","2.537","2.537","2.537","5.49%"
"06/19/2012","2.405","2.405","2.405","2.405","-3.99%"
"06/18/2012","2.505","2.505","2.505","2.505","3.86%"
"06/16/2012","2.412","2.418","2.418","2.412","-0.12%"
"06/15/2012","2.415","2.415","2.415","2.415","0.42%"
"06/14/2012","2.405","2.405","2.405","2.405","-2.43%"
"06/13/2012","2.465","2.465","2.465","2.465","2.92%"
"06/12/2012","2.395","2.395","2.395","2.395","-0.95%"
"06/11/2012","2.418","2.455","2.572","2.408","-1.43%"
"06/10/2012","2.453","2.453","2.453","2.453","0.12%"
"06/09/2012","2.450","2.453","2.453","2.450","0.62%"
"06/08/2012","2.435","2.435","2.435","2.435","-2.87%"
"06/07/2012","2.507","2.507","2.507","2.507","4.55%"
"06/06/2012","2.398","2.398","2.398","2.398","4.49%"
"06/05/2012","2.295","2.295","2.295","2.295","10.44%"
"06/04/2012","2.078","2.078","2.078","2.078","0.87%"
"06/02/2012","2.060","2.065","2.065","2.060","-4.85%"
"06/01/2012","2.165","2.165","2.165","2.165","-2.35%"
"05/31/2012","2.217","2.217","2.217","2.217","-7.16%"
"05/30/2012","2.388","2.388","2.388","2.388","-2.65%"
"05/29/2012","2.453","2.453","2.453","2.453","-2.47%"
"05/28/2012","2.515","2.515","2.515","2.515","2.65%"
"05/26/2012","2.450","2.445","2.450","2.445","0.00%"
"05/25/2012","2.450","2.450","2.450","2.450","0.00%"
"05/24/2012","2.450","2.450","2.450","2.450","1.24%"
"05/23/2012","2.420","2.420","2.420","2.420","-4.84%"
"05/22/2012","2.543","2.543","2.543","2.543","1.31%"
"05/21/2012","2.510","2.510","2.510","2.510","0.52%"
"05/20/2012","2.497","2.497","2.497","2.497","0.08%"
"05/19/2012","2.495","2.490","2.495","2.490","1.55%"
"05/18/2012","2.457","2.457","2.457","2.457","-8.39%"
"05/17/2012","2.682","2.682","2.682","2.682","1.59%"
"05/16/2012","2.640","2.640","2.640","2.640","-0.68%"
"05/15/2012","2.658","2.658","2.658","2.658","-0.64%"
"05/14/2012","2.675","2.675","2.675","2.675","-0.82%"
"05/12/2012","2.697","2.703","2.703","2.697","-1.32%"
"05/11/2012","2.733","2.733","2.733","2.733","-0.07%"
"05/10/2012","2.735","2.735","2.735","2.735","1.41%"
"05/09/2012","2.697","2.697","2.697","2.697","-2.46%"
"05/08/2012","2.765","2.765","2.765","2.765","2.29%"
"05/07/2012","2.703","2.703","2.703","2.703","-3.22%"
"05/06/2012","2.793","2.793","2.793","2.793","0.00%"
"05/05/2012","2.793","2.797","2.797","2.793","-2.62%"
"05/04/2012","2.868","2.868","2.868","2.868","-0.35%"
"05/03/2012","2.878","2.878","2.878","2.878","-1.61%"
"05/02/2012","2.925","2.925","2.925","2.925","2.45%"
"05/01/2012","2.855","2.855","2.855","2.855","-5.46%"
"04/30/2012","3.020","3.020","3.020","3.020","-0.76%"
"04/28/2012","3.043","3.037","3.043","3.037","1.20%"
"04/27/2012","3.007","3.007","3.007","3.007","-3.25%"
"04/26/2012","3.108","3.108","3.108","3.108","0.00%"
"04/25/2012","3.108","3.108","3.138","3.102","1.57%"
"04/24/2012","3.060","3.060","3.060","3.060","-4.23%"
"04/23/2012","3.195","3.195","3.195","3.195","-1.69%"
"04/21/2012","3.250","3.255","3.255","3.250","0.15%"
"04/20/2012","3.245","3.245","3.245","3.245","0.31%"
"04/19/2012","3.235","3.235","3.235","3.235","-1.28%"
"04/18/2012","3.277","3.277","3.277","3.277","2.09%"
"04/17/2012","3.210","3.210","3.210","3.210","0.31%"
"04/16/2012","3.200","3.200","3.200","3.200","-0.71%"
"04/14/2012","3.223","3.217","3.223","3.217","-1.59%"
"04/13/2012","3.275","3.275","3.275","3.275","-2.30%"
"04/12/2012","3.352","3.352","3.352","3.352","2.66%"
"04/11/2012","3.265","3.265","3.265","3.265","-0.37%"
"04/10/2012","3.277","3.277","3.277","3.277","-4.32%"
"04/09/2012","3.425","3.425","3.425","3.425","0.00%"
"04/08/2012","3.425","3.425","3.425","3.425","0.00%"
"04/07/2012","3.425","3.425","3.425","3.425","0.00%"
"04/06/2012","3.425","3.425","3.425","3.425","-0.44%"
"04/05/2012","3.440","3.440","3.440","3.440","-0.15%"
"04/04/2012","3.445","3.445","3.445","3.445","0.15%"
"04/03/2012","3.440","3.440","3.440","3.440","-2.47%"
"04/02/2012","3.527","3.527","3.527","3.527","0.28%"
"03/31/2012","3.517","3.517","3.517","3.517","1.27%"
"03/30/2012","3.473","3.473","3.473","3.473","-1.61%"
"03/29/2012","3.530","3.530","3.530","3.530","-2.62%"
"03/28/2012","3.625","3.625","3.625","3.625","-1.76%"
"03/27/2012","3.690","3.690","3.690","3.690","0.00%"
"03/26/2012","3.690","3.690","3.690","3.690","0.54%"
"03/25/2012","3.670","3.680","3.680","3.670","-0.41%"
"03/24/2012","3.685","3.685","3.685","3.685","-0.32%"
"03/23/2012","3.697","3.697","3.697","3.697","0.05%"
"03/22/2012","3.695","3.695","3.695","3.695","-2.25%"
"03/21/2012","3.780","3.780","3.780","3.780","-0.18%"
"03/20/2012","3.787","3.787","3.787","3.787","-0.99%"
"03/19/2012","3.825","3.825","3.825","3.825","0.00%"
"03/18/2012","3.825","3.825","3.825","3.825","0.13%"
"03/17/2012","3.820","3.820","3.820","3.820","0.66%"
"03/16/2012","3.795","3.795","3.795","3.795","-0.78%"
"03/15/2012","3.825","3.825","3.825","3.825","4.45%"
"03/14/2012","3.662","3.662","3.662","3.662","2.01%"
"03/13/2012","3.590","3.590","3.590","3.590","0.56%"
"03/12/2012","3.570","3.570","3.570","3.570","-1.05%"
"03/11/2012","3.608","3.632","3.632","3.608","-0.74%"
"03/10/2012","3.635","3.635","3.635","3.635","-0.14%"
"03/09/2012","3.640","3.640","3.640","3.640","2.02%"
"03/08/2012","3.568","3.568","3.568","3.568","0.08%"
"03/07/2012","3.565","3.565","3.565","3.565","-1.93%"
"03/06/2012","3.635","3.635","3.635","3.635","-2.36%"
"03/05/2012","3.723","3.723","3.723","3.723","-0.27%"
"03/04/2012","3.733","3.740","3.743","3.733","-0.11%"
"03/03/2012","3.737","3.737","3.737","3.737","-0.88%"
"03/02/2012","3.770","3.770","3.770","3.770","1.07%"
"03/01/2012","3.730","3.730","3.730","3.730","2.47%"
"02/29/2012","3.640","3.640","3.640","3.640","0.00%"
"02/28/2012","3.640","3.640","3.640","3.640","-1.49%"
"02/27/2012","3.695","3.695","3.695","3.695","0.00%"
"02/26/2012","3.695","3.705","3.705","3.695","-0.14%"
"02/25/2012","3.700","3.700","3.700","3.700","-0.94%"
"02/24/2012","3.735","3.735","3.735","3.735","1.83%"
"02/23/2012","3.668","3.668","3.668","3.668","-0.86%"
"02/22/2012","3.700","3.700","3.700","3.700","-0.08%"
"02/21/2012","3.703","3.703","3.703","3.703","-0.54%"
"02/20/2012","3.723","3.723","3.723","3.723","0.49%"
"02/19/2012","3.705","3.670","3.707","3.665","0.95%"
"02/18/2012","3.670","3.665","3.670","3.665","0.41%"
"02/17/2012","3.655","3.655","3.655","3.655","2.15%"
"02/16/2012","3.578","3.578","3.578","3.578","-0.75%"
"02/15/2012","3.605","3.605","3.605","3.605","1.84%"
"02/14/2012","3.540","3.540","3.540","3.540","-0.84%"
"02/13/2012","3.570","3.570","3.570","3.570","1.71%"
"02/12/2012","3.510","3.467","3.510","3.460","1.24%"
"02/11/2012","3.467","3.460","3.467","3.460","-2.34%"
"02/10/2012","3.550","3.550","3.550","3.550","-1.88%"
"02/09/2012","3.618","3.618","3.618","3.618","2.41%"
"02/08/2012","3.533","3.533","3.533","3.533","1.15%"
"02/07/2012","3.493","3.493","3.493","3.493","5.05%"
"02/06/2012","3.325","3.325","3.325","3.325","3.74%"
"02/03/2012","3.205","3.205","3.205","3.205","-0.37%"
"02/02/2012","3.217","3.217","3.217","3.217","2.39%"
"02/01/2012","3.142","3.142","3.142","3.142","-1.66%"
"01/31/2012","3.195","3.195","3.195","3.195","-0.93%"
"01/30/2012","3.225","3.225","3.225","3.225","-1.98%"
"01/27/2012","3.290","3.290","3.290","3.290","-3.01%"
"01/25/2012","3.392","3.392","3.392","3.392","2.63%"
"01/24/2012","3.305","3.305","3.305","3.305","0.00%"
"01/23/2012","3.305","3.305","3.305","3.305","0.76%"
"01/20/2012","3.280","3.280","3.280","3.280","1.86%"
"01/19/2012","3.220","3.220","3.220","3.220","-1.23%"
"01/18/2012","3.260","3.260","3.260","3.260","-0.52%"
"01/17/2012","3.277","3.277","3.277","3.277","2.57%"
"01/16/2012","3.195","3.195","3.195","3.195","-3.82%"
"01/13/2012","3.322","3.322","3.322","3.322","2.37%"
"01/12/2012","3.245","3.245","3.245","3.245","-0.25%"
"01/11/2012","3.253","3.253","3.253","3.253","0.31%"
"01/10/2012","3.243","3.243","3.243","3.243","1.25%"
"01/09/2012","3.203","3.203","3.203","3.203","-2.05%"
"01/06/2012","3.270","3.270","3.270","3.270","-0.52%"
"01/05/2012","3.287","3.287","3.287","3.287","-0.30%"
"01/04/2012","3.297","3.297","3.297","3.297","-0.63%"
"01/03/2012","3.318","3.318","3.318","3.318","4.67%"
"12/30/2011","3.170","3.170","3.170","3.170","-1.09%"
"12/29/2011","3.205","3.205","3.205","3.205","-0.68%"
"12/28/2011","3.227","3.227","3.227","3.227","1.86%"
"12/23/2011","3.168","3.168","3.168","3.168","0.89%"
"12/22/2011","3.140","3.140","3.140","3.140","0.00%"
"12/21/2011","3.140","3.140","3.140","3.140","2.95%"
"12/20/2011","3.050","3.050","3.050","3.050","0.43%"
"12/19/2011","3.037","3.037","3.037","3.037","-1.87%"
"12/16/2011","3.095","3.095","3.095","3.095","0.98%"
"12/15/2011","3.065","3.065","3.065","3.065","-1.83%"
"12/14/2011","3.122","3.122","3.122","3.122","0.45%"
"12/13/2011","3.108","3.108","3.108","3.108","0.00%"
"12/12/2011","3.108","3.108","3.108","3.108","1.17%"
"12/09/2011","3.072","3.072","3.072","3.072","-2.17%"
"12/08/2011","3.140","3.140","3.140","3.140","-0.79%"
"12/07/2011","3.165","3.165","3.165","3.165","2.43%"
"12/06/2011","3.090","3.090","3.090","3.090","-3.74%"
"12/05/2011","3.210","3.210","3.210","3.210","-1.02%"
"12/02/2011","3.243","3.243","3.243","3.243","0.50%"
"12/01/2011","3.227","3.227","3.227","3.227","3.70%"
"11/30/2011","3.112","3.112","3.112","3.112","-0.32%"
"11/29/2011","3.122","3.122","3.122","3.122","2.26%"
"11/28/2011","3.053","3.053","3.053","3.053","0.53%"
"11/25/2011","3.037","3.037","3.037","3.037","-0.85%"
"11/24/2011","3.063","3.063","3.063","3.063","-0.49%"
"11/23/2011","3.078","3.078","3.078","3.078","-1.66%"
"11/22/2011","3.130","3.130","3.130","3.130","-2.58%"
"11/21/2011","3.213","3.213","3.213","3.213","-1.29%"
"11/18/2011","3.255","3.255","3.255","3.255","-2.11%"
"11/17/2011","3.325","3.325","3.325","3.325","0.21%"
"11/16/2011","3.318","3.318","3.318","3.318","-2.41%"
"11/15/2011","3.400","3.400","3.400","3.400","-3.68%"
"11/14/2011","3.530","3.530","3.530","3.530","1.29%"
"11/11/2011","3.485","3.485","3.485","3.485","1.10%"
"11/10/2011","3.447","3.447","3.447","3.447","-5.30%"
"11/09/2011","3.640","3.640","3.640","3.640","0.83%"
"11/08/2011","3.610","3.610","3.610","3.610","-1.77%"
"11/07/2011","3.675","3.675","3.675","3.675","-0.81%"
"11/04/2011","3.705","3.705","3.705","3.705","1.65%"
"11/03/2011","3.645","3.645","3.645","3.645","-1.67%"
"11/02/2011","3.707","3.707","3.707","3.707","-2.70%"
"11/01/2011","3.810","3.810","3.810","3.810","-2.43%"
"10/31/2011","3.905","3.905","3.905","3.905","-1.26%"
"10/28/2011","3.955","3.955","3.955","3.955","2.94%"
"10/27/2011","3.842","3.842","3.842","3.842","2.32%"
"10/26/2011","3.755","3.755","3.755","3.755","-4.50%"
"10/25/2011","3.932","3.932","3.932","3.932","0.51%"
"10/24/2011","3.912","3.912","3.912","3.912","1.82%"
"10/21/2011","3.842","3.842","3.842","3.842","0.52%"
"10/20/2011","3.822","3.822","3.822","3.822","-0.42%"
"10/19/2011","3.838","3.838","3.838","3.838","0.00%"
"10/18/2011","3.838","3.838","3.838","3.838","-2.22%"
"10/17/2011","3.925","3.925","3.925","3.925","3.10%"
"10/14/2011","3.807","3.807","3.807","3.807","-1.37%"
"10/13/2011","3.860","3.860","3.860","3.860","4.83%"
"10/12/2011","3.682","3.682","3.682","3.682","-0.83%"
"10/11/2011","3.713","3.713","3.713","3.713","0.95%"
"10/10/2011","3.678","3.678","3.678","3.678","1.60%"
"10/07/2011","3.620","3.620","3.620","3.620","2.70%"
"10/06/2011","3.525","3.525","3.525","3.525","2.09%"
"10/05/2011","3.453","3.453","3.453","3.453","1.50%"
"10/04/2011","3.402","3.402","3.402","3.402","-4.30%"
"10/03/2011","3.555","3.555","3.555","3.555","-1.93%"
"09/30/2011","3.625","3.625","3.625","3.625","0.28%"
"09/29/2011","3.615","3.615","3.615","3.615","-0.08%"
"09/28/2011","3.618","3.618","3.618","3.618","1.92%"
"09/27/2011","3.550","3.550","3.550","3.550","2.99%"
"09/26/2011","3.447","3.447","3.447","3.447","-0.17%"
"09/23/2011","3.453","3.453","3.453","3.453","-1.20%"
"09/22/2011","3.495","3.495","3.495","3.495","-3.19%"
"09/21/2011","3.610","3.610","3.610","3.610","1.55%"
"09/20/2011","3.555","3.555","3.555","3.555","0.00%"
"09/19/2011","3.555","3.555","3.555","3.555","-1.85%"
"09/16/2011","3.622","3.622","3.622","3.622","4.17%"
"09/15/2011","3.477","3.477","3.477","3.477","0.20%"
"09/14/2011","3.470","3.470","3.470","3.470","-1.22%"
"09/13/2011","3.513","3.513","3.513","3.513","0.23%"
"09/12/2011","3.505","3.505","3.505","3.505","-4.76%"
"09/09/2011","3.680","3.680","3.680","3.680","0.49%"
"09/08/2011","3.662","3.662","3.662","3.662","-2.48%"
"09/07/2011","3.755","3.755","3.755","3.755","4.83%"
"09/06/2011","3.582","3.582","3.582","3.582","-1.19%"
"09/05/2011","3.625","3.625","3.625","3.625","-3.92%"
"09/02/2011","3.773","3.773","3.773","3.773","-1.28%"
"09/01/2011","3.822","3.822","3.822","3.822","2.11%"
"08/31/2011","3.743","3.743","3.743","3.743","-1.76%"
"08/30/2011","3.810","3.810","3.810","3.810","-0.26%"
"08/29/2011","3.820","3.820","3.820","3.820","1.19%"
"08/26/2011","3.775","3.775","3.775","3.775","0.27%"
"08/25/2011","3.765","3.765","3.765","3.765","1.13%"
"08/24/2011","3.723","3.723","3.723","3.723","0.89%"
"08/23/2011","3.690","3.690","3.690","3.690","3.07%"
"08/22/2011","3.580","3.580","3.580","3.580","0.93%"
"08/19/2011","3.547","3.547","3.547","3.547","-3.35%"
"08/18/2011","3.670","3.670","3.670","3.670","-2.99%"
"08/17/2011","3.783","3.783","3.783","3.783","-2.12%"
"08/16/2011","3.865","3.865","3.865","3.865","0.78%"
"08/15/2011","3.835","3.835","3.835","3.835","4.21%"
"08/12/2011","3.680","3.680","3.680","3.680","-1.60%"
"08/11/2011","3.740","3.740","3.740","3.740","-3.06%"
"08/10/2011","3.858","3.858","3.858","3.858","4.78%"
"08/09/2011","3.682","3.682","3.682","3.682","-1.10%"
"08/08/2011","3.723","3.723","3.723","3.723","-3.00%"
"08/05/2011","3.838","3.838","3.838","3.838","-7.03%"
"08/04/2011","4.128","4.128","4.128","4.128","1.35%"
"08/03/2011","4.073","4.073","4.073","4.073","-4.95%"
"08/02/2011","4.285","4.285","4.285","4.285","-4.25%"
"08/01/2011","4.475","4.475","4.475","4.475","1.89%"
"07/29/2011","4.392","4.392","4.392","4.392","-2.57%"
"07/28/2011","4.508","4.508","4.508","4.508","-0.16%"
"07/27/2011","4.515","4.515","4.515","4.515","3.01%"
"07/26/2011","4.383","4.383","4.383","4.383","0.25%"
"07/25/2011","4.372","4.372","4.372","4.372","-1.60%"
"07/22/2011","4.443","4.443","4.443","4.443","1.48%"
"07/21/2011","4.378","4.378","4.378","4.378","0.25%"
"07/20/2011","4.367","4.367","4.367","4.367","0.97%"
"07/19/2011","4.325","4.325","4.325","4.325","0.93%"
"07/18/2011","4.285","4.285","4.285","4.285","-2.94%"
"07/15/2011","4.415","4.415","4.415","4.415","-0.07%"
"07/14/2011","4.418","4.418","4.418","4.418","-0.67%"
"07/13/2011","4.448","4.448","4.448","4.448","0.00%"
"07/12/2011","4.448","4.448","4.448","4.448","-2.92%"
"07/11/2011","4.582","4.582","4.582","4.582","-2.72%"
"07/08/2011","4.710","4.710","4.710","4.710","0.26%"
"07/07/2011","4.698","4.698","4.698","4.698","-0.36%"
"07/06/2011","4.715","4.715","4.715","4.715","-0.21%"
"07/05/2011","4.725","4.725","4.725","4.725","-0.88%"
"07/04/2011","4.767","4.767","4.767","4.767","-1.24%"
"07/01/2011","4.827","4.827","4.827","4.827","1.30%"
"06/30/2011","4.765","4.765","4.765","4.765","1.88%"
"06/29/2011","4.677","4.677","4.677","4.677","2.12%"
"06/28/2011","4.580","4.580","4.580","4.580","0.95%"
"06/27/2011","4.537","4.537","4.537","4.537","-2.95%"
"06/24/2011","4.675","4.675","4.675","4.675","-0.11%"
"06/23/2011","4.680","4.680","4.680","4.680","-0.53%"