"Date","Price","Open","High","Low","Change %"
"07/22/2026","1.476","1.482","1.482","1.441","2.64%"
"07/21/2026","1.438","1.437","1.443","1.436","0.28%"
"07/20/2026","1.434","1.434","1.434","1.434","0.14%"
"07/17/2026","1.432","1.441","1.443","1.431","-0.69%"
"07/16/2026","1.442","1.432","1.443","1.431","0.63%"
"07/15/2026","1.433","1.429","1.440","1.423","-0.21%"
"07/14/2026","1.436","1.452","1.452","1.433","-0.83%"
"07/13/2026","1.448","1.436","1.448","1.425","0.98%"
"07/10/2026","1.434","1.444","1.448","1.416","-0.69%"
"07/09/2026","1.444","1.440","1.454","1.438","0.84%"
"07/08/2026","1.432","1.406","1.432","1.406","1.92%"
"07/07/2026","1.405","1.389","1.406","1.386","1.01%"
"07/06/2026","1.391","1.392","1.395","1.387","0.14%"
"07/03/2026","1.389","1.402","1.402","1.384","-0.57%"
"07/02/2026","1.397","1.409","1.410","1.395","-0.14%"
"07/01/2026","1.399","1.387","1.399","1.385","2.57%"
"06/30/2026","1.364","1.400","1.400","1.361","-2.50%"
"06/29/2026","1.399","1.412","1.416","1.397","-0.36%"
"06/26/2026","1.404","1.416","1.418","1.400","-0.57%"
"06/25/2026","1.412","1.419","1.424","1.410","-0.70%"
"06/24/2026","1.422","1.408","1.423","1.407","0.00%"
"06/23/2026","1.422","1.412","1.422","1.405","0.92%"
"06/22/2026","1.409","1.413","1.416","1.404","0.21%"
"06/19/2026","1.406","1.394","1.407","1.391","0.93%"
"06/18/2026","1.393","1.410","1.410","1.385","0.29%"
"06/17/2026","1.389","1.404","1.404","1.385","-1.49%"
"06/16/2026","1.410","1.400","1.417","1.400","0.57%"
"06/15/2026","1.402","1.413","1.413","1.389","-1.13%"
"06/12/2026","1.418","1.412","1.421","1.408","-0.42%"
"06/11/2026","1.424","1.434","1.434","1.419","0.00%"
"06/10/2026","1.424","1.420","1.430","1.419","0.49%"
"06/09/2026","1.417","1.423","1.423","1.410","-0.07%"
"06/08/2026","1.418","1.419","1.425","1.414","0.35%"
"06/05/2026","1.413","1.421","1.422","1.406","-0.42%"
"06/04/2026","1.419","1.416","1.421","1.406","0.85%"
"06/03/2026","1.407","1.389","1.410","1.388","1.66%"
"06/02/2026","1.384","1.407","1.408","1.376","-1.35%"
"06/01/2026","1.403","1.397","1.407","1.396","2.63%"
"05/29/2026","1.367","1.351","1.371","1.342","0.66%"
"05/28/2026","1.358","1.388","1.394","1.353","-1.74%"
"05/27/2026","1.382","1.405","1.407","1.382","-1.78%"
"05/26/2026","1.407","1.411","1.415","1.401","0.00%"
"05/25/2026","1.407","1.433","1.433","1.405","-1.88%"
"05/22/2026","1.434","1.445","1.446","1.425","-0.49%"
"05/21/2026","1.441","1.443","1.452","1.440","-0.96%"
"05/20/2026","1.455","1.442","1.457","1.442","0.83%"
"05/19/2026","1.443","1.419","1.445","1.418","1.26%"
"05/18/2026","1.425","1.435","1.439","1.423","0.92%"
"05/15/2026","1.412","1.404","1.420","1.404","0.71%"
"05/14/2026","1.402","1.395","1.402","1.391","0.43%"
"05/13/2026","1.396","1.400","1.403","1.389","0.00%"
"05/12/2026","1.396","1.393","1.396","1.388","0.65%"
"05/11/2026","1.387","1.375","1.388","1.375","0.80%"
"05/08/2026","1.376","1.377","1.378","1.370","0.51%"
"05/07/2026","1.369","1.375","1.388","1.364","-0.51%"
"05/06/2026","1.376","1.376","1.376","1.376","0.00%"
"05/05/2026","1.376","1.376","1.376","1.376","0.36%"
"05/04/2026","1.371","1.371","1.371","1.371","-0.94%"
"05/01/2026","1.384","1.392","1.393","1.382","0.36%"
"04/30/2026","1.379","1.379","1.398","1.377","0.88%"
"04/29/2026","1.367","1.369","1.367","1.367","-0.51%"
"04/28/2026","1.374","1.364","1.385","1.363","0.88%"
"04/27/2026","1.362","1.354","1.362","1.353","0.67%"
"04/24/2026","1.353","1.361","1.361","1.349","-0.44%"
"04/23/2026","1.359","1.355","1.359","1.352","0.07%"
"04/22/2026","1.358","1.356","1.360","1.353","0.44%"
"04/21/2026","1.352","1.356","1.356","1.344","-0.37%"
"04/20/2026","1.357","1.364","1.366","1.353","-0.80%"
"04/17/2026","1.368","1.369","1.374","1.362","0.29%"
"04/16/2026","1.364","1.378","1.382","1.355","-0.80%"
"04/15/2026","1.375","1.380","1.387","1.369","0.29%"
"04/14/2026","1.371","1.392","1.392","1.369","-1.93%"
"04/13/2026","1.398","1.408","1.419","1.392","-0.36%"
"04/10/2026","1.403","1.391","1.403","1.389","0.72%"
"04/09/2026","1.393","1.384","1.394","1.383","0.80%"
"04/08/2026","1.382","1.377","1.386","1.361","-0.14%"
"04/07/2026","1.384","1.397","1.400","1.381","-1.14%"
"04/06/2026","1.400","1.393","1.404","1.393","0.94%"
"04/03/2026","1.387","1.384","1.390","1.379","0.07%"
"04/02/2026","1.386","1.357","1.386","1.355","2.36%"
"04/01/2026","1.354","1.371","1.371","1.351","0.22%"
"03/31/2026","1.351","1.358","1.368","1.345","-0.73%"
"03/30/2026","1.361","1.387","1.389","1.356","-1.87%"
"03/27/2026","1.387","1.342","1.387","1.342","4.13%"
"03/26/2026","1.332","1.307","1.332","1.306","2.15%"
"03/25/2026","1.304","1.296","1.311","1.289","0.15%"
"03/24/2026","1.302","1.300","1.303","1.286","0.15%"
"03/23/2026","1.300","1.271","1.300","1.271","2.60%"
"03/20/2026","1.267","1.263","1.267","1.267","-0.31%"
"03/19/2026","1.271","1.258","1.274","1.258","1.60%"
"03/18/2026","1.251","1.273","1.273","1.250","-1.88%"
"03/17/2026","1.275","1.277","1.279","1.270","-0.39%"
"03/16/2026","1.280","1.292","1.295","1.270","-0.47%"
"03/13/2026","1.286","1.264","1.286","1.264","2.06%"
"03/12/2026","1.260","1.254","1.264","1.254","1.20%"
"03/11/2026","1.245","1.257","1.262","1.245","-0.56%"
"03/10/2026","1.252","1.237","1.255","1.227","0.89%"
"03/09/2026","1.241","1.248","1.261","1.239","-0.24%"
"03/06/2026","1.244","1.255","1.255","1.240","-0.96%"
"03/05/2026","1.256","1.239","1.256","1.239","1.95%"
"03/04/2026","1.232","1.249","1.250","1.224","-2.30%"
"03/03/2026","1.261","1.230","1.261","1.229","3.02%"
"03/02/2026","1.224","1.246","1.246","1.216","-0.57%"
"02/27/2026","1.231","1.239","1.240","1.226","-0.81%"
"02/26/2026","1.241","1.225","1.250","1.225","1.47%"
"02/25/2026","1.223","1.228","1.235","1.214","-1.61%"
"02/24/2026","1.243","1.253","1.253","1.225","-0.56%"
"02/23/2026","1.250","1.250","1.250","1.250","0.00%"
"02/20/2026","1.250","1.260","1.260","1.246","-0.48%"
"02/19/2026","1.256","1.245","1.256","1.238","1.45%"
"02/18/2026","1.238","1.231","1.245","1.223","0.41%"
"02/17/2026","1.233","1.270","1.270","1.230","-3.14%"
"02/16/2026","1.273","1.278","1.282","1.266","-1.16%"
"02/13/2026","1.288","1.293","1.301","1.285","-1.38%"
"02/12/2026","1.306","1.300","1.307","1.289","0.69%"
"02/11/2026","1.297","1.297","1.297","1.297","-0.69%"
"02/10/2026","1.306","1.301","1.306","1.295","-0.61%"
"02/09/2026","1.314","1.290","1.316","1.290","2.50%"
"02/06/2026","1.282","1.280","1.283","1.256","-0.08%"
"02/05/2026","1.283","1.277","1.284","1.268","0.31%"
"02/04/2026","1.279","1.287","1.291","1.269","-0.70%"
"02/03/2026","1.288","1.279","1.288","1.274","1.98%"
"02/02/2026","1.263","1.256","1.271","1.256","2.43%"
"01/30/2026","1.233","1.253","1.255","1.225","-1.99%"
"01/29/2026","1.258","1.252","1.261","1.250","0.88%"
"01/28/2026","1.247","1.279","1.280","1.244","-2.81%"
"01/27/2026","1.283","1.269","1.283","1.268","0.86%"
"01/26/2026","1.272","1.254","1.278","1.232","1.44%"
"01/23/2026","1.254","1.218","1.254","1.211","2.53%"
"01/22/2026","1.223","1.232","1.241","1.216","-0.65%"
"01/21/2026","1.231","1.214","1.231","1.208","1.23%"
"01/20/2026","1.216","1.225","1.235","1.210","-0.65%"
"01/19/2026","1.224","1.205","1.224","1.204","2.09%"
"01/16/2026","1.199","1.188","1.204","1.188","1.44%"
"01/15/2026","1.182","1.174","1.186","1.167","0.42%"
"01/14/2026","1.177","1.171","1.179","1.166","1.20%"
"01/13/2026","1.163","1.155","1.182","1.152","1.93%"
"01/12/2026","1.141","1.141","1.141","1.141","-0.61%"
"01/09/2026","1.148","1.125","1.150","1.125","1.77%"
"01/08/2026","1.128","1.167","1.167","1.124","-3.51%"
"01/07/2026","1.169","1.174","1.179","1.162","-1.52%"
"01/06/2026","1.187","1.195","1.195","1.176","-0.92%"
"01/05/2026","1.198","1.177","1.202","1.177","2.57%"
"01/02/2026","1.168","1.168","1.168","1.168","0.00%"
"01/01/2026","1.168","1.168","1.168","1.168","-0.43%"
"12/31/2025","1.173","1.175","1.173","1.173","-0.09%"
"12/30/2025","1.174","1.159","1.176","1.153","0.86%"
"12/29/2025","1.164","1.152","1.165","1.150","0.69%"
"12/26/2025","1.156","1.158","1.160","1.152","2.85%"
"12/25/2025","1.124","1.097","1.133","1.087","1.81%"
"12/24/2025","1.104","1.100","1.104","1.083","0.36%"
"12/23/2025","1.100","1.118","1.118","1.093","-2.14%"
"12/22/2025","1.124","1.097","1.130","1.097","2.74%"
"12/19/2025","1.094","1.070","1.100","1.067","2.24%"
"12/18/2025","1.070","1.076","1.078","1.067","-0.47%"
"12/17/2025","1.075","1.067","1.078","1.064","1.03%"
"12/16/2025","1.064","1.071","1.074","1.059","-0.47%"
"12/15/2025","1.069","1.068","1.071","1.064","-0.19%"
"12/12/2025","1.071","1.058","1.071","1.051","1.23%"
"12/11/2025","1.058","1.075","1.075","1.053","-1.49%"
"12/10/2025","1.074","1.065","1.082","1.065","0.00%"
"12/09/2025","1.074","1.065","1.074","1.058","1.13%"
"12/08/2025","1.062","1.055","1.062","1.050","0.95%"
"12/05/2025","1.052","1.025","1.053","1.018","2.83%"
"12/04/2025","1.023","1.017","1.023","1.010","0.59%"
"12/03/2025","1.017","1.019","1.021","1.013","0.59%"
"12/02/2025","1.011","1.021","1.027","1.008","-1.17%"
"12/01/2025","1.023","0.997","1.025","0.997","5.14%"
"11/28/2025","0.973","0.972","0.982","0.972","0.21%"
"11/27/2025","0.971","0.977","0.980","0.965","-0.31%"
"11/26/2025","0.974","0.968","0.979","0.965","0.31%"
"11/25/2025","0.971","0.954","0.971","0.954","2.53%"
"11/24/2025","0.947","0.947","0.947","0.947","-0.53%"
"11/21/2025","0.952","0.953","0.953","0.945","-0.83%"
"11/20/2025","0.960","0.935","0.970","0.935","3.11%"
"11/19/2025","0.931","0.929","0.935","0.928","0.43%"
"11/18/2025","0.927","0.935","0.943","0.923","-0.86%"
"11/17/2025","0.935","0.934","0.938","0.930","0.65%"
"11/14/2025","0.929","0.932","0.933","0.927","-0.21%"
"11/13/2025","0.931","0.939","0.939","0.929","-0.43%"
"11/12/2025","0.935","0.932","0.938","0.928","0.32%"
"11/11/2025","0.932","0.942","0.943","0.929","-1.38%"
"11/10/2025","0.945","0.940","0.950","0.938","0.75%"
"11/07/2025","0.938","0.935","0.940","0.928","0.32%"
"11/06/2025","0.935","0.935","0.940","0.929","0.54%"
"11/05/2025","0.930","0.941","0.941","0.927","-0.96%"
"11/04/2025","0.939","0.929","0.940","0.929","2.96%"
"11/03/2025","0.912","0.912","0.912","0.912","-0.55%"
"10/31/2025","0.917","0.930","0.938","0.910","-1.61%"
"10/30/2025","0.932","0.950","0.961","0.925","-1.27%"
"10/29/2025","0.944","0.942","0.947","0.940","0.64%"
"10/28/2025","0.938","0.940","0.942","0.933","-0.85%"
"10/27/2025","0.946","0.941","0.948","0.935","1.28%"
"10/24/2025","0.934","0.940","0.943","0.930","0.00%"
"10/23/2025","0.934","0.924","0.935","0.921","0.32%"
"10/22/2025","0.931","0.941","0.944","0.928","-0.64%"
"10/21/2025","0.937","0.949","0.949","0.934","-1.16%"
"10/20/2025","0.948","0.913","0.948","0.913","4.41%"
"10/17/2025","0.908","0.914","0.915","0.891","-1.20%"
"10/16/2025","0.919","0.906","0.922","0.903","2.00%"
"10/15/2025","0.901","0.896","0.906","0.893","0.78%"
"10/14/2025","0.894","0.912","0.918","0.887","-3.04%"
"10/13/2025","0.922","0.922","0.922","0.922","-0.22%"
"10/10/2025","0.924","0.931","0.936","0.921","-0.75%"
"10/09/2025","0.931","0.928","0.931","0.924","-0.11%"
"10/08/2025","0.932","0.911","0.932","0.911","2.31%"
"10/07/2025","0.911","0.901","0.914","0.901","1.33%"
"10/06/2025","0.899","0.941","0.946","0.889","-4.77%"
"10/03/2025","0.944","0.952","0.952","0.940","-0.94%"
"10/02/2025","0.953","0.956","0.956","0.943","-0.21%"
"10/01/2025","0.955","0.961","0.965","0.950","1.17%"
"09/30/2025","0.944","0.931","0.947","0.926","1.40%"
"09/29/2025","0.931","0.925","0.931","0.912","-0.21%"
"09/26/2025","0.933","0.935","0.936","0.926","-0.32%"
"09/25/2025","0.936","0.935","0.936","0.925","0.75%"
"09/24/2025","0.929","0.933","0.934","0.925","0.87%"
"09/23/2025","0.921","0.921","0.921","0.921","-1.07%"
"09/22/2025","0.931","0.914","0.932","0.914","1.31%"
"09/19/2025","0.919","0.894","0.919","0.884","4.08%"
"09/18/2025","0.883","0.882","0.885","0.875","0.46%"
"09/17/2025","0.879","0.879","0.880","0.874","0.34%"
"09/16/2025","0.876","0.870","0.878","0.863","2.10%"
"09/15/2025","0.858","0.858","0.858","0.858","-1.27%"
"09/12/2025","0.869","0.860","0.869","0.859","1.52%"
"09/11/2025","0.856","0.854","0.859","0.849","0.59%"
"09/10/2025","0.851","0.853","0.860","0.849","1.79%"
"09/09/2025","0.836","0.825","0.838","0.815","1.33%"
"09/08/2025","0.825","0.835","0.837","0.823","-1.67%"
"09/05/2025","0.839","0.852","0.852","0.836","-1.76%"
"09/04/2025","0.854","0.870","0.870","0.852","-1.50%"
"09/03/2025","0.867","0.873","0.882","0.859","0.00%"
"09/02/2025","0.867","0.886","0.889","0.866","-1.48%"
"09/01/2025","0.880","0.875","0.880","0.874","0.80%"
"08/29/2025","0.873","0.873","0.879","0.870","1.87%"
"08/28/2025","0.857","0.864","0.865","0.848","-1.04%"
"08/27/2025","0.866","0.876","0.878","0.864","-0.80%"
"08/26/2025","0.873","0.872","0.875","0.868","0.23%"
"08/25/2025","0.871","0.868","0.873","0.866","0.69%"
"08/22/2025","0.865","0.864","0.865","0.856","1.29%"
"08/21/2025","0.854","0.852","0.855","0.848","0.35%"
"08/20/2025","0.851","0.843","0.855","0.839","0.83%"
"08/19/2025","0.844","0.835","0.845","0.832","1.56%"
"08/18/2025","0.831","0.837","0.840","0.828","0.61%"
"08/15/2025","0.826","0.826","0.829","0.819","1.35%"
"08/14/2025","0.815","0.785","0.815","0.780","3.82%"
"08/13/2025","0.785","0.780","0.790","0.777","1.82%"
"08/12/2025","0.771","0.774","0.779","0.770","0.39%"
"08/11/2025","0.768","0.768","0.768","0.768","-0.26%"
"08/08/2025","0.770","0.772","0.775","0.768","0.39%"
"08/07/2025","0.767","0.775","0.775","0.761","-0.65%"
"08/06/2025","0.772","0.758","0.774","0.755","2.80%"
"08/05/2025","0.751","0.762","0.762","0.746","-1.05%"
"08/04/2025","0.759","0.789","0.789","0.731","-6.76%"
"08/01/2025","0.814","0.826","0.828","0.800","-1.09%"
"07/31/2025","0.823","0.825","0.840","0.820","-0.24%"
"07/30/2025","0.825","0.828","0.830","0.821","-0.24%"
"07/29/2025","0.827","0.844","0.846","0.820","-1.55%"
"07/28/2025","0.840","0.854","0.855","0.835","-2.33%"
"07/25/2025","0.860","0.849","0.860","0.840","1.78%"
"07/24/2025","0.845","0.835","0.845","0.823","1.93%"
"07/23/2025","0.829","0.759","0.829","0.758","10.09%"
"07/22/2025","0.753","0.773","0.775","0.747","-2.46%"
"07/21/2025","0.772","0.772","0.772","0.772","0.65%"
"07/18/2025","0.767","0.784","0.786","0.765","-2.29%"
"07/17/2025","0.785","0.790","0.791","0.780","-0.13%"
"07/16/2025","0.786","0.791","0.792","0.780","0.00%"
"07/15/2025","0.786","0.782","0.789","0.778","0.64%"
"07/14/2025","0.781","0.776","0.785","0.769","2.09%"
"07/11/2025","0.765","0.761","0.765","0.760","1.19%"
"07/10/2025","0.756","0.757","0.765","0.753","0.00%"
"07/09/2025","0.756","0.740","0.757","0.739","2.86%"
"07/08/2025","0.735","0.736","0.741","0.723","0.14%"
"07/07/2025","0.734","0.740","0.742","0.730","-0.27%"
"07/04/2025","0.736","0.753","0.757","0.734","-1.74%"
"07/03/2025","0.749","0.749","0.752","0.744","0.40%"
"07/02/2025","0.746","0.737","0.749","0.734","0.95%"
"07/01/2025","0.739","0.751","0.756","0.740","-1.34%"
"06/30/2025","0.749","0.753","0.759","0.749","0.13%"
"06/27/2025","0.748","0.740","0.749","0.738","3.03%"
"06/26/2025","0.726","0.724","0.729","0.718","0.55%"
"06/25/2025","0.722","0.736","0.740","0.720","-1.63%"
"06/24/2025","0.734","0.737","0.745","0.734","0.00%"
"06/23/2025","0.734","0.726","0.740","0.726","1.66%"
"06/20/2025","0.722","0.728","0.731","0.720","-0.28%"
"06/19/2025","0.724","0.748","0.749","0.720","-2.82%"
"06/18/2025","0.745","0.766","0.766","0.737","-2.99%"
"06/17/2025","0.768","0.758","0.768","0.753","0.92%"
"06/16/2025","0.761","0.743","0.761","0.743","2.98%"
"06/13/2025","0.739","0.754","0.756","0.722","-2.51%"
"06/12/2025","0.758","0.756","0.759","0.749","-0.13%"
"06/11/2025","0.759","0.770","0.773","0.757","-1.81%"
"06/10/2025","0.773","0.778","0.783","0.767","-0.77%"
"06/09/2025","0.779","0.766","0.782","0.766","1.70%"
"06/06/2025","0.766","0.761","0.776","0.758","1.06%"
"06/05/2025","0.758","0.760","0.763","0.755","-0.92%"
"06/04/2025","0.765","0.757","0.766","0.757","0.92%"
"06/03/2025","0.758","0.759","0.764","0.746","0.26%"
"06/02/2025","0.756","0.746","0.759","0.746","1.07%"
"05/30/2025","0.748","0.745","0.757","0.742","-1.06%"
"05/29/2025","0.756","0.753","0.762","0.752","0.53%"
"05/28/2025","0.752","0.736","0.759","0.736","2.45%"
"05/27/2025","0.734","0.723","0.738","0.709","1.38%"
"05/26/2025","0.724","0.723","0.725","0.712","0.98%"
"05/25/2025","0.717","0.717","0.717","0.717","-1.78%"
"05/23/2025","0.730","0.733","0.745","0.727","-0.68%"
"05/22/2025","0.735","0.732","0.744","0.722","2.37%"
"05/21/2025","0.718","0.731","0.732","0.711","-0.83%"
"05/20/2025","0.724","0.717","0.739","0.712","0.56%"
"05/19/2025","0.720","0.715","0.722","0.713","0.56%"
"05/18/2025","0.716","0.716","0.716","0.716","0.85%"
"05/16/2025","0.710","0.707","0.710","0.703","-1.25%"
"05/15/2025","0.719","0.712","0.724","0.709","1.55%"
"05/14/2025","0.708","0.715","0.721","0.705","-0.84%"
"05/13/2025","0.714","0.681","0.730","0.681","8.18%"
"05/12/2025","0.660","0.637","0.661","0.637","4.76%"
"05/09/2025","0.630","0.624","0.651","0.624","1.61%"
"05/08/2025","0.620","0.611","0.621","0.599","1.47%"
"05/07/2025","0.611","0.611","0.626","0.605","-0.16%"
"05/02/2025","0.612","0.626","0.627","0.609","-2.55%"
"05/01/2025","0.628","0.669","0.674","0.619","-6.96%"
"04/30/2025","0.675","0.684","0.687","0.670","-1.32%"
"04/28/2025","0.684","0.690","0.695","0.682","-0.44%"
"04/25/2025","0.687","0.681","0.696","0.681","3.00%"
"04/24/2025","0.667","0.705","0.710","0.665","-3.33%"
"04/23/2025","0.690","0.675","0.704","0.675","3.14%"
"04/22/2025","0.669","0.650","0.669","0.650","3.08%"
"04/21/2025","0.649","0.631","0.649","0.621","1.41%"
"04/18/2025","0.640","0.653","0.655","0.633","-2.29%"
"04/17/2025","0.655","0.613","0.654","0.603","6.33%"
"04/16/2025","0.616","0.645","0.645","0.610","-3.75%"
"04/15/2025","0.640","0.589","0.644","0.585","8.47%"
"04/14/2025","0.590","0.596","0.616","0.581","-4.22%"
"04/11/2025","0.616","0.667","0.667","0.611","-9.14%"
"04/10/2025","0.678","0.656","0.699","0.634","10.97%"
"04/09/2025","0.611","0.643","0.678","0.603","-5.42%"
"04/08/2025","0.646","0.615","0.677","0.615","10.62%"
"04/07/2025","0.584","0.615","0.615","0.542","-5.65%"
"04/04/2025","0.619","0.749","0.749","0.613","-17.80%"
"04/03/2025","0.753","0.826","0.826","0.746","-9.82%"
"04/02/2025","0.835","0.858","0.860","0.830","-2.34%"
"04/01/2025","0.855","0.858","0.862","0.853","2.40%"
"03/31/2025","0.835","0.860","0.860","0.831","-4.02%"
"03/28/2025","0.870","0.885","0.889","0.865","-1.58%"
"03/27/2025","0.884","0.883","0.885","0.876","0.45%"
"03/26/2025","0.880","0.878","0.885","0.875","0.34%"
"03/25/2025","0.877","0.870","0.880","0.870","1.86%"
"03/24/2025","0.861","0.847","0.865","0.847","1.41%"
"03/21/2025","0.849","0.838","0.850","0.836","1.80%"
"03/19/2025","0.834","0.813","0.839","0.810","2.21%"
"03/18/2025","0.816","0.807","0.818","0.799","0.74%"
"03/17/2025","0.810","0.835","0.835","0.805","-2.99%"
"03/14/2025","0.835","0.857","0.859","0.835","-2.79%"
"03/13/2025","0.859","0.847","0.861","0.839","1.66%"
"03/12/2025","0.845","0.835","0.852","0.834","1.20%"
"03/11/2025","0.835","0.865","0.865","0.828","-4.35%"
"03/10/2025","0.873","0.852","0.875","0.851","2.59%"
"03/07/2025","0.851","0.854","0.863","0.846","0.24%"
"03/06/2025","0.849","0.839","0.857","0.839","1.68%"
"03/05/2025","0.835","0.834","0.845","0.834","0.00%"
"03/04/2025","0.835","0.830","0.835","0.826","0.72%"
"03/03/2025","0.829","0.811","0.830","0.811","2.60%"
"02/28/2025","0.808","0.817","0.823","0.803","-0.37%"
"02/27/2025","0.811","0.795","0.823","0.795","2.01%"
"02/26/2025","0.795","0.790","0.796","0.771","0.00%"
"02/25/2025","0.795","0.804","0.804","0.783","-2.33%"
"02/21/2025","0.814","0.831","0.838","0.799","-1.21%"
"02/20/2025","0.824","0.821","0.825","0.818","0.61%"
"02/19/2025","0.819","0.822","0.828","0.815","-0.61%"
"02/18/2025","0.824","0.821","0.825","0.805","1.85%"
"02/17/2025","0.809","0.794","0.810","0.794","1.89%"
"02/14/2025","0.794","0.785","0.800","0.780","0.38%"
"02/13/2025","0.791","0.805","0.811","0.790","-0.50%"
"02/12/2025","0.795","0.799","0.806","0.790","0.00%"
"02/10/2025","0.795","0.796","0.800","0.794","-0.38%"
"02/07/2025","0.798","0.777","0.800","0.777","4.31%"
"02/06/2025","0.765","0.758","0.768","0.754","0.79%"
"02/05/2025","0.759","0.755","0.765","0.755","2.57%"
"02/04/2025","0.740","0.727","0.744","0.727","2.07%"
"02/03/2025","0.725","0.737","0.743","0.721","0.28%"
"01/31/2025","0.723","0.717","0.729","0.717","1.97%"
"01/30/2025","0.709","0.702","0.720","0.702","2.01%"
"01/29/2025","0.695","0.689","0.704","0.685","1.46%"
"01/28/2025","0.685","0.686","0.690","0.675","-2.14%"
"01/27/2025","0.700","0.718","0.724","0.696","-2.10%"
"01/24/2025","0.715","0.701","0.725","0.699","2.88%"
"01/23/2025","0.695","0.692","0.700","0.690","0.29%"
"01/22/2025","0.693","0.674","0.696","0.671","2.51%"
"01/21/2025","0.676","0.675","0.677","0.665","0.00%"
"01/20/2025","0.676","0.689","0.690","0.676","-1.46%"
"01/17/2025","0.686","0.690","0.690","0.681","-0.72%"
"01/16/2025","0.691","0.697","0.702","0.689","-1.71%"
"01/15/2025","0.703","0.683","0.706","0.678","3.23%"
"01/14/2025","0.681","0.672","0.685","0.672","4.93%"
"01/10/2025","0.649","0.644","0.650","0.636","0.78%"
"01/09/2025","0.644","0.650","0.654","0.641","-0.92%"
"01/08/2025","0.650","0.645","0.658","0.645","0.31%"
"01/07/2025","0.648","0.632","0.648","0.631","7.11%"
"12/30/2024","0.605","0.611","0.615","0.604","-0.33%"
"12/27/2024","0.607","0.607","0.609","0.599","1.68%"
"12/26/2024","0.597","0.589","0.597","0.589","2.58%"
"12/25/2024","0.582","0.580","0.582","0.575","-0.17%"
"12/24/2024","0.583","0.587","0.591","0.580","0.17%"
"12/23/2024","0.582","0.572","0.582","0.567","1.75%"
"12/20/2024","0.572","0.593","0.594","0.550","-5.61%"
"12/19/2024","0.606","0.607","0.625","0.600","2.54%"
"12/18/2024","0.591","0.592","0.597","0.590","-0.34%"
"12/17/2024","0.593","0.589","0.594","0.580","2.24%"
"12/16/2024","0.580","0.575","0.580","0.570","3.39%"
"12/13/2024","0.561","0.583","0.584","0.559","-3.77%"
"12/12/2024","0.583","0.590","0.596","0.579","-1.02%"
"12/11/2024","0.589","0.589","0.590","0.586","0.68%"
"12/10/2024","0.585","0.579","0.593","0.579","2.63%"
"12/09/2024","0.570","0.587","0.587","0.570","-3.72%"
"12/06/2024","0.592","0.600","0.605","0.589","-0.67%"
"12/05/2024","0.596","0.590","0.600","0.580","1.88%"
"12/04/2024","0.585","0.613","0.614","0.580","-4.72%"
"12/03/2024","0.614","0.623","0.624","0.610","-0.97%"
"12/02/2024","0.620","0.625","0.630","0.620","5.26%"
"11/29/2024","0.589","0.581","0.595","0.580","1.20%"
"11/28/2024","0.582","0.583","0.590","0.580","-2.18%"
"11/27/2024","0.595","0.591","0.596","0.591","0.85%"
"11/26/2024","0.590","0.588","0.592","0.585","-0.17%"
"11/25/2024","0.591","0.587","0.595","0.580","0.68%"
"11/22/2024","0.587","0.586","0.591","0.583","1.56%"
"11/21/2024","0.578","0.555","0.580","0.555","4.52%"
"11/20/2024","0.553","0.549","0.560","0.548","-0.36%"
"11/19/2024","0.555","0.551","0.556","0.550","0.36%"
"11/18/2024","0.553","0.553","0.559","0.551","0.18%"
"11/15/2024","0.552","0.541","0.560","0.540","3.18%"
"11/14/2024","0.535","0.529","0.536","0.529","1.13%"
"11/13/2024","0.529","0.515","0.532","0.514","4.55%"
"11/12/2024","0.506","0.500","0.506","0.495","1.81%"
"11/11/2024","0.497","0.504","0.505","0.494","-1.78%"
"11/08/2024","0.506","0.494","0.506","0.488","1.00%"
"11/07/2024","0.501","0.482","0.501","0.482","4.37%"
"11/06/2024","0.480","0.456","0.480","0.443","5.49%"
"11/05/2024","0.455","0.465","0.465","0.454","-1.30%"
"11/01/2024","0.461","0.448","0.474","0.448","5.98%"
"10/31/2024","0.435","0.444","0.448","0.431","-1.81%"
"10/30/2024","0.443","0.454","0.454","0.442","-0.67%"
"10/29/2024","0.446","0.459","0.462","0.445","-1.55%"
"10/28/2024","0.453","0.445","0.455","0.436","0.89%"
"10/25/2024","0.449","0.452","0.453","0.448","0.00%"
"10/24/2024","0.449","0.449","0.453","0.445","0.22%"
"10/23/2024","0.448","0.452","0.452","0.445","-0.44%"
"10/22/2024","0.450","0.444","0.451","0.444","4.41%"
"10/21/2024","0.431","0.437","0.441","0.431","-0.92%"
"10/20/2024","0.435","0.435","0.435","0.435","-0.23%"
"10/18/2024","0.436","0.439","0.446","0.436","1.16%"
"10/17/2024","0.431","0.422","0.436","0.421","2.38%"
"10/16/2024","0.421","0.414","0.426","0.410","-1.17%"
"10/15/2024","0.426","0.419","0.429","0.417","2.40%"
"10/14/2024","0.416","0.411","0.416","0.411","1.22%"
"10/11/2024","0.411","0.410","0.413","0.405","-0.24%"
"10/10/2024","0.412","0.412","0.414","0.401","2.74%"
"10/09/2024","0.401","0.407","0.411","0.401","-0.74%"
"10/08/2024","0.404","0.411","0.416","0.401","-0.74%"
"10/07/2024","0.407","0.389","0.409","0.383","4.90%"
"10/06/2024","0.388","0.388","0.388","0.388","6.01%"
"10/04/2024","0.366","0.373","0.377","0.365","1.10%"
"10/03/2024","0.362","0.373","0.374","0.360","-1.09%"
"10/02/2024","0.366","0.381","0.385","0.363","-5.43%"
"10/01/2024","0.387","0.403","0.403","0.383","1.04%"
"09/30/2024","0.383","0.375","0.392","0.373","2.13%"
"09/29/2024","0.375","0.375","0.375","0.375","16.10%"
"09/27/2024","0.323","0.332","0.334","0.311","2.22%"
"09/26/2024","0.316","0.333","0.333","0.316","-8.67%"
"09/25/2024","0.346","0.347","0.349","0.332","-0.29%"
"09/24/2024","0.347","0.389","0.389","0.342","-4.41%"
"09/23/2024","0.363","0.381","0.381","0.363","-7.16%"
"09/20/2024","0.391","0.386","0.395","0.384","1.30%"
"09/19/2024","0.386","0.384","0.394","0.384","2.39%"
"09/18/2024","0.377","0.386","0.388","0.374","-2.33%"
"09/17/2024","0.386","0.387","0.388","0.376","2.39%"
"09/16/2024","0.377","0.383","0.383","0.377","-2.33%"
"09/13/2024","0.386","0.389","0.392","0.380","-1.28%"
"09/12/2024","0.391","0.384","0.393","0.384","2.89%"
"09/11/2024","0.380","0.388","0.388","0.373","-2.81%"
"09/10/2024","0.391","0.392","0.397","0.389","0.00%"
"09/09/2024","0.391","0.393","0.400","0.390","1.30%"
"09/08/2024","0.386","0.386","0.386","0.386","1.58%"
"09/06/2024","0.380","0.377","0.387","0.375","1.06%"
"09/05/2024","0.376","0.360","0.377","0.359","0.00%"
"09/04/2024","0.376","0.374","0.383","0.370","-2.59%"
"09/03/2024","0.386","0.372","0.391","0.371","4.32%"
"09/02/2024","0.370","0.367","0.375","0.361","2.49%"
"08/30/2024","0.361","0.372","0.375","0.360","0.28%"
"08/29/2024","0.360","0.381","0.386","0.351","-4.26%"
"08/28/2024","0.376","0.368","0.377","0.367","3.01%"
"08/27/2024","0.365","0.369","0.369","0.361","1.11%"
"08/26/2024","0.361","0.362","0.363","0.356","1.98%"
"08/25/2024","0.354","0.354","0.354","0.354","-4.58%"
"08/23/2024","0.371","0.372","0.379","0.370","3.92%"
"08/22/2024","0.357","0.351","0.366","0.346","1.71%"
"08/21/2024","0.351","0.357","0.362","0.343","-2.77%"
"08/20/2024","0.361","0.374","0.376","0.356","-1.63%"
"08/19/2024","0.367","0.359","0.382","0.357","2.80%"
"08/18/2024","0.357","0.357","0.357","0.357","0.28%"
"08/16/2024","0.356","0.353","0.362","0.347","10.56%"
"08/15/2024","0.322","0.297","0.323","0.290","10.65%"
"08/14/2024","0.291","0.302","0.315","0.284","-3.32%"
"08/13/2024","0.301","0.293","0.310","0.289","4.51%"
"08/12/2024","0.288","0.288","0.288","0.288","-4.00%"
"08/09/2024","0.300","0.296","0.312","0.285","7.91%"
"08/08/2024","0.278","0.273","0.296","0.269","5.70%"
"08/07/2024","0.263","0.289","0.295","0.245","-8.68%"
"08/06/2024","0.288","0.280","0.336","0.280","8.27%"
"08/05/2024","0.266","0.371","0.371","0.257","-21.30%"
"08/04/2024","0.338","0.338","0.338","0.338","-17.76%"
"08/02/2024","0.411","0.457","0.457","0.410","-11.80%"
"08/01/2024","0.466","0.447","0.470","0.443","2.42%"
"07/31/2024","0.455","0.436","0.440","0.427","21.33%"
"07/30/2024","0.375","0.390","0.396","0.372","-5.06%"
"07/29/2024","0.395","0.410","0.410","0.391","-1.99%"
"07/28/2024","0.403","0.403","0.403","0.403","1.77%"
"07/26/2024","0.396","0.406","0.406","0.379","0.00%"
"07/25/2024","0.396","0.390","0.396","0.390","8.20%"
"07/24/2024","0.366","0.355","0.367","0.355","4.27%"
"07/23/2024","0.351","0.345","0.355","0.345","2.93%"
"07/22/2024","0.341","0.344","0.344","0.336","1.79%"
"07/21/2024","0.335","0.335","0.335","0.335","-3.18%"
"07/19/2024","0.346","0.343","0.345","0.330","2.37%"
"07/18/2024","0.338","0.324","0.345","0.324","5.30%"
"07/17/2024","0.321","0.306","0.326","0.301","2.88%"
"07/16/2024","0.312","0.333","0.334","0.310","-5.17%"
"07/15/2024","0.329","0.330","0.330","0.329","0.92%"
"07/12/2024","0.326","0.328","0.333","0.322","-2.98%"
"07/11/2024","0.336","0.340","0.340","0.330","0.00%"
"07/10/2024","0.336","0.354","0.355","0.335","-4.00%"
"07/09/2024","0.350","0.362","0.370","0.350","-1.13%"
"07/08/2024","0.354","0.343","0.357","0.341","2.91%"
"07/07/2024","0.344","0.343","0.344","0.344","-0.29%"
"07/05/2024","0.345","0.338","0.345","0.333","1.47%"
"07/04/2024","0.340","0.344","0.344","0.332","-2.86%"
"07/03/2024","0.350","0.365","0.365","0.349","-3.05%"
"07/02/2024","0.361","0.364","0.364","0.355","1.69%"
"07/01/2024","0.355","0.365","0.369","0.355","-0.84%"
"06/30/2024","0.358","0.365","0.358","0.358","0.85%"
"06/28/2024","0.355","0.365","0.376","0.352","2.01%"
"06/27/2024","0.348","0.319","0.355","0.319","12.62%"
"06/26/2024","0.309","0.304","0.310","0.300","2.66%"
"06/25/2024","0.301","0.303","0.305","0.295","0.00%"
"06/24/2024","0.301","0.308","0.318","0.301","-1.63%"
"06/21/2024","0.306","0.303","0.308","0.296","5.52%"
"06/20/2024","0.290","0.283","0.295","0.283","3.20%"
"06/19/2024","0.281","0.284","0.285","0.280","0.00%"
"06/18/2024","0.281","0.297","0.297","0.281","-2.43%"
"06/17/2024","0.288","0.295","0.296","0.285","-1.03%"
"06/16/2024","0.291","0.295","0.291","0.291","-2.68%"
"06/14/2024","0.299","0.321","0.322","0.290","-8.00%"
"06/13/2024","0.325","0.331","0.332","0.316","-4.69%"
"06/12/2024","0.341","0.361","0.361","0.339","-7.84%"
"06/11/2024","0.370","0.383","0.384","0.366","-2.63%"
"06/10/2024","0.380","0.372","0.384","0.371","2.43%"
"06/09/2024","0.371","0.372","0.371","0.371","6.00%"
"06/07/2024","0.350","0.339","0.359","0.339","4.48%"
"06/06/2024","0.335","0.354","0.354","0.329","-4.56%"
"06/05/2024","0.351","0.378","0.378","0.341","-8.83%"
"06/04/2024","0.385","0.399","0.399","0.381","-3.99%"
"06/03/2024","0.401","0.398","0.404","0.396","1.01%"
"06/02/2024","0.397","0.398","0.397","0.397","-1.98%"
"05/31/2024","0.405","0.402","0.411","0.396","5.19%"
"05/30/2024","0.385","0.384","0.400","0.383","2.39%"
"05/29/2024","0.376","0.355","0.379","0.353","7.43%"
"05/28/2024","0.350","0.349","0.352","0.345","1.45%"
"05/27/2024","0.345","0.337","0.350","0.335","3.60%"
"05/26/2024","0.333","0.337","0.333","0.333","-2.06%"
"05/24/2024","0.340","0.343","0.343","0.335","0.00%"
"05/23/2024","0.340","0.349","0.350","0.340","-1.45%"
"05/22/2024","0.345","0.342","0.349","0.339","0.00%"
"05/21/2024","0.345","0.345","0.347","0.338","0.00%"
"05/20/2024","0.345","0.339","0.345","0.338","2.99%"
"05/19/2024","0.335","0.339","0.335","0.335","1.21%"
"05/17/2024","0.331","0.330","0.333","0.325","3.12%"
"05/16/2024","0.321","0.329","0.331","0.316","-4.46%"
"05/15/2024","0.336","0.335","0.345","0.335","-1.47%"
"05/14/2024","0.341","0.334","0.348","0.333","3.33%"
"05/13/2024","0.330","0.320","0.331","0.315","4.10%"
"05/12/2024","0.317","0.320","0.317","0.317","0.63%"
"05/10/2024","0.315","0.312","0.317","0.311","1.61%"
"05/09/2024","0.310","0.297","0.314","0.294","9.15%"
"05/08/2024","0.284","0.275","0.285","0.273","2.90%"
"05/07/2024","0.276","0.287","0.287","0.275","0.73%"
"05/06/2024","0.274","0.287","0.274","0.274","-4.20%"
"05/02/2024","0.286","0.285","0.289","0.279","-0.69%"
"05/01/2024","0.288","0.281","0.290","0.281","4.35%"
"04/30/2024","0.276","0.290","0.291","0.263","-0.72%"
"04/29/2024","0.278","0.290","0.278","0.278","-6.71%"
"04/26/2024","0.298","0.314","0.318","0.294","-1.32%"
"04/25/2024","0.302","0.307","0.307","0.298","0.67%"
"04/24/2024","0.300","0.304","0.305","0.300","5.26%"
"04/23/2024","0.285","0.283","0.294","0.280","1.79%"
"04/22/2024","0.280","0.270","0.285","0.269","3.70%"
"04/21/2024","0.270","0.270","0.270","0.270","3.45%"
"04/19/2024","0.261","0.276","0.277","0.256","-5.43%"
"04/18/2024","0.276","0.277","0.285","0.274","-2.13%"
"04/17/2024","0.282","0.283","0.284","0.275","0.71%"
"04/16/2024","0.280","0.281","0.286","0.275","2.94%"
"04/15/2024","0.272","0.272","0.275","0.266","1.49%"
"04/14/2024","0.268","0.272","0.268","0.268","-2.90%"
"04/12/2024","0.276","0.270","0.278","0.265","2.22%"
"04/11/2024","0.270","0.244","0.270","0.244","14.89%"
"04/10/2024","0.235","0.235","0.236","0.231","3.98%"
"04/09/2024","0.226","0.228","0.234","0.221","-1.74%"
"04/08/2024","0.230","0.217","0.231","0.216","6.98%"
"04/07/2024","0.215","0.217","0.215","0.215","0.47%"
"04/05/2024","0.214","0.192","0.215","0.192","10.31%"
"04/04/2024","0.194","0.190","0.195","0.188","2.11%"
"04/03/2024","0.190","0.199","0.202","0.190","-2.56%"
"04/02/2024","0.195","0.199","0.201","0.190","2.09%"
"04/01/2024","0.191","0.195","0.200","0.190","0.00%"
"03/31/2024","0.191","0.195","0.191","0.191","5.52%"
"03/29/2024","0.181","0.194","0.195","0.177","-4.23%"
"03/28/2024","0.189","0.197","0.201","0.186","-2.58%"
"03/27/2024","0.194","0.199","0.200","0.194","-3.00%"
"03/26/2024","0.200","0.205","0.206","0.196","0.50%"
"03/25/2024","0.199","0.204","0.204","0.196","1.53%"
"03/24/2024","0.196","0.204","0.196","0.196","-4.39%"
"03/22/2024","0.205","0.199","0.212","0.199","2.50%"
"03/21/2024","0.200","0.176","0.200","0.175","14.29%"
"03/20/2024","0.175","0.176","0.175","0.175","0.00%"
"03/19/2024","0.175","0.188","0.194","0.174","-3.31%"
"03/18/2024","0.181","0.193","0.195","0.181","-2.95%"
"03/17/2024","0.186","0.186","0.186","0.186","0.00%"
"03/15/2024","0.186","0.201","0.204","0.186","-4.62%"
"03/14/2024","0.195","0.201","0.203","0.191","0.00%"
"03/13/2024","0.195","0.199","0.201","0.193","-0.51%"
"03/12/2024","0.196","0.204","0.204","0.193","0.00%"
"03/11/2024","0.196","0.208","0.213","0.196","-2.97%"
"03/10/2024","0.202","0.197","0.202","0.197","3.59%"
"03/08/2024","0.195","0.202","0.203","0.195","2.63%"
"03/07/2024","0.190","0.191","0.201","0.190","2.70%"
"03/06/2024","0.185","0.181","0.188","0.178","5.71%"
"03/05/2024","0.175","0.182","0.186","0.175","-0.57%"
"03/04/2024","0.176","0.175","0.181","0.171","3.83%"
"03/03/2024","0.169","0.168","0.169","0.168","-5.83%"
"03/01/2024","0.180","0.194","0.197","0.180","0.00%"
"02/29/2024","0.180","0.166","0.191","0.162","7.78%"
"02/28/2024","0.167","0.178","0.179","0.165","0.00%"
"02/27/2024","0.167","0.168","0.173","0.161","3.09%"
"02/26/2024","0.162","0.166","0.168","0.156","5.88%"
"02/25/2024","0.153","0.155","0.155","0.153","-4.97%"
"02/22/2024","0.161","0.159","0.163","0.151","5.92%"
"02/21/2024","0.152","0.153","0.161","0.147","0.00%"
"02/20/2024","0.152","0.155","0.160","0.147","2.01%"
"02/19/2024","0.149","0.150","0.152","0.137","8.36%"
"02/18/2024","0.138","0.140","0.140","0.138","-3.17%"
"02/16/2024","0.142","0.138","0.147","0.134","4.41%"
"02/15/2024","0.136","0.145","0.146","0.131","-5.56%"
"02/14/2024","0.144","0.140","0.150","0.140","13.39%"
"02/13/2024","0.127","0.122","0.138","0.116","8.09%"
"02/12/2024","0.117","0.114","0.117","0.114","0.43%"
"02/09/2024","0.117","0.109","0.119","0.105","20.62%"
"02/08/2024","0.097","0.110","0.117","0.096","-9.35%"
"02/07/2024","0.107","0.113","0.115","0.106","-4.46%"
"02/06/2024","0.112","0.126","0.127","0.111","0.00%"
"02/05/2024","0.112","0.116","0.118","0.106","8.21%"
"02/04/2024","0.104","0.104","0.104","0.104","7.81%"
"02/02/2024","0.096","0.080","0.098","0.077","10.34%"
"02/01/2024","0.087","0.092","0.096","0.081","-4.40%"
"01/31/2024","0.091","0.079","0.100","0.079","75.00%"
"01/30/2024","0.052","0.058","0.061","0.052","-8.77%"
"01/29/2024","0.057","0.049","0.061","0.048","37.35%"
"01/28/2024","0.041","0.044","0.044","0.041","-11.70%"
"01/26/2024","0.047","0.054","0.055","0.047","-28.79%"
"01/25/2024","0.066","0.079","0.081","0.061","0.00%"
"01/24/2024","0.066","0.064","0.074","0.057","153.85%"
"01/23/2024","0.026","0.022","0.034","0.017","-3.70%"
"01/22/2024","0.027","0.027","0.032","0.022","22.73%"
"01/21/2024","0.022","0.024","0.024","0.022","-31.25%"
"01/19/2024","0.032","0.037","0.038","0.026","-13.51%"
"01/18/2024","0.037","0.030","0.042","0.028","68.18%"
"01/17/2024","0.022","0.028","0.032","0.021","0.00%"
"01/16/2024","0.022","0.004","0.027","0.003","-2,300.00%"
"01/15/2024","-0.001","-0.003","-0.001","-0.007","-75.00%"
"01/14/2024","-0.004","0.002","0.002","-0.004","-140.00%"
"01/12/2024","0.010","0.006","0.014","0.005","-37.50%"
"01/11/2024","0.016","0.028","0.028","0.015","-27.27%"
"01/10/2024","0.022","0.029","0.032","0.021","-18.52%"
"01/09/2024","0.027","0.041","0.043","0.026","-14.29%"
"01/08/2024","0.032","0.033","0.033","0.032","-14.86%"
"01/05/2024","0.037","0.059","0.064","0.036","-27.45%"
"01/04/2024","0.051","0.061","0.061","0.051","3.03%"
"01/03/2024","0.049","0.047","0.049","0.047","1.02%"
"12/29/2023","0.049","0.056","0.057","0.046","16.67%"
"12/28/2023","0.042","0.056","0.056","0.041","-25.00%"
"12/27/2023","0.056","0.077","0.077","0.055","-5.08%"
"12/26/2023","0.059","0.058","0.065","0.040","43.90%"
"12/25/2023","0.041","0.060","0.061","0.036","-2.38%"
"12/24/2023","0.042","0.045","0.045","0.042","-8.70%"
"12/22/2023","0.046","0.045","0.063","0.041","27.78%"
"12/21/2023","0.036","0.047","0.054","0.036","2.86%"
"12/20/2023","0.035","0.061","0.063","0.034","-57.83%"
"12/19/2023","0.083","0.082","0.097","0.066","-14.43%"
"12/18/2023","0.097","0.098","0.111","0.081","14.12%"
"12/17/2023","0.085","0.082","0.085","0.082","-7.61%"
"12/15/2023","0.092","0.066","0.096","0.063","43.75%"
"12/14/2023","0.064","0.035","0.066","0.033","25.49%"
"12/13/2023","0.051","0.066","0.068","0.047","-26.09%"
"12/12/2023","0.069","0.088","0.089","0.067","-26.60%"
"12/11/2023","0.094","0.104","0.108","0.088","-6.93%"
"12/10/2023","0.101","0.089","0.101","0.089","4.12%"
"12/08/2023","0.097","0.089","0.114","0.089","7.78%"
"12/07/2023","0.090","0.037","0.094","0.036","119.51%"
"12/06/2023","0.041","0.029","0.044","0.027","13.89%"
"12/05/2023","0.036","0.036","0.041","0.031","0.00%"
"12/04/2023","0.036","0.031","0.039","0.028","41.18%"
"12/03/2023","0.025","0.026","0.026","0.025","-45.74%"
"12/01/2023","0.047","0.068","0.068","0.046","62.07%"
"11/30/2023","0.029","0.043","0.048","0.027","-30.95%"
"11/29/2023","0.042","0.055","0.056","0.042","-25.00%"
"11/28/2023","0.056","0.059","0.062","0.055","-8.20%"
"11/27/2023","0.061","0.067","0.067","0.061","-1.61%"
"11/26/2023","0.062","0.061","0.062","0.061","-6.06%"
"11/24/2023","0.066","0.054","0.067","0.052","28.16%"
"11/23/2023","0.052","0.045","0.052","0.045","9.57%"
"11/22/2023","0.047","0.036","0.052","0.035","27.03%"
"11/21/2023","0.037","0.047","0.047","0.036","-11.90%"
"11/20/2023","0.042","0.050","0.050","0.040","-4.55%"
"11/19/2023","0.044","0.038","0.044","0.038","7.32%"
"11/17/2023","0.041","0.052","0.052","0.031","-26.79%"
"11/16/2023","0.056","0.068","0.068","0.056","-9.68%"
"11/15/2023","0.062","0.078","0.079","0.052","-33.33%"
"11/14/2023","0.093","0.104","0.104","0.091","-12.26%"
"11/13/2023","0.106","0.114","0.124","0.104","-3.20%"
"11/12/2023","0.109","0.107","0.109","0.107","-1.35%"
"11/10/2023","0.111","0.114","0.114","0.106","3.74%"
"11/09/2023","0.107","0.117","0.119","0.106","-7.76%"
"11/08/2023","0.116","0.128","0.128","0.115","-7.94%"
"11/07/2023","0.126","0.137","0.138","0.126","-2.33%"
"11/06/2023","0.129","0.135","0.136","0.120","2.38%"
"11/05/2023","0.126","0.135","0.135","0.126","-12.50%"
"11/02/2023","0.144","0.157","0.159","0.140","-10.56%"
"11/01/2023","0.161","0.154","0.166","0.150","3.21%"
"10/31/2023","0.156","0.143","0.161","0.136","44.44%"
"10/30/2023","0.108","0.094","0.108","0.094","20.67%"
"10/29/2023","0.090","0.088","0.090","0.088","-1.65%"
"10/27/2023","0.091","0.088","0.098","0.088","-1.09%"
"10/26/2023","0.092","0.081","0.096","0.080","21.05%"
"10/25/2023","0.076","0.084","0.089","0.073","-1.30%"
"10/24/2023","0.077","0.079","0.086","0.076","-12.50%"
"10/23/2023","0.088","0.081","0.091","0.080","13.55%"
"10/22/2023","0.078","0.073","0.078","0.073","-4.32%"
"10/20/2023","0.081","0.083","0.083","0.075","-4.71%"
"10/19/2023","0.085","0.078","0.086","0.075","19.72%"
"10/18/2023","0.071","0.072","0.076","0.068","16.39%"
"10/17/2023","0.061","0.048","0.062","0.047","32.61%"
"10/16/2023","0.046","0.043","0.047","0.043","22.67%"
"10/15/2023","0.038","0.038","0.038","0.038","-25.00%"
"10/13/2023","0.050","0.055","0.057","0.045","-1.96%"
"10/12/2023","0.051","0.048","0.058","0.048","-20.31%"
"10/11/2023","0.064","0.060","0.065","0.055","14.29%"
"10/10/2023","0.056","0.057","0.065","0.053","9.80%"
"10/09/2023","0.051","0.059","0.059","0.051","-27.14%"
"10/06/2023","0.070","0.063","0.072","0.061","4.48%"
"10/05/2023","0.067","0.062","0.068","0.060","1.52%"
"10/04/2023","0.066","0.061","0.073","0.060","8.20%"
"10/03/2023","0.061","0.062","0.063","0.055","-1.61%"
"10/02/2023","0.062","0.055","0.063","0.053","33.33%"
"10/01/2023","0.047","0.047","0.047","0.047","-8.82%"
"09/29/2023","0.051","0.055","0.058","0.050","59.37%"
"09/28/2023","0.032","0.033","0.044","0.031","-3.03%"
"09/27/2023","0.033","0.028","0.033","0.025","-2.94%"
"09/26/2023","0.034","0.036","0.038","0.031","0.00%"
"09/25/2023","0.034","0.033","0.035","0.031","23.64%"
"09/24/2023","0.027","0.027","0.027","0.027","-27.63%"
"09/22/2023","0.038","0.037","0.039","0.031","22.58%"
"09/21/2023","0.031","0.031","0.034","0.026","14.81%"
"09/20/2023","0.027","0.034","0.035","0.022","-25.00%"
"09/19/2023","0.036","0.036","0.037","0.031","12.50%"
"09/18/2023","0.032","0.027","0.032","0.027","3.23%"
"09/15/2023","0.031","0.032","0.036","0.030","0.00%"
"09/14/2023","0.031","0.029","0.032","0.026","3.33%"
"09/13/2023","0.030","0.033","0.033","0.026","-21.05%"
"09/12/2023","0.038","0.043","0.055","0.036","-20.83%"
"09/11/2023","0.048","0.030","0.051","0.030","52.38%"
"09/10/2023","0.032","0.013","0.032","0.013","350.00%"
"09/08/2023","0.007","0.011","0.012","0.003","-56.25%"
"09/07/2023","0.016","0.021","0.021","0.016","-11.11%"
"09/06/2023","0.018","0.019","0.021","0.016","-14.29%"
"09/05/2023","0.021","0.023","0.023","0.017","5.00%"
"09/04/2023","0.020","0.027","0.031","0.018","-23.08%"
"09/03/2023","0.026","0.024","0.026","0.024","18.18%"
"09/01/2023","0.022","0.029","0.029","0.021","-29.03%"
"08/31/2023","0.031","0.031","0.033","0.026","0.00%"
"08/30/2023","0.031","0.025","0.033","0.025","210.00%"
"08/29/2023","0.010","0.002","0.012","0.000","25.00%"
"08/28/2023","0.008","0.014","0.015","0.005","-46.67%"
"08/27/2023","0.015","0.005","0.015","0.005","50.00%"
"08/25/2023","0.010","0.011","0.013","0.007","-33.33%"
"08/24/2023","0.015","0.016","0.019","0.014","-34.78%"
"08/23/2023","0.023","0.024","0.025","0.021","0.00%"
"08/22/2023","0.023","0.027","0.029","0.021","-17.86%"
"08/21/2023","0.028","0.027","0.030","0.023","40.00%"
"08/20/2023","0.020","0.019","0.020","0.019","-9.09%"
"08/18/2023","0.022","0.026","0.027","0.020","-29.03%"
"08/17/2023","0.031","0.022","0.031","0.021","40.91%"
"08/16/2023","0.022","0.020","0.022","0.016","4.76%"
"08/15/2023","0.021","0.022","0.022","0.016","0.00%"
"08/14/2023","0.021","0.024","0.028","0.020","-6.67%"
"08/13/2023","0.023","0.014","0.023","0.014","40.62%"
"08/10/2023","0.016","0.014","0.019","0.013","33.33%"
"08/09/2023","0.012","0.014","0.014","0.007","-29.41%"
"08/08/2023","0.017","0.021","0.022","0.014","-15.00%"
"08/07/2023","0.020","0.022","0.023","0.016","33.33%"
"08/06/2023","0.015","0.017","0.017","0.015","-42.31%"
"08/04/2023","0.026","0.027","0.028","0.024","-3.70%"
"08/03/2023","0.027","0.019","0.027","0.016","68.75%"
"08/02/2023","0.016","0.007","0.017","0.006","220.00%"
"08/01/2023","0.005","0.008","0.009","0.003","-28.57%"
"07/31/2023","0.007","-0.004","0.010","-0.004","-800.00%"
"07/30/2023","-0.001","-0.009","-0.001","-0.009","-85.71%"
"07/28/2023","-0.007","-0.018","-0.007","-0.024","-82.05%"
"07/27/2023","-0.039","-0.036","-0.035","-0.041","5.41%"
"07/26/2023","-0.037","-0.036","-0.032","-0.039","12.12%"
"07/25/2023","-0.033","-0.036","-0.032","-0.038","-8.33%"
"07/24/2023","-0.036","-0.037","-0.035","-0.043","-11.11%"
"07/23/2023","-0.041","-0.046","-0.041","-0.046","26.56%"
"07/21/2023","-0.032","-0.035","-0.028","-0.036","-15.79%"
"07/20/2023","-0.038","-0.039","-0.038","-0.044","0.00%"
"07/19/2023","-0.038","-0.041","-0.033","-0.043","5.56%"
"07/18/2023","-0.036","-0.037","-0.032","-0.041","-18.18%"
"07/17/2023","-0.044","-0.042","-0.042","-0.044","22.22%"
"07/14/2023","-0.036","-0.033","-0.027","-0.039","5.88%"
"07/13/2023","-0.034","-0.037","-0.033","-0.039","0.00%"
"07/12/2023","-0.034","-0.038","-0.032","-0.040","-12.82%"
"07/11/2023","-0.039","-0.032","-0.029","-0.041","39.29%"
"07/10/2023","-0.028","-0.031","-0.028","-0.035","-24.32%"
"07/09/2023","-0.037","-0.043","-0.037","-0.043","-2.63%"
"07/07/2023","-0.038","-0.055","-0.037","-0.055","-33.33%"
"07/06/2023","-0.057","-0.066","-0.057","-0.067","-14.93%"
"07/05/2023","-0.067","-0.067","-0.064","-0.069","0.00%"
"07/04/2023","-0.067","-0.062","-0.061","-0.068","-1.47%"
"07/03/2023","-0.068","-0.067","-0.067","-0.069","-5.56%"
"07/02/2023","-0.072","-0.072","-0.072","-0.072","9.09%"
"06/30/2023","-0.066","-0.064","-0.063","-0.069","-8.33%"
"06/29/2023","-0.072","-0.066","-0.062","-0.078","12.50%"
"06/28/2023","-0.064","-0.072","-0.063","-0.072","-12.33%"
"06/27/2023","-0.073","-0.077","-0.072","-0.080","-5.19%"
"06/26/2023","-0.077","-0.078","-0.074","-0.079","-6.10%"
"06/25/2023","-0.082","-0.080","-0.080","-0.082","6.49%"
"06/23/2023","-0.077","-0.070","-0.068","-0.078","8.45%"
"06/22/2023","-0.071","-0.070","-0.067","-0.073","5.97%"
"06/21/2023","-0.067","-0.068","-0.065","-0.069","4.69%"
"06/20/2023","-0.064","-0.064","-0.063","-0.067","1.59%"
"06/19/2023","-0.063","-0.065","-0.063","-0.067","-10.00%"
"06/18/2023","-0.070","-0.068","-0.068","-0.070","6.06%"
"06/16/2023","-0.066","-0.063","-0.059","-0.066","3.12%"
"06/15/2023","-0.064","-0.070","-0.063","-0.071","-5.88%"
"06/14/2023","-0.068","-0.072","-0.068","-0.072","-6.85%"
"06/13/2023","-0.073","-0.070","-0.070","-0.074","5.80%"
"06/12/2023","-0.069","-0.066","-0.065","-0.070","-5.48%"
"06/11/2023","-0.073","-0.071","-0.071","-0.073","15.87%"
"06/09/2023","-0.063","-0.061","-0.060","-0.064","10.53%"
"06/08/2023","-0.057","-0.055","-0.054","-0.059","-1.72%"
"06/07/2023","-0.058","-0.063","-0.058","-0.066","-7.94%"
"06/06/2023","-0.063","-0.064","-0.063","-0.065","-1.56%"
"06/05/2023","-0.064","-0.066","-0.063","-0.069","-7.25%"
"06/04/2023","-0.069","-0.072","-0.069","-0.072","2.99%"
"06/02/2023","-0.067","-0.062","-0.062","-0.069","13.56%"
"06/01/2023","-0.059","-0.054","-0.051","-0.063","13.46%"
"05/31/2023","-0.052","-0.054","-0.051","-0.054","-13.33%"
"05/30/2023","-0.060","-0.063","-0.058","-0.064","-3.23%"
"05/29/2023","-0.062","-0.065","-0.062","-0.066","-3.13%"
"05/26/2023","-0.064","-0.057","-0.057","-0.064","1.59%"
"05/25/2023","-0.063","-0.064","-0.061","-0.064","1.61%"
"05/24/2023","-0.062","-0.059","-0.059","-0.064","8.77%"
"05/23/2023","-0.057","-0.061","-0.056","-0.063","-8.06%"
"05/22/2023","-0.062","-0.060","-0.060","-0.063","-4.62%"
"05/21/2023","-0.065","-0.064","-0.064","-0.065","14.04%"
"05/19/2023","-0.057","-0.058","-0.053","-0.059","0.00%"
"05/18/2023","-0.057","-0.062","-0.057","-0.062","-6.56%"
"05/17/2023","-0.061","-0.050","-0.050","-0.063","17.31%"
"05/16/2023","-0.052","-0.048","-0.048","-0.053","8.33%"
"05/15/2023","-0.048","-0.052","-0.048","-0.053","-11.11%"
"05/14/2023","-0.054","-0.057","-0.054","-0.057","3.85%"
"05/12/2023","-0.052","-0.046","-0.044","-0.056","15.56%"
"05/11/2023","-0.045","-0.043","-0.042","-0.046","18.42%"
"05/10/2023","-0.038","-0.033","-0.032","-0.039","18.75%"
"05/09/2023","-0.032","-0.031","-0.028","-0.034","-3.03%"
"05/08/2023","-0.033","-0.038","-0.032","-0.039","-18.52%"
"05/07/2023","-0.041","-0.040","-0.040","-0.041","22.73%"
"05/02/2023","-0.033","-0.037","-0.032","-0.038","-10.81%"
"05/01/2023","-0.037","-0.041","-0.037","-0.043","-18.68%"
"04/30/2023","-0.045","-0.043","-0.043","-0.045","26.39%"
"04/28/2023","-0.036","-0.028","-0.021","-0.040","9.09%"
"04/27/2023","-0.033","-0.034","-0.033","-0.035","-15.38%"
"04/26/2023","-0.039","-0.033","-0.032","-0.040","5.41%"
"04/25/2023","-0.037","-0.040","-0.037","-0.040","-2.63%"
"04/24/2023","-0.038","-0.032","-0.031","-0.039","7.04%"
"04/23/2023","-0.036","-0.039","-0.036","-0.039","7.58%"
"04/21/2023","-0.033","-0.042","-0.033","-0.042","-10.81%"
"04/20/2023","-0.037","-0.041","-0.034","-0.041","-7.50%"
"04/19/2023","-0.040","-0.040","-0.038","-0.044","2.56%"
"04/18/2023","-0.039","-0.035","-0.035","-0.040","2.63%"
"04/17/2023","-0.038","-0.039","-0.035","-0.040","-9.52%"
"04/16/2023","-0.042","-0.043","-0.042","-0.043","-2.33%"
"04/14/2023","-0.043","-0.051","-0.043","-0.052","-10.42%"
"04/13/2023","-0.048","-0.047","-0.038","-0.051","9.09%"
"04/12/2023","-0.044","-0.044","-0.043","-0.045","0.00%"
"04/11/2023","-0.044","-0.048","-0.043","-0.052","-8.33%"
"04/10/2023","-0.048","-0.057","-0.040","-0.058","-19.33%"
"04/09/2023","-0.060","-0.065","-0.060","-0.065","0.00%"
"04/07/2023","-0.060","-0.046","-0.046","-0.060","25.00%"
"04/06/2023","-0.048","-0.031","-0.031","-0.049","77.78%"
"04/05/2023","-0.027","-0.030","-0.027","-0.034","-3.57%"
"04/04/2023","-0.028","-0.040","-0.023","-0.040","-22.22%"
"04/03/2023","-0.036","-0.047","-0.036","-0.049","-28.00%"
"04/02/2023","-0.050","-0.059","-0.050","-0.059","-9.09%"
"03/31/2023","-0.055","-0.056","-0.049","-0.057","-29.49%"
"03/30/2023","-0.078","-0.066","-0.066","-0.080","14.71%"
"03/29/2023","-0.068","-0.064","-0.063","-0.071","6.25%"
"03/28/2023","-0.064","-0.061","-0.058","-0.065","-11.11%"
"03/27/2023","-0.072","-0.066","-0.060","-0.074","4.35%"
"03/26/2023","-0.069","-0.070","-0.069","-0.070","16.95%"
"03/24/2023","-0.059","-0.050","-0.050","-0.064","0.00%"
"03/23/2023","-0.059","-0.063","-0.054","-0.063","11.32%"
"03/22/2023","-0.053","-0.070","-0.051","-0.070","-26.90%"
"03/21/2023","-0.072","-0.078","-0.072","-0.078","-2.03%"
"03/20/2023","-0.074","-0.077","-0.072","-0.088","-12.43%"
"03/19/2023","-0.084","-0.080","-0.080","-0.084","8.33%"
"03/17/2023","-0.078","-0.064","-0.064","-0.080","13.04%"
"03/16/2023","-0.069","-0.063","-0.061","-0.072","40.82%"
"03/15/2023","-0.049","-0.037","-0.034","-0.051","28.95%"
"03/14/2023","-0.038","-0.044","-0.029","-0.046","65.22%"
"03/13/2023","-0.023","-0.035","-0.016","-0.035","-11.54%"
"03/12/2023","-0.026","-0.036","-0.026","-0.036","-3.70%"
"03/10/2023","-0.027","-0.018","-0.012","-0.035","50.00%"
"03/09/2023","-0.018","-0.040","-0.016","-0.042","-53.85%"
"03/08/2023","-0.039","-0.038","-0.037","-0.041","-11.36%"
"03/07/2023","-0.044","-0.037","-0.037","-0.044","18.92%"
"03/06/2023","-0.037","-0.040","-0.036","-0.044","-11.90%"
"03/05/2023","-0.042","-0.043","-0.042","-0.043","-2.33%"
"03/03/2023","-0.043","-0.035","-0.034","-0.044","30.30%"
"03/02/2023","-0.033","-0.029","-0.029","-0.039","22.22%"
"03/01/2023","-0.027","-0.025","-0.025","-0.039","-27.03%"
"02/28/2023","-0.037","-0.024","-0.023","-0.038","68.18%"
"02/27/2023","-0.022","-0.023","-0.018","-0.025","-16.98%"
"02/26/2023","-0.026","-0.027","-0.026","-0.027","6.00%"
"02/24/2023","-0.025","-0.026","-0.023","-0.028","-12.28%"
"02/23/2023","-0.029","-0.029","-0.029","-0.029","18.75%"
"02/22/2023","-0.024","-0.023","-0.019","-0.024","-17.24%"
"02/21/2023","-0.029","-0.039","-0.026","-0.039","-23.68%"
"02/20/2023","-0.038","-0.045","-0.038","-0.047","-18.28%"
"02/19/2023","-0.047","-0.049","-0.047","-0.049","13.41%"
"02/17/2023","-0.041","-0.043","-0.039","-0.044","-4.65%"
"02/16/2023","-0.043","-0.046","-0.040","-0.050","-12.24%"
"02/15/2023","-0.049","-0.054","-0.049","-0.059","-7.55%"
"02/14/2023","-0.053","-0.059","-0.053","-0.059","-8.62%"
"02/13/2023","-0.058","-0.042","-0.042","-0.058","27.47%"
"02/12/2023","-0.045","-0.043","-0.043","-0.045","5.81%"
"02/10/2023","-0.043","-0.035","-0.034","-0.044","30.30%"
"02/09/2023","-0.033","-0.032","-0.029","-0.034","13.79%"
"02/08/2023","-0.029","-0.031","-0.029","-0.038","3.57%"
"02/07/2023","-0.028","-0.022","-0.022","-0.029","16.67%"
"02/06/2023","-0.024","-0.026","-0.020","-0.026","-12.73%"
"02/05/2023","-0.027","-0.027","-0.027","-0.027","-5.17%"
"02/03/2023","-0.029","-0.026","-0.024","-0.045","26.09%"
"02/02/2023","-0.023","-0.022","-0.013","-0.024","64.29%"
"02/01/2023","-0.014","-0.008","-0.003","-0.016","-22.22%"
"01/31/2023","-0.018","-0.011","-0.008","-0.026","157.14%"
"01/30/2023","-0.007","-0.001","-0.001","-0.017","40.00%"
"01/29/2023","-0.005","-0.005","-0.005","-0.005","-47.37%"
"01/27/2023","-0.009","-0.001","-0.001","-0.011","5.56%"
"01/26/2023","-0.009","-0.008","-0.007","-0.021","12.50%"
"01/25/2023","-0.008","-0.008","-0.007","-0.013","0.00%"
"01/24/2023","-0.008","-0.012","-0.002","-0.013","-55.56%"
"01/23/2023","-0.018","-0.004","-0.003","-0.018","125.00%"
"01/22/2023","-0.008","-0.011","-0.008","-0.011","60.00%"
"01/20/2023","-0.005","-0.003","0.005","-0.015","-600.00%"
"01/19/2023","0.001","0.005","0.009","0.000","-92.86%"
"01/18/2023","0.014","0.044","0.044","-0.009","-69.57%"
"01/17/2023","0.046","0.035","0.050","0.034","48.39%"
"01/16/2023","0.031","0.038","0.038","0.028","6.90%"
"01/15/2023","0.029","0.034","0.034","0.029","-21.62%"
"01/13/2023","0.037","0.052","0.063","0.031","-9.76%"
"01/12/2023","0.041","0.033","0.047","0.031","46.43%"
"01/11/2023","0.028","0.035","0.036","0.026","7.69%"
"01/10/2023","0.026","0.014","0.032","0.013","205.88%"
"01/09/2023","0.009","0.009","0.009","0.009","-46.87%"
"01/06/2023","0.016","0.023","0.025","0.013","-20.00%"
"01/05/2023","0.020","0.029","0.036","0.019","-35.48%"
"01/04/2023","0.031","0.041","0.043","0.028","-1.59%"
"01/03/2023","0.032","0.032","0.032","0.032","-1.56%"
"12/30/2022","0.032","0.038","0.038","0.028","-30.43%"
"12/29/2022","0.046","0.047","0.052","0.045","0.00%"
"12/28/2022","0.046","0.046","0.047","0.036","43.75%"
"12/27/2022","0.032","0.040","0.053","0.031","3.23%"
"12/26/2022","0.031","0.014","0.033","0.013","82.35%"
"12/25/2022","0.017","0.014","0.017","0.014","54.55%"
"12/23/2022","0.011","0.001","0.017","0.001","1,000.00%"
"12/22/2022","0.001","-0.026","0.001","-0.029","-200.00%"
"12/21/2022","-0.001","0.021","0.023","-0.010","-107.14%"
"12/20/2022","0.014","-0.004","0.029","-0.010","-275.00%"
"12/19/2022","-0.008","-0.015","-0.003","-0.016","-60.98%"
"12/18/2022","-0.021","-0.021","-0.021","-0.021","7.89%"
"12/16/2022","-0.019","-0.015","-0.014","-0.020","26.67%"
"12/15/2022","-0.015","-0.013","-0.010","-0.015","-21.05%"
"12/14/2022","-0.019","-0.017","-0.015","-0.019","35.71%"
"12/13/2022","-0.014","-0.010","-0.009","-0.015","27.27%"
"12/12/2022","-0.011","-0.014","-0.009","-0.014","-18.52%"
"12/11/2022","-0.014","-0.018","-0.014","-0.018","-10.00%"
"12/09/2022","-0.015","-0.004","-0.004","-0.017","50.00%"
"12/08/2022","-0.010","-0.015","-0.004","-0.015","0.00%"
"12/07/2022","-0.010","-0.011","-0.004","-0.015","-33.33%"
"12/06/2022","-0.015","-0.020","-0.009","-0.020","-37.50%"
"12/05/2022","-0.024","-0.024","-0.019","-0.025","-7.69%"
"12/04/2022","-0.026","-0.026","-0.026","-0.026","8.33%"
"12/02/2022","-0.024","-0.029","-0.024","-0.029","-17.24%"
"12/01/2022","-0.029","-0.027","-0.024","-0.030","20.83%"
"11/30/2022","-0.024","-0.013","-0.013","-0.029","-14.29%"
"11/29/2022","-0.028","-0.014","-0.014","-0.033","27.27%"
"11/28/2022","-0.022","-0.019","-0.018","-0.022","-4.35%"
"11/27/2022","-0.023","-0.023","-0.023","-0.023","4.55%"
"11/25/2022","-0.022","-0.018","-0.017","-0.024","-4.35%"
"11/24/2022","-0.023","-0.017","-0.016","-0.028","-9.80%"
"11/23/2022","-0.025","-0.024","-0.024","-0.025","27.50%"
"11/22/2022","-0.020","-0.006","-0.005","-0.022","53.85%"
"11/21/2022","-0.013","-0.014","-0.011","-0.021","-38.10%"
"11/20/2022","-0.021","-0.023","-0.021","-0.023","10.53%"
"11/18/2022","-0.019","-0.036","-0.017","-0.038","-44.12%"
"11/17/2022","-0.034","-0.045","-0.033","-0.045","-22.73%"
"11/16/2022","-0.044","-0.047","-0.044","-0.048","-2.22%"
"11/15/2022","-0.045","-0.052","-0.044","-0.055","-10.00%"
"11/14/2022","-0.050","-0.051","-0.049","-0.056","-13.79%"
"11/13/2022","-0.058","-0.059","-0.058","-0.059","5.45%"
"11/11/2022","-0.055","-0.071","-0.053","-0.073","10.00%"
"11/10/2022","-0.050","-0.056","-0.049","-0.056","2.04%"
"11/09/2022","-0.049","-0.046","-0.045","-0.049","16.67%"
"11/08/2022","-0.042","-0.037","-0.037","-0.045","5.00%"
"11/07/2022","-0.040","-0.041","-0.038","-0.042","-4.76%"
"11/06/2022","-0.042","-0.043","-0.042","-0.043","5.00%"
"11/04/2022","-0.040","-0.037","-0.031","-0.040","0.00%"
"11/03/2022","-0.040","-0.041","-0.040","-0.041","-10.23%"
"11/02/2022","-0.044","-0.041","-0.039","-0.044","0.00%"
"11/01/2022","-0.044","-0.036","-0.034","-0.044","12.82%"
"10/31/2022","-0.039","-0.040","-0.038","-0.045","-8.24%"
"10/30/2022","-0.043","-0.052","-0.043","-0.052","-5.56%"
"10/28/2022","-0.045","-0.043","-0.037","-0.056","0.00%"
"10/27/2022","-0.045","-0.023","-0.023","-0.045","80.00%"
"10/26/2022","-0.025","-0.017","-0.015","-0.028","78.57%"
"10/25/2022","-0.014","-0.001","0.001","-0.014","250.00%"
"10/24/2022","-0.004","-0.005","-0.001","-0.007","-27.27%"
"10/23/2022","-0.005","-0.005","-0.005","-0.005","-21.43%"
"10/21/2022","-0.007","-0.016","-0.002","-0.026","-70.83%"
"10/20/2022","-0.024","-0.026","-0.010","-0.028","-40.00%"
"10/19/2022","-0.040","-0.047","-0.034","-0.050","-20.00%"
"10/18/2022","-0.050","-0.047","-0.046","-0.051","2.04%"
"10/17/2022","-0.049","-0.050","-0.049","-0.054","-12.50%"
"10/16/2022","-0.056","-0.056","-0.056","-0.056","3.70%"
"10/14/2022","-0.054","-0.051","-0.044","-0.054","10.20%"
"10/13/2022","-0.049","-0.049","-0.047","-0.051","-10.91%"
"10/12/2022","-0.055","-0.054","-0.054","-0.057","0.00%"
"10/11/2022","-0.055","-0.059","-0.054","-0.060","-11.29%"
"10/10/2022","-0.062","-0.067","-0.062","-0.067","-6.06%"
"10/07/2022","-0.066","-0.068","-0.063","-0.071","-8.33%"
"10/06/2022","-0.072","-0.064","-0.063","-0.075","10.77%"
"10/05/2022","-0.065","-0.062","-0.062","-0.067","10.17%"
"10/04/2022","-0.059","-0.059","-0.059","-0.061","11.32%"
"10/03/2022","-0.053","-0.046","-0.045","-0.053","3.92%"
"10/02/2022","-0.051","-0.051","-0.051","-0.051","6.25%"
"09/30/2022","-0.048","-0.045","-0.040","-0.049","17.07%"
"09/29/2022","-0.041","-0.039","-0.034","-0.042","13.89%"
"09/28/2022","-0.036","-0.039","-0.035","-0.041","-12.20%"
"09/27/2022","-0.041","-0.048","-0.039","-0.051","-28.07%"
"09/26/2022","-0.057","-0.057","-0.049","-0.059","-10.24%"
"09/25/2022","-0.064","-0.064","-0.064","-0.064","4.10%"
"09/22/2022","-0.061","-0.052","-0.049","-0.064","19.61%"
"09/21/2022","-0.051","-0.065","-0.050","-0.065","-22.73%"
"09/20/2022","-0.066","-0.063","-0.060","-0.071","-10.20%"
"09/19/2022","-0.073","-0.072","-0.072","-0.073","9.70%"
"09/16/2022","-0.067","-0.073","-0.067","-0.075","-5.63%"
"09/15/2022","-0.071","-0.072","-0.070","-0.077","0.00%"
"09/14/2022","-0.071","-0.065","-0.060","-0.072","0.00%"
"09/13/2022","-0.071","-0.069","-0.069","-0.072","2.90%"
"09/12/2022","-0.069","-0.074","-0.069","-0.075","-15.85%"
"09/11/2022","-0.082","-0.083","-0.082","-0.083","10.81%"
"09/09/2022","-0.074","-0.070","-0.070","-0.077","-3.90%"
"09/08/2022","-0.077","-0.077","-0.077","-0.081","0.00%"
"09/07/2022","-0.077","-0.072","-0.071","-0.077","-4.94%"
"09/06/2022","-0.081","-0.081","-0.075","-0.083","-1.22%"
"09/05/2022","-0.082","-0.081","-0.081","-0.082","-4.65%"
"09/04/2022","-0.086","-0.084","-0.084","-0.086","13.16%"
"09/02/2022","-0.076","-0.067","-0.067","-0.079","5.56%"
"09/01/2022","-0.072","-0.077","-0.071","-0.081","-14.29%"
"08/31/2022","-0.084","-0.086","-0.084","-0.089","-6.67%"
"08/30/2022","-0.090","-0.074","-0.074","-0.092","18.42%"
"08/29/2022","-0.076","-0.076","-0.076","-0.082","-9.52%"
"08/28/2022","-0.084","-0.084","-0.084","-0.084","-1.18%"
"08/26/2022","-0.085","-0.088","-0.083","-0.091","-4.49%"
"08/25/2022","-0.089","-0.079","-0.076","-0.089","0.00%"
"08/24/2022","-0.089","-0.087","-0.086","-0.090","1.14%"
"08/23/2022","-0.088","-0.074","-0.073","-0.090","4.76%"
"08/22/2022","-0.084","-0.075","-0.073","-0.084","3.70%"
"08/21/2022","-0.081","-0.083","-0.081","-0.083","-8.99%"
"08/19/2022","-0.089","-0.084","-0.084","-0.089","1.14%"
"08/18/2022","-0.088","-0.086","-0.084","-0.092","-1.12%"
"08/17/2022","-0.089","-0.089","-0.089","-0.090","0.00%"
"08/16/2022","-0.089","-0.088","-0.088","-0.089","0.00%"
"08/15/2022","-0.089","-0.083","-0.081","-0.089","0.00%"
"08/14/2022","-0.089","-0.090","-0.089","-0.090","5.95%"
"08/12/2022","-0.084","-0.087","-0.084","-0.091","-9.19%"
"08/11/2022","-0.093","-0.094","-0.093","-0.094","-1.60%"
"08/10/2022","-0.094","-0.097","-0.092","-0.104","-6.00%"
"08/09/2022","-0.100","-0.098","-0.097","-0.104","0.00%"
"08/08/2022","-0.100","-0.091","-0.089","-0.102","3.09%"
"08/07/2022","-0.097","-0.096","-0.096","-0.097","-2.02%"
"08/05/2022","-0.099","-0.095","-0.094","-0.099","6.45%"
"08/04/2022","-0.093","-0.087","-0.086","-0.093","14.81%"
"08/03/2022","-0.081","-0.079","-0.078","-0.085","-3.57%"
"08/02/2022","-0.084","-0.086","-0.080","-0.088","0.00%"
"08/01/2022","-0.084","-0.084","-0.083","-0.085","-4.00%"
"07/31/2022","-0.087","-0.086","-0.086","-0.087","4.17%"
"07/29/2022","-0.084","-0.082","-0.081","-0.086","3.70%"
"07/28/2022","-0.081","-0.073","-0.073","-0.084","9.46%"
"07/27/2022","-0.074","-0.075","-0.071","-0.076","1.37%"
"07/26/2022","-0.073","-0.074","-0.067","-0.074","-1.35%"
"07/25/2022","-0.074","-0.080","-0.070","-0.082","-11.38%"
"07/24/2022","-0.083","-0.083","-0.083","-0.083","11.33%"
"07/22/2022","-0.075","-0.079","-0.074","-0.080","-1.32%"
"07/21/2022","-0.076","-0.076","-0.074","-0.080","1.33%"
"07/20/2022","-0.075","-0.075","-0.071","-0.079","1.35%"
"07/19/2022","-0.074","-0.059","-0.059","-0.074","13.85%"
"07/18/2022","-0.065","-0.064","-0.064","-0.065","3.17%"
"07/15/2022","-0.063","-0.060","-0.056","-0.063","5.00%"
"07/14/2022","-0.060","-0.074","-0.059","-0.076","-24.05%"
"07/13/2022","-0.079","-0.073","-0.068","-0.079","12.86%"
"07/12/2022","-0.070","-0.071","-0.065","-0.074","1.45%"
"07/11/2022","-0.069","-0.067","-0.065","-0.069","-2.82%"
"07/10/2022","-0.071","-0.071","-0.071","-0.071","2.90%"
"07/08/2022","-0.069","-0.067","-0.063","-0.073","0.00%"
"07/07/2022","-0.069","-0.063","-0.063","-0.073","1.47%"
"07/06/2022","-0.068","-0.064","-0.061","-0.068","13.33%"
"07/05/2022","-0.060","-0.058","-0.058","-0.064","-6.25%"
"07/04/2022","-0.064","-0.067","-0.064","-0.071","-12.33%"
"07/03/2022","-0.073","-0.072","-0.072","-0.073","14.06%"
"07/01/2022","-0.064","-0.059","-0.059","-0.067","10.34%"
"06/30/2022","-0.058","-0.046","-0.046","-0.058","31.82%"
"06/29/2022","-0.044","-0.037","-0.037","-0.045","-12.00%"
"06/28/2022","-0.050","-0.060","-0.049","-0.060","-24.24%"
"06/27/2022","-0.066","-0.075","-0.065","-0.076","-14.84%"
"06/26/2022","-0.078","-0.082","-0.078","-0.082","-6.63%"
"06/24/2022","-0.083","-0.086","-0.077","-0.086","-5.68%"
"06/23/2022","-0.088","-0.084","-0.083","-0.092","17.33%"
"06/22/2022","-0.075","-0.064","-0.061","-0.084","17.19%"
"06/21/2022","-0.064","-0.050","-0.042","-0.066","12.28%"
"06/20/2022","-0.057","-0.066","-0.051","-0.071","-24.00%"
"06/19/2022","-0.075","-0.074","-0.074","-0.075","5.63%"
"06/17/2022","-0.071","-0.071","-0.065","-0.085","-2.74%"
"06/16/2022","-0.073","-0.056","-0.036","-0.077","23.73%"
"06/15/2022","-0.059","-0.042","-0.036","-0.064","18.00%"
"06/14/2022","-0.050","-0.033","-0.019","-0.068","-3.85%"
"06/13/2022","-0.052","-0.080","-0.049","-0.085","-38.82%"
"06/12/2022","-0.085","-0.083","-0.083","-0.085","6.25%"
"06/10/2022","-0.080","-0.079","-0.078","-0.084","6.67%"
"06/09/2022","-0.075","-0.072","-0.071","-0.075","0.00%"
"06/08/2022","-0.075","-0.074","-0.070","-0.075","8.70%"
"06/07/2022","-0.069","-0.066","-0.064","-0.070","-1.43%"
"06/06/2022","-0.070","-0.068","-0.065","-0.070","-1.41%"
"06/05/2022","-0.071","-0.071","-0.071","-0.071","0.00%"
"06/03/2022","-0.071","-0.066","-0.066","-0.074","1.43%"
"06/02/2022","-0.070","-0.069","-0.068","-0.070","0.00%"
"06/01/2022","-0.070","-0.065","-0.065","-0.075","-4.11%"
"05/31/2022","-0.073","-0.061","-0.060","-0.076","8.96%"
"05/30/2022","-0.067","-0.064","-0.063","-0.069","-2.90%"
"05/29/2022","-0.069","-0.069","-0.069","-0.069","0.00%"
"05/27/2022","-0.069","-0.057","-0.057","-0.069","7.81%"
"05/26/2022","-0.064","-0.073","-0.061","-0.074","-12.33%"
"05/25/2022","-0.073","-0.069","-0.068","-0.074","5.80%"
"05/24/2022","-0.069","-0.062","-0.061","-0.069","9.52%"
"05/23/2022","-0.063","-0.057","-0.057","-0.063","3.28%"
"05/22/2022","-0.061","-0.060","-0.060","-0.061","3.39%"
"05/20/2022","-0.059","-0.056","-0.054","-0.059","7.27%"
"05/19/2022","-0.055","-0.058","-0.054","-0.058","1.85%"
"05/18/2022","-0.054","-0.054","-0.051","-0.055","-1.82%"
"05/17/2022","-0.055","-0.055","-0.054","-0.055","1.85%"
"05/16/2022","-0.054","-0.055","-0.054","-0.055","-3.57%"
"05/15/2022","-0.056","-0.056","-0.056","-0.056","1.82%"
"05/13/2022","-0.055","-0.053","-0.053","-0.055","10.00%"
"05/12/2022","-0.050","-0.049","-0.049","-0.050","0.00%"
"05/11/2022","-0.050","-0.048","-0.047","-0.050","4.17%"
"05/10/2022","-0.048","-0.048","-0.047","-0.050","2.13%"
"05/09/2022","-0.047","-0.042","-0.041","-0.049","5.62%"
"05/08/2022","-0.045","-0.045","-0.045","-0.045","-1.11%"
"05/06/2022","-0.045","-0.049","-0.040","-0.049","-2.17%"
"05/05/2022","-0.046","-0.050","-0.046","-0.050","-8.00%"
"05/02/2022","-0.050","-0.054","-0.047","-0.054","-11.50%"
"05/01/2022","-0.056","-0.056","-0.056","-0.056","4.63%"
"04/28/2022","-0.054","-0.046","-0.046","-0.060","-8.47%"
"04/27/2022","-0.059","-0.059","-0.055","-0.060","9.26%"
"04/26/2022","-0.054","-0.054","-0.050","-0.055","0.00%"
"04/25/2022","-0.054","-0.052","-0.050","-0.055","0.00%"
"04/24/2022","-0.054","-0.056","-0.054","-0.056","0.00%"
"04/22/2022","-0.054","-0.053","-0.052","-0.055","0.00%"
"04/21/2022","-0.054","-0.051","-0.049","-0.055","22.73%"
"04/20/2022","-0.044","-0.043","-0.035","-0.045","-10.20%"
"04/19/2022","-0.049","-0.057","-0.049","-0.058","-18.33%"
"04/18/2022","-0.060","-0.058","-0.058","-0.060","-1.64%"
"04/17/2022","-0.061","-0.061","-0.061","-0.061","-4.69%"
"04/15/2022","-0.064","-0.059","-0.056","-0.065","0.00%"
"04/14/2022","-0.064","-0.059","-0.058","-0.065","-3.03%"
"04/13/2022","-0.066","-0.083","-0.065","-0.085","-17.50%"
"04/12/2022","-0.080","-0.086","-0.077","-0.087","-5.88%"
"04/11/2022","-0.085","-0.079","-0.076","-0.085","4.94%"
"04/10/2022","-0.081","-0.083","-0.081","-0.083","1.25%"
"04/08/2022","-0.080","-0.044","-0.043","-0.084","100.00%"
"04/07/2022","-0.040","-0.034","-0.034","-0.040","17.65%"
"04/06/2022","-0.034","-0.036","-0.032","-0.037","-15.00%"
"04/05/2022","-0.040","-0.042","-0.040","-0.042","0.00%"
"04/04/2022","-0.040","-0.034","-0.034","-0.042","6.67%"
"04/03/2022","-0.038","-0.037","-0.037","-0.038","10.29%"
"04/01/2022","-0.034","-0.034","-0.034","-0.037","-15.00%"
"03/31/2022","-0.040","-0.032","-0.032","-0.044","17.65%"
"03/30/2022","-0.034","-0.027","-0.027","-0.036","41.67%"
"03/29/2022","-0.024","-0.019","-0.018","-0.025","20.00%"
"03/28/2022","-0.020","-0.021","-0.019","-0.025","-14.89%"
"03/27/2022","-0.023","-0.026","-0.023","-0.026","-6.00%"
"03/25/2022","-0.025","-0.025","-0.024","-0.026","-7.41%"
"03/24/2022","-0.027","-0.026","-0.024","-0.029","8.00%"
"03/23/2022","-0.025","-0.017","-0.017","-0.029","31.58%"
"03/22/2022","-0.019","-0.022","-0.016","-0.022","-13.64%"
"03/21/2022","-0.022","-0.025","-0.022","-0.025","-8.33%"
"03/18/2022","-0.024","-0.025","-0.020","-0.025","-4.00%"
"03/17/2022","-0.025","-0.025","-0.024","-0.025","0.00%"
"03/16/2022","-0.025","-0.028","-0.025","-0.030","4.17%"
"03/15/2022","-0.024","-0.022","-0.022","-0.027","-17.24%"
"03/14/2022","-0.029","-0.029","-0.029","-0.031","-6.45%"
"03/13/2022","-0.031","-0.032","-0.031","-0.032","-11.43%"
"03/11/2022","-0.035","-0.027","-0.026","-0.035","16.67%"
"03/10/2022","-0.030","-0.040","-0.026","-0.040","-30.23%"
"03/09/2022","-0.043","-0.042","-0.038","-0.043","-4.44%"
"03/08/2022","-0.045","-0.043","-0.041","-0.047","-16.67%"
"03/07/2022","-0.054","-0.047","-0.045","-0.054","4.85%"
"03/06/2022","-0.052","-0.047","-0.047","-0.052","28.75%"
"03/04/2022","-0.040","-0.034","-0.032","-0.042","11.11%"
"03/03/2022","-0.036","-0.036","-0.034","-0.039","-20.00%"
"03/02/2022","-0.045","-0.034","-0.020","-0.049","7.14%"
"03/01/2022","-0.042","-0.042","-0.042","-0.042","40.00%"
"02/28/2022","-0.030","-0.024","-0.024","-0.030","13.21%"
"02/27/2022","-0.026","-0.024","-0.024","-0.026","0.00%"
"02/25/2022","-0.026","-0.022","-0.017","-0.030","-10.34%"
"02/24/2022","-0.029","-0.021","-0.021","-0.029","20.83%"
"02/23/2022","-0.024","-0.023","-0.023","-0.024","0.00%"
"02/22/2022","-0.024","-0.021","-0.020","-0.025","26.32%"
"02/21/2022","-0.019","-0.016","-0.015","-0.019","-7.32%"
"02/20/2022","-0.021","-0.019","-0.019","-0.021","46.43%"
"02/18/2022","-0.014","-0.013","-0.009","-0.015","40.00%"
"02/17/2022","-0.010","-0.022","-0.009","-0.022","-50.00%"
"02/16/2022","-0.020","-0.024","-0.020","-0.024","-20.00%"
"02/15/2022","-0.025","-0.028","-0.024","-0.029","-16.67%"
"02/14/2022","-0.030","-0.036","-0.030","-0.037","-22.08%"
"02/13/2022","-0.038","-0.041","-0.038","-0.041","10.00%"
"02/10/2022","-0.035","-0.039","-0.034","-0.040","-12.50%"
"02/09/2022","-0.040","-0.040","-0.039","-0.040","0.00%"
"02/08/2022","-0.040","-0.044","-0.040","-0.045","-9.09%"
"02/07/2022","-0.044","-0.043","-0.040","-0.045","-5.38%"
"02/06/2022","-0.047","-0.044","-0.044","-0.047","3.33%"
"02/04/2022","-0.045","-0.048","-0.045","-0.050","-10.00%"
"02/03/2022","-0.050","-0.053","-0.050","-0.053","2.04%"
"02/02/2022","-0.049","-0.046","-0.045","-0.049","8.89%"
"02/01/2022","-0.045","-0.049","-0.044","-0.050","-8.16%"
"01/31/2022","-0.049","-0.051","-0.045","-0.051","-5.77%"
"01/30/2022","-0.052","-0.054","-0.052","-0.054","-3.70%"
"01/28/2022","-0.054","-0.054","-0.050","-0.054","-10.00%"
"01/27/2022","-0.060","-0.061","-0.050","-0.064","-13.04%"
"01/26/2022","-0.069","-0.067","-0.064","-0.069","0.00%"
"01/25/2022","-0.069","-0.067","-0.062","-0.070","0.00%"
"01/24/2022","-0.069","-0.070","-0.068","-0.070","-4.17%"
"01/23/2022","-0.072","-0.074","-0.072","-0.074","2.86%"
"01/21/2022","-0.070","-0.074","-0.070","-0.075","0.00%"
"01/20/2022","-0.070","-0.077","-0.070","-0.079","-6.67%"
"01/19/2022","-0.075","-0.071","-0.070","-0.076","7.14%"
"01/18/2022","-0.070","-0.071","-0.069","-0.074","6.06%"
"01/17/2022","-0.066","-0.071","-0.066","-0.074","-10.20%"
"01/16/2022","-0.073","-0.073","-0.073","-0.073","5.00%"
"01/14/2022","-0.070","-0.080","-0.068","-0.080","-12.50%"
"01/13/2022","-0.080","-0.080","-0.079","-0.080","5.26%"
"01/12/2022","-0.076","-0.071","-0.071","-0.077","2.70%"
"01/11/2022","-0.074","-0.076","-0.073","-0.080","-5.13%"
"01/10/2022","-0.078","-0.076","-0.076","-0.078","-2.50%"
"01/07/2022","-0.080","-0.081","-0.077","-0.084","0.00%"
"01/06/2022","-0.080","-0.082","-0.079","-0.084","-5.88%"
"01/05/2022","-0.085","-0.085","-0.084","-0.089","-4.49%"
"01/04/2022","-0.089","-0.089","-0.084","-0.090","1.14%"
"01/03/2022","-0.088","-0.092","-0.088","-0.092","-1.12%"
"12/30/2021","-0.089","-0.094","-0.089","-0.094","-5.32%"
"12/29/2021","-0.094","-0.095","-0.094","-0.095","0.00%"
"12/28/2021","-0.094","-0.093","-0.093","-0.094","1.08%"
"12/27/2021","-0.093","-0.092","-0.088","-0.094","-3.12%"
"12/26/2021","-0.096","-0.097","-0.096","-0.097","4.35%"
"12/24/2021","-0.092","-0.094","-0.092","-0.094","-5.15%"
"12/23/2021","-0.097","-0.097","-0.096","-0.098","-1.02%"
"12/22/2021","-0.098","-0.102","-0.097","-0.102","-4.85%"
"12/21/2021","-0.103","-0.107","-0.102","-0.107","-8.04%"
"12/20/2021","-0.112","-0.109","-0.107","-0.112","-1.32%"
"12/19/2021","-0.113","-0.113","-0.113","-0.113","6.07%"
"12/17/2021","-0.107","-0.111","-0.107","-0.112","-0.93%"
"12/16/2021","-0.108","-0.106","-0.105","-0.108","-1.82%"
"12/15/2021","-0.110","-0.110","-0.109","-0.110","0.92%"
"12/14/2021","-0.109","-0.108","-0.107","-0.110","3.81%"
"12/13/2021","-0.105","-0.106","-0.105","-0.107","-2.78%"
"12/12/2021","-0.108","-0.109","-0.108","-0.109","2.86%"
"12/10/2021","-0.105","-0.107","-0.103","-0.107","-4.55%"
"12/09/2021","-0.110","-0.110","-0.108","-0.111","-4.35%"
"12/08/2021","-0.115","-0.115","-0.110","-0.115","0.88%"
"12/07/2021","-0.114","-0.113","-0.112","-0.115","-1.72%"
"12/06/2021","-0.116","-0.118","-0.115","-0.119","-2.52%"
"12/05/2021","-0.119","-0.119","-0.119","-0.119","3.48%"
"12/03/2021","-0.115","-0.115","-0.105","-0.119","0.88%"
"12/02/2021","-0.114","-0.115","-0.113","-0.119","0.00%"
"12/01/2021","-0.114","-0.112","-0.110","-0.115","-8.80%"
"11/30/2021","-0.125","-0.128","-0.125","-0.129","-3.10%"
"11/29/2021","-0.129","-0.127","-0.126","-0.129","-0.39%"
"11/28/2021","-0.130","-0.130","-0.130","-0.130","0.39%"
"11/26/2021","-0.129","-0.124","-0.123","-0.129","4.03%"
"11/25/2021","-0.124","-0.125","-0.122","-0.127","-3.88%"
"11/24/2021","-0.129","-0.129","-0.127","-0.130","-1.53%"
"11/23/2021","-0.131","-0.130","-0.130","-0.131","1.55%"
"11/22/2021","-0.129","-0.129","-0.125","-0.130","-1.15%"
"11/21/2021","-0.131","-0.132","-0.131","-0.132","5.24%"
"11/19/2021","-0.124","-0.122","-0.119","-0.125","3.33%"
"11/18/2021","-0.120","-0.123","-0.120","-0.124","-3.23%"
"11/17/2021","-0.124","-0.122","-0.122","-0.124","3.33%"
"11/16/2021","-0.120","-0.118","-0.115","-0.120","0.00%"
"11/15/2021","-0.120","-0.118","-0.117","-0.120","-0.83%"
"11/14/2021","-0.121","-0.120","-0.120","-0.121","5.22%"
"11/12/2021","-0.115","-0.115","-0.114","-0.119","0.00%"
"11/11/2021","-0.115","-0.114","-0.114","-0.115","0.00%"
"11/10/2021","-0.115","-0.118","-0.115","-0.119","0.88%"
"11/09/2021","-0.114","-0.115","-0.114","-0.115","-0.87%"
"11/08/2021","-0.115","-0.110","-0.109","-0.115","2.68%"
"11/07/2021","-0.112","-0.111","-0.111","-0.112","1.82%"
"11/05/2021","-0.110","-0.105","-0.104","-0.110","10.00%"
"11/04/2021","-0.100","-0.099","-0.097","-0.105","-0.50%"
"11/03/2021","-0.101","-0.100","-0.100","-0.101","0.50%"
"11/02/2021","-0.100","-0.100","-0.099","-0.100","0.00%"
"11/01/2021","-0.100","-0.100","-0.095","-0.100","-0.99%"
"10/31/2021","-0.101","-0.101","-0.101","-0.101","0.00%"
"10/29/2021","-0.101","-0.101","-0.100","-0.102","1.00%"
"10/28/2021","-0.100","-0.099","-0.098","-0.101","-4.76%"
"10/27/2021","-0.105","-0.105","-0.100","-0.105","0.00%"
"10/26/2021","-0.105","-0.106","-0.104","-0.110","-4.55%"
"10/25/2021","-0.110","-0.111","-0.110","-0.112","-2.22%"
"10/24/2021","-0.112","-0.112","-0.112","-0.112","1.35%"
"10/22/2021","-0.111","-0.110","-0.110","-0.115","-2.63%"
"10/21/2021","-0.114","-0.114","-0.114","-0.114","0.00%"
"10/20/2021","-0.114","-0.115","-0.111","-0.115","-0.87%"
"10/19/2021","-0.115","-0.116","-0.115","-0.117","0.00%"
"10/18/2021","-0.115","-0.115","-0.114","-0.116","-2.13%"
"10/17/2021","-0.117","-0.118","-0.117","-0.118","-1.26%"
"10/15/2021","-0.119","-0.118","-0.114","-0.120","3.48%"
"10/14/2021","-0.115","-0.119","-0.115","-0.120","-3.36%"
"10/13/2021","-0.119","-0.118","-0.117","-0.119","3.48%"
"10/12/2021","-0.115","-0.119","-0.114","-0.119","-0.86%"
"10/11/2021","-0.116","-0.116","-0.115","-0.119","-1.69%"
"10/10/2021","-0.118","-0.117","-0.117","-0.118","-0.84%"
"10/08/2021","-0.119","-0.119","-0.116","-0.120","0.00%"
"10/07/2021","-0.119","-0.118","-0.118","-0.121","3.48%"
"10/06/2021","-0.115","-0.120","-0.114","-0.120","-3.36%"
"10/05/2021","-0.119","-0.121","-0.119","-0.124","-4.03%"
"10/04/2021","-0.124","-0.120","-0.120","-0.124","-1.20%"
"10/03/2021","-0.125","-0.121","-0.121","-0.125","5.46%"
"10/01/2021","-0.119","-0.119","-0.115","-0.123","-4.03%"
"09/30/2021","-0.124","-0.121","-0.119","-0.124","-0.80%"
"09/29/2021","-0.125","-0.126","-0.124","-0.130","0.81%"
"09/28/2021","-0.124","-0.126","-0.124","-0.128","-2.36%"
"09/27/2021","-0.127","-0.124","-0.124","-0.128","0.00%"
"09/26/2021","-0.127","-0.127","-0.127","-0.127","-1.55%"
"09/24/2021","-0.129","-0.128","-0.124","-0.129","-1.90%"
"09/23/2021","-0.132","-0.133","-0.132","-0.133","1.94%"
"09/22/2021","-0.129","-0.129","-0.129","-0.130","0.00%"
"09/21/2021","-0.129","-0.128","-0.126","-0.130","-2.64%"
"09/20/2021","-0.132","-0.130","-0.130","-0.132","6.00%"
"09/17/2021","-0.125","-0.123","-0.122","-0.125","-3.10%"
"09/16/2021","-0.129","-0.130","-0.129","-0.130","0.00%"
"09/15/2021","-0.129","-0.126","-0.124","-0.129","3.20%"
"09/14/2021","-0.125","-0.126","-0.122","-0.127","0.00%"
"09/13/2021","-0.125","-0.124","-0.124","-0.125","-1.19%"
"09/12/2021","-0.126","-0.126","-0.126","-0.126","1.20%"
"09/10/2021","-0.125","-0.128","-0.124","-0.129","0.81%"
"09/09/2021","-0.124","-0.127","-0.124","-0.127","0.00%"
"09/08/2021","-0.124","-0.122","-0.120","-0.124","0.81%"
"09/07/2021","-0.123","-0.122","-0.120","-0.124","-0.81%"
"09/06/2021","-0.124","-0.123","-0.122","-0.125","-1.59%"
"09/05/2021","-0.126","-0.128","-0.126","-0.128","1.61%"
"09/03/2021","-0.124","-0.125","-0.124","-0.125","-0.80%"
"09/02/2021","-0.125","-0.125","-0.124","-0.125","0.00%"
"09/01/2021","-0.125","-0.124","-0.124","-0.125","-5.30%"
"08/31/2021","-0.132","-0.132","-0.130","-0.134","2.33%"
"08/30/2021","-0.129","-0.132","-0.129","-0.132","-4.09%"
"08/29/2021","-0.134","-0.134","-0.134","-0.134","4.26%"
"08/27/2021","-0.129","-0.131","-0.129","-0.134","-3.73%"
"08/26/2021","-0.134","-0.133","-0.130","-0.134","0.00%"
"08/25/2021","-0.134","-0.135","-0.134","-0.137","0.00%"
"08/24/2021","-0.134","-0.137","-0.134","-0.139","-3.60%"
"08/23/2021","-0.139","-0.139","-0.136","-0.140","-0.36%"
"08/22/2021","-0.140","-0.141","-0.140","-0.141","0.36%"
"08/20/2021","-0.139","-0.138","-0.133","-0.140","-0.71%"
"08/19/2021","-0.140","-0.144","-0.139","-0.144","-2.78%"
"08/18/2021","-0.144","-0.139","-0.139","-0.144","3.60%"
"08/17/2021","-0.139","-0.136","-0.135","-0.139","0.00%"
"08/16/2021","-0.139","-0.136","-0.136","-0.139","0.00%"
"08/15/2021","-0.139","-0.139","-0.139","-0.139","3.73%"
"08/13/2021","-0.134","-0.129","-0.128","-0.134","3.08%"
"08/12/2021","-0.130","-0.131","-0.129","-0.134","0.78%"
"08/11/2021","-0.129","-0.128","-0.128","-0.130","-0.77%"
"08/10/2021","-0.130","-0.131","-0.129","-0.134","-2.62%"
"08/09/2021","-0.133","-0.133","-0.133","-0.133","-0.37%"
"08/06/2021","-0.134","-0.134","-0.134","-0.134","0.00%"
"08/05/2021","-0.134","-0.130","-0.129","-0.134","3.88%"
"08/04/2021","-0.129","-0.129","-0.128","-0.129","2.38%"
"08/03/2021","-0.126","-0.128","-0.124","-0.129","0.80%"
"08/02/2021","-0.125","-0.125","-0.120","-0.127","0.81%"
"07/30/2021","-0.124","-0.125","-0.124","-0.125","-3.88%"
"07/29/2021","-0.129","-0.129","-0.125","-0.130","0.00%"
"07/28/2021","-0.129","-0.129","-0.126","-0.129","0.00%"
"07/27/2021","-0.129","-0.126","-0.124","-0.130","-0.77%"
"07/26/2021","-0.130","-0.128","-0.126","-0.130","0.00%"
"07/25/2021","-0.130","-0.131","-0.130","-0.131","0.39%"
"07/21/2021","-0.129","-0.130","-0.128","-0.130","-3.73%"
"07/20/2021","-0.134","-0.131","-0.129","-0.134","3.88%"
"07/19/2021","-0.129","-0.128","-0.125","-0.129","0.00%"
"07/18/2021","-0.128","-0.128","-0.128","-0.128","2.80%"
"07/16/2021","-0.125","-0.124","-0.124","-0.125","0.00%"
"07/15/2021","-0.125","-0.127","-0.124","-0.129","0.00%"
"07/14/2021","-0.125","-0.121","-0.121","-0.126","4.17%"
"07/13/2021","-0.120","-0.115","-0.115","-0.120","3.45%"
"07/12/2021","-0.116","-0.116","-0.114","-0.117","0.00%"
"07/11/2021","-0.116","-0.116","-0.116","-0.116","0.87%"
"07/09/2021","-0.115","-0.116","-0.113","-0.116","0.88%"
"07/08/2021","-0.114","-0.109","-0.109","-0.115","0.00%"
"07/07/2021","-0.114","-0.114","-0.110","-0.114","4.59%"
"07/06/2021","-0.109","-0.114","-0.109","-0.114","-5.22%"
"07/05/2021","-0.115","-0.117","-0.115","-0.118","-4.96%"
"07/04/2021","-0.121","-0.120","-0.120","-0.121","6.14%"
"07/02/2021","-0.114","-0.116","-0.114","-0.117","-0.87%"
"07/01/2021","-0.115","-0.111","-0.109","-0.115","2.68%"
"06/30/2021","-0.112","-0.111","-0.109","-0.113","-1.75%"
"06/29/2021","-0.114","-0.114","-0.111","-0.114","4.59%"
"06/28/2021","-0.109","-0.113","-0.109","-0.114","-5.63%"
"06/27/2021","-0.116","-0.116","-0.116","-0.116","1.32%"
"06/25/2021","-0.114","-0.111","-0.109","-0.115","0.00%"
"06/24/2021","-0.114","-0.109","-0.109","-0.114","3.64%"
"06/23/2021","-0.110","-0.112","-0.109","-0.114","-3.51%"
"06/22/2021","-0.114","-0.110","-0.109","-0.114","-0.87%"
"06/21/2021","-0.115","-0.119","-0.114","-0.120","-5.35%"
"06/20/2021","-0.122","-0.122","-0.122","-0.122","2.97%"
"06/18/2021","-0.118","-0.119","-0.118","-0.121","0.00%"
"06/17/2021","-0.118","-0.118","-0.117","-0.122","-3.28%"
"06/16/2021","-0.122","-0.121","-0.118","-0.123","0.00%"
"06/15/2021","-0.122","-0.118","-0.118","-0.123","0.00%"
"06/14/2021","-0.122","-0.123","-0.122","-0.123","-3.17%"
"06/13/2021","-0.126","-0.126","-0.126","-0.126","2.44%"
"06/11/2021","-0.123","-0.123","-0.122","-0.125","0.00%"
"06/10/2021","-0.123","-0.120","-0.118","-0.123","4.24%"
"06/09/2021","-0.118","-0.118","-0.118","-0.118","0.00%"
"06/08/2021","-0.118","-0.119","-0.118","-0.119","-4.07%"
"06/07/2021","-0.123","-0.123","-0.123","-0.123","-8.21%"
"06/06/2021","-0.134","-0.134","-0.134","-0.134","8.94%"
"06/04/2021","-0.123","-0.119","-0.119","-0.123","0.00%"
"06/03/2021","-0.123","-0.122","-0.122","-0.123","0.82%"
"06/02/2021","-0.122","-0.119","-0.119","-0.123","0.00%"
"06/01/2021","-0.122","-0.119","-0.119","-0.122","-4.69%"
"05/31/2021","-0.128","-0.131","-0.128","-0.131","-3.03%"
"05/30/2021","-0.132","-0.133","-0.132","-0.133","3.12%"
"05/28/2021","-0.128","-0.129","-0.128","-0.129","-1.54%"
"05/27/2021","-0.130","-0.127","-0.127","-0.133","2.36%"
"05/26/2021","-0.127","-0.128","-0.127","-0.128","0.00%"
"05/25/2021","-0.127","-0.125","-0.124","-0.128","-0.78%"
"05/24/2021","-0.128","-0.127","-0.125","-0.128","-2.29%"
"05/23/2021","-0.131","-0.131","-0.131","-0.131","6.50%"
"05/21/2021","-0.123","-0.125","-0.122","-0.127","0.00%"
"05/20/2021","-0.123","-0.125","-0.122","-0.127","-3.15%"
"05/19/2021","-0.127","-0.125","-0.123","-0.127","0.00%"
"05/18/2021","-0.127","-0.123","-0.123","-0.127","0.00%"
"05/17/2021","-0.127","-0.125","-0.125","-0.127","-3.05%"
"05/16/2021","-0.131","-0.129","-0.129","-0.131","2.34%"
"05/14/2021","-0.128","-0.124","-0.124","-0.128","4.07%"
"05/13/2021","-0.123","-0.124","-0.123","-0.124","-3.91%"
"05/12/2021","-0.128","-0.124","-0.123","-0.128","0.00%"
"05/11/2021","-0.128","-0.128","-0.128","-0.128","0.79%"
"05/10/2021","-0.127","-0.127","-0.126","-0.128","-3.42%"
"05/09/2021","-0.132","-0.132","-0.132","-0.132","2.73%"
"05/07/2021","-0.128","-0.123","-0.123","-0.128","4.07%"
"05/06/2021","-0.123","-0.126","-0.123","-0.128","-5.38%"
"05/05/2021","-0.130","-0.129","-0.129","-0.130","4.84%"
"04/30/2021","-0.124","-0.121","-0.121","-0.124","-1.98%"
"04/29/2021","-0.126","-0.124","-0.124","-0.126","-1.17%"
"04/28/2021","-0.128","-0.127","-0.127","-0.129","0.00%"
"04/27/2021","-0.128","-0.127","-0.127","-0.128","0.00%"
"04/26/2021","-0.128","-0.129","-0.128","-0.130","-4.48%"
"04/25/2021","-0.134","-0.134","-0.134","-0.134","4.69%"
"04/23/2021","-0.128","-0.128","-0.127","-0.129","0.00%"
"04/22/2021","-0.128","-0.130","-0.128","-0.130","0.00%"
"04/21/2021","-0.128","-0.128","-0.127","-0.129","0.79%"
"04/20/2021","-0.127","-0.128","-0.123","-0.129","-0.78%"
"04/19/2021","-0.128","-0.128","-0.127","-0.132","-3.03%"
"04/18/2021","-0.132","-0.132","-0.132","-0.132","3.12%"
"04/16/2021","-0.128","-0.129","-0.127","-0.133","0.00%"
"04/15/2021","-0.128","-0.126","-0.124","-0.128","0.00%"
"04/14/2021","-0.128","-0.131","-0.128","-0.133","0.79%"
"04/13/2021","-0.127","-0.122","-0.122","-0.127","4.10%"
"04/12/2021","-0.122","-0.125","-0.122","-0.125","-5.43%"
"04/11/2021","-0.129","-0.129","-0.129","-0.129","5.74%"
"04/09/2021","-0.122","-0.126","-0.122","-0.126","-3.94%"
"04/08/2021","-0.127","-0.118","-0.117","-0.127","7.63%"
"04/07/2021","-0.118","-0.116","-0.115","-0.118","0.00%"
"04/06/2021","-0.118","-0.116","-0.116","-0.118","0.00%"
"04/05/2021","-0.118","-0.115","-0.114","-0.119","-2.48%"
"04/04/2021","-0.121","-0.119","-0.119","-0.121","2.54%"
"04/02/2021","-0.118","-0.117","-0.117","-0.124","-0.84%"
"04/01/2021","-0.119","-0.111","-0.111","-0.122","-3.25%"
"03/31/2021","-0.123","-0.122","-0.121","-0.126","-12.77%"
"03/30/2021","-0.141","-0.131","-0.130","-0.141","2.17%"
"03/29/2021","-0.138","-0.129","-0.129","-0.138","2.60%"
"03/28/2021","-0.134","-0.135","-0.134","-0.135","1.89%"
"03/26/2021","-0.132","-0.126","-0.126","-0.133","2.33%"
"03/25/2021","-0.129","-0.138","-0.127","-0.138","-6.52%"
"03/24/2021","-0.138","-0.139","-0.138","-0.140","2.99%"
"03/23/2021","-0.134","-0.137","-0.133","-0.139","-5.63%"
"03/22/2021","-0.142","-0.138","-0.138","-0.146","-1.39%"
"03/21/2021","-0.144","-0.144","-0.144","-0.144","5.11%"
"03/19/2021","-0.137","-0.138","-0.129","-0.143","-3.52%"
"03/18/2021","-0.142","-0.144","-0.130","-0.146","2.90%"
"03/17/2021","-0.138","-0.144","-0.137","-0.146","-3.50%"
"03/16/2021","-0.143","-0.136","-0.136","-0.143","5.15%"
"03/15/2021","-0.136","-0.126","-0.125","-0.136","4.21%"
"03/14/2021","-0.131","-0.130","-0.130","-0.131","2.76%"
"03/12/2021","-0.127","-0.119","-0.118","-0.127","6.72%"
"03/11/2021","-0.119","-0.112","-0.111","-0.122","3.48%"
"03/10/2021","-0.115","-0.115","-0.114","-0.118","0.88%"
"03/09/2021","-0.114","-0.111","-0.110","-0.118","-4.20%"
"03/08/2021","-0.119","-0.127","-0.116","-0.127","-8.81%"
"03/07/2021","-0.131","-0.133","-0.131","-0.133","1.95%"
"03/05/2021","-0.128","-0.117","-0.114","-0.134","8.47%"
"03/04/2021","-0.118","-0.106","-0.106","-0.120","4.42%"
"03/03/2021","-0.113","-0.120","-0.113","-0.120","-5.04%"
"03/02/2021","-0.119","-0.120","-0.115","-0.120","4.39%"
"03/01/2021","-0.114","-0.119","-0.113","-0.121","-9.16%"
"02/28/2021","-0.125","-0.123","-0.123","-0.125","12.05%"
"02/26/2021","-0.112","-0.089","-0.085","-0.113","10.89%"
"02/25/2021","-0.101","-0.105","-0.101","-0.108","-6.48%"
"02/24/2021","-0.108","-0.111","-0.107","-0.112","-6.49%"
"02/23/2021","-0.116","-0.116","-0.116","-0.116","3.12%"
"02/22/2021","-0.112","-0.108","-0.107","-0.112","-3.03%"
"02/21/2021","-0.116","-0.114","-0.114","-0.116","-1.28%"
"02/19/2021","-0.117","-0.116","-0.113","-0.119","-0.85%"
"02/18/2021","-0.118","-0.119","-0.118","-0.122","0.85%"
"02/17/2021","-0.117","-0.118","-0.112","-0.118","-4.88%"
"02/16/2021","-0.123","-0.126","-0.122","-0.127","-3.15%"
"02/15/2021","-0.127","-0.127","-0.122","-0.127","-2.68%"
"02/14/2021","-0.131","-0.128","-0.128","-0.131","1.95%"
"02/12/2021","-0.128","-0.125","-0.123","-0.129","0.79%"
"02/11/2021","-0.127","-0.130","-0.127","-0.130","7.63%"
"02/10/2021","-0.118","-0.125","-0.117","-0.125","-4.07%"
"02/09/2021","-0.123","-0.127","-0.122","-0.127","-0.81%"
"02/08/2021","-0.124","-0.126","-0.123","-0.127","-4.62%"
"02/07/2021","-0.130","-0.131","-0.130","-0.131","0.00%"
"02/05/2021","-0.130","-0.130","-0.130","-0.130","3.17%"
"02/04/2021","-0.126","-0.125","-0.124","-0.127","4.13%"
"02/03/2021","-0.121","-0.118","-0.114","-0.123","2.54%"
"02/02/2021","-0.118","-0.120","-0.117","-0.122","-0.84%"
"02/01/2021","-0.119","-0.120","-0.117","-0.122","-3.25%"
"01/31/2021","-0.123","-0.123","-0.123","-0.123","-1.60%"
"01/29/2021","-0.125","-0.125","-0.121","-0.125","-2.34%"
"01/28/2021","-0.128","-0.129","-0.125","-0.129","-3.03%"
"01/27/2021","-0.132","-0.130","-0.127","-0.133","-1.49%"
"01/26/2021","-0.134","-0.134","-0.133","-0.138","0.75%"
"01/25/2021","-0.133","-0.135","-0.132","-0.136","-4.66%"
"01/24/2021","-0.140","-0.139","-0.139","-0.140","4.89%"
"01/22/2021","-0.133","-0.129","-0.127","-0.133","0.76%"
"01/21/2021","-0.132","-0.132","-0.129","-0.137","0.76%"
"01/20/2021","-0.131","-0.124","-0.123","-0.132","6.50%"
"01/19/2021","-0.123","-0.124","-0.122","-0.124","0.82%"
"01/18/2021","-0.122","-0.117","-0.116","-0.124","-0.41%"
"01/17/2021","-0.123","-0.123","-0.123","-0.123","0.41%"
"01/15/2021","-0.122","-0.121","-0.119","-0.122","0.83%"
"01/14/2021","-0.121","-0.121","-0.117","-0.122","-1.63%"
"01/13/2021","-0.123","-0.125","-0.122","-0.125","0.82%"
"01/12/2021","-0.122","-0.118","-0.117","-0.122","-0.41%"
"01/11/2021","-0.123","-0.123","-0.123","-0.123","4.70%"
"01/08/2021","-0.117","-0.116","-0.116","-0.121","-1.68%"
"01/07/2021","-0.119","-0.118","-0.116","-0.122","-1.65%"
"01/06/2021","-0.121","-0.123","-0.121","-0.124","-3.97%"
"01/05/2021","-0.126","-0.124","-0.122","-0.127","3.28%"
"01/04/2021","-0.122","-0.120","-0.118","-0.122","-1.21%"
"01/03/2021","-0.123","-0.124","-0.123","-0.124","1.23%"
"12/30/2020","-0.122","-0.123","-0.118","-0.123","0.83%"
"12/29/2020","-0.121","-0.123","-0.121","-0.123","-4.72%"
"12/28/2020","-0.127","-0.127","-0.127","-0.128","-3.42%"
"12/27/2020","-0.132","-0.132","-0.132","-0.132","4.37%"
"12/25/2020","-0.126","-0.130","-0.125","-0.131","-4.55%"
"12/24/2020","-0.132","-0.131","-0.129","-0.132","0.00%"
"12/23/2020","-0.132","-0.134","-0.132","-0.136","0.00%"
"12/22/2020","-0.132","-0.133","-0.131","-0.134","-0.75%"
"12/21/2020","-0.133","-0.132","-0.132","-0.138","-5.00%"
"12/20/2020","-0.140","-0.138","-0.138","-0.140","4.48%"
"12/18/2020","-0.134","-0.125","-0.125","-0.138","5.51%"
"12/17/2020","-0.127","-0.129","-0.124","-0.129","0.00%"
"12/16/2020","-0.127","-0.134","-0.127","-0.139","-7.97%"
"12/15/2020","-0.138","-0.138","-0.136","-0.139","0.73%"
"12/14/2020","-0.137","-0.139","-0.134","-0.139","-3.52%"
"12/13/2020","-0.142","-0.144","-0.142","-0.144","3.65%"
"12/11/2020","-0.137","-0.133","-0.131","-0.137","3.79%"
"12/10/2020","-0.132","-0.133","-0.132","-0.134","0.00%"
"12/09/2020","-0.132","-0.133","-0.131","-0.134","-4.35%"
"12/08/2020","-0.138","-0.133","-0.132","-0.138","5.34%"
"12/07/2020","-0.131","-0.126","-0.126","-0.131","0.00%"
"12/06/2020","-0.131","-0.131","-0.131","-0.131","3.15%"
"12/04/2020","-0.127","-0.123","-0.123","-0.130","4.10%"
"12/03/2020","-0.122","-0.126","-0.121","-0.128","-3.17%"
"12/02/2020","-0.126","-0.123","-0.121","-0.126","-0.79%"
"12/01/2020","-0.127","-0.121","-0.121","-0.128","3.25%"
"11/30/2020","-0.123","-0.125","-0.123","-0.127","-5.02%"
"11/29/2020","-0.130","-0.130","-0.130","-0.130","-9.44%"
"11/27/2020","-0.143","-0.150","-0.143","-0.153","-4.67%"
"11/26/2020","-0.150","-0.147","-0.147","-0.156","1.35%"
"11/25/2020","-0.148","-0.144","-0.143","-0.148","3.50%"
"11/24/2020","-0.143","-0.148","-0.143","-0.148","-4.03%"
"11/20/2020","-0.149","-0.146","-0.145","-0.149","3.47%"
"11/19/2020","-0.144","-0.147","-0.143","-0.148","-2.70%"
"11/18/2020","-0.148","-0.148","-0.148","-0.149","2.78%"
"11/17/2020","-0.144","-0.143","-0.142","-0.148","0.70%"
"11/16/2020","-0.143","-0.141","-0.141","-0.144","-1.38%"
"11/15/2020","-0.145","-0.145","-0.145","-0.145","1.40%"
"11/13/2020","-0.143","-0.140","-0.139","-0.144","2.88%"
"11/12/2020","-0.139","-0.135","-0.133","-0.139","4.51%"
"11/11/2020","-0.133","-0.132","-0.128","-0.133","-2.92%"
"11/10/2020","-0.137","-0.134","-0.134","-0.138","-4.20%"
"11/09/2020","-0.143","-0.140","-0.139","-0.144","0.00%"
"11/08/2020","-0.144","-0.144","-0.144","-0.144","0.00%"
"11/06/2020","-0.144","-0.133","-0.132","-0.144","8.27%"
"11/05/2020","-0.133","-0.123","-0.123","-0.133","12.71%"
"11/04/2020","-0.118","-0.114","-0.113","-0.119","1.29%"
"11/03/2020","-0.116","-0.119","-0.116","-0.119","-2.10%"
"11/02/2020","-0.119","-0.123","-0.118","-0.123","-2.46%"
"10/30/2020","-0.122","-0.120","-0.118","-0.123","-0.81%"
"10/29/2020","-0.123","-0.123","-0.122","-0.124","-0.81%"
"10/28/2020","-0.124","-0.121","-0.121","-0.125","-6.77%"
"10/27/2020","-0.133","-0.134","-0.133","-0.134","0.00%"
"10/26/2020","-0.133","-0.130","-0.130","-0.134","-1.48%"
"10/25/2020","-0.135","-0.133","-0.133","-0.135","5.47%"
"10/23/2020","-0.128","-0.129","-0.128","-0.129","-3.76%"
"10/22/2020","-0.133","-0.134","-0.131","-0.138","0.00%"
"10/21/2020","-0.133","-0.138","-0.132","-0.143","-6.99%"
"10/20/2020","-0.143","-0.139","-0.139","-0.143","3.62%"
"10/19/2020","-0.138","-0.141","-0.137","-0.143","-5.15%"
"10/18/2020","-0.146","-0.146","-0.146","-0.146","6.20%"
"10/16/2020","-0.137","-0.141","-0.134","-0.143","-1.44%"
"10/15/2020","-0.139","-0.136","-0.135","-0.139","4.51%"
"10/14/2020","-0.133","-0.139","-0.130","-0.144","-2.92%"
"10/13/2020","-0.137","-0.131","-0.130","-0.138","3.01%"
"10/12/2020","-0.133","-0.127","-0.127","-0.135","1.53%"
"10/11/2020","-0.131","-0.130","-0.130","-0.131","2.34%"
"10/09/2020","-0.128","-0.129","-0.124","-0.130","0.00%"
"10/08/2020","-0.128","-0.122","-0.119","-0.128","0.79%"
"10/07/2020","-0.127","-0.125","-0.125","-0.128","3.25%"
"10/06/2020","-0.123","-0.129","-0.123","-0.129","-7.52%"
"10/05/2020","-0.133","-0.130","-0.130","-0.133","-1.12%"
"10/04/2020","-0.134","-0.134","-0.134","-0.134","1.13%"
"10/02/2020","-0.133","-0.126","-0.126","-0.134","5.56%"
"10/01/2020","-0.126","-0.131","-0.123","-0.132","-7.35%"
"09/30/2020","-0.136","-0.142","-0.133","-0.143","-8.11%"
"09/29/2020","-0.148","-0.145","-0.145","-0.149","0.00%"
"09/28/2020","-0.148","-0.153","-0.147","-0.154","-5.43%"
"09/27/2020","-0.156","-0.157","-0.156","-0.157","2.29%"
"09/25/2020","-0.153","-0.149","-0.147","-0.153","3.38%"
"09/24/2020","-0.148","-0.152","-0.148","-0.155","-3.27%"
"09/23/2020","-0.153","-0.144","-0.143","-0.153","1.66%"
"09/22/2020","-0.150","-0.149","-0.149","-0.150","5.24%"
"09/18/2020","-0.143","-0.138","-0.138","-0.143","3.62%"
"09/17/2020","-0.138","-0.138","-0.134","-0.139","0.00%"
"09/16/2020","-0.138","-0.139","-0.138","-0.143","0.00%"
"09/15/2020","-0.138","-0.137","-0.137","-0.139","-0.72%"
"09/14/2020","-0.139","-0.136","-0.136","-0.140","-1.42%"
"09/13/2020","-0.141","-0.141","-0.141","-0.141","2.17%"
"09/11/2020","-0.138","-0.128","-0.128","-0.138","7.81%"
"09/10/2020","-0.128","-0.121","-0.119","-0.131","1.59%"
"09/09/2020","-0.126","-0.129","-0.122","-0.131","-1.56%"
"09/08/2020","-0.128","-0.129","-0.126","-0.133","0.00%"
"09/07/2020","-0.128","-0.117","-0.111","-0.128","5.79%"
"09/06/2020","-0.121","-0.120","-0.120","-0.121","-1.63%"
"09/04/2020","-0.123","-0.120","-0.118","-0.125","4.24%"
"09/03/2020","-0.118","-0.112","-0.112","-0.119","3.51%"
"09/02/2020","-0.114","-0.112","-0.112","-0.114","0.00%"
"09/01/2020","-0.114","-0.111","-0.109","-0.114","0.88%"
"08/31/2020","-0.113","-0.111","-0.108","-0.114","-2.16%"
"08/30/2020","-0.116","-0.116","-0.116","-0.116","6.94%"
"08/28/2020","-0.108","-0.104","-0.102","-0.113","-7.69%"
"08/27/2020","-0.117","-0.111","-0.108","-0.118","4.46%"
"08/26/2020","-0.112","-0.107","-0.105","-0.113","-0.88%"
"08/25/2020","-0.113","-0.111","-0.111","-0.114","-1.74%"
"08/24/2020","-0.115","-0.116","-0.113","-0.117","-2.13%"
"08/23/2020","-0.117","-0.120","-0.117","-0.120","5.86%"
"08/21/2020","-0.111","-0.116","-0.111","-0.116","-1.77%"
"08/20/2020","-0.113","-0.115","-0.112","-0.119","-4.24%"
"08/19/2020","-0.118","-0.120","-0.113","-0.122","-4.07%"
"08/18/2020","-0.123","-0.118","-0.117","-0.123","4.24%"
"08/17/2020","-0.118","-0.120","-0.116","-0.120","-4.07%"
"08/16/2020","-0.123","-0.123","-0.123","-0.123","5.13%"
"08/14/2020","-0.117","-0.115","-0.115","-0.122","-3.31%"
"08/13/2020","-0.121","-0.114","-0.113","-0.123","7.08%"
"08/12/2020","-0.113","-0.108","-0.106","-0.116","0.00%"
"08/11/2020","-0.113","-0.115","-0.113","-0.118","-6.22%"
"08/10/2020","-0.120","-0.118","-0.118","-0.120","-2.03%"
"08/07/2020","-0.123","-0.126","-0.123","-0.127","-0.81%"
"08/06/2020","-0.124","-0.126","-0.123","-0.128","-6.77%"
"08/05/2020","-0.133","-0.132","-0.132","-0.136","0.00%"
"08/04/2020","-0.133","-0.132","-0.129","-0.134","0.00%"
"08/03/2020","-0.133","-0.135","-0.133","-0.135","-3.27%"
"08/02/2020","-0.138","-0.140","-0.138","-0.140","0.00%"
"07/31/2020","-0.138","-0.131","-0.130","-0.139","3.76%"
"07/30/2020","-0.133","-0.127","-0.127","-0.133","3.91%"
"07/29/2020","-0.128","-0.129","-0.126","-0.132","0.00%"
"07/28/2020","-0.128","-0.128","-0.128","-0.133","-3.76%"
"07/27/2020","-0.133","-0.133","-0.128","-0.134","-1.85%"
"07/26/2020","-0.135","-0.138","-0.135","-0.138","1.88%"
"07/22/2020","-0.133","-0.139","-0.133","-0.139","-4.32%"
"07/21/2020","-0.139","-0.138","-0.136","-0.141","0.72%"
"07/20/2020","-0.138","-0.140","-0.137","-0.141","-5.48%"
"07/19/2020","-0.146","-0.146","-0.146","-0.146","2.82%"
"07/17/2020","-0.142","-0.146","-0.142","-0.148","-0.70%"
"07/16/2020","-0.143","-0.142","-0.140","-0.144","2.88%"
"07/15/2020","-0.139","-0.135","-0.134","-0.139","0.72%"
"07/14/2020","-0.138","-0.135","-0.133","-0.138","4.55%"
"07/13/2020","-0.132","-0.135","-0.132","-0.136","-4.69%"
"07/12/2020","-0.139","-0.139","-0.139","-0.139","0.36%"
"07/10/2020","-0.138","-0.136","-0.136","-0.140","0.73%"
"07/09/2020","-0.137","-0.128","-0.126","-0.137","3.79%"
"07/08/2020","-0.132","-0.130","-0.125","-0.133","3.12%"
"07/07/2020","-0.128","-0.135","-0.128","-0.137","-3.76%"
"07/06/2020","-0.133","-0.136","-0.132","-0.138","-4.66%"
"07/05/2020","-0.140","-0.140","-0.140","-0.140","1.09%"
"07/03/2020","-0.138","-0.138","-0.133","-0.140","3.76%"
"07/02/2020","-0.133","-0.132","-0.126","-0.136","-3.62%"
"07/01/2020","-0.138","-0.138","-0.136","-0.138","-3.50%"
"06/30/2020","-0.143","-0.136","-0.131","-0.143","3.62%"
"06/29/2020","-0.138","-0.139","-0.137","-0.142","-5.48%"
"06/28/2020","-0.146","-0.144","-0.144","-0.146","4.29%"
"06/26/2020","-0.140","-0.142","-0.135","-0.143","-2.78%"
"06/25/2020","-0.144","-0.149","-0.143","-0.150","-2.70%"
"06/24/2020","-0.148","-0.151","-0.148","-0.153","-3.27%"
"06/23/2020","-0.153","-0.158","-0.153","-0.159","-3.16%"
"06/22/2020","-0.158","-0.162","-0.151","-0.162","-2.47%"
"06/21/2020","-0.162","-0.164","-0.162","-0.164","1.89%"
"06/19/2020","-0.159","-0.163","-0.148","-0.165","-2.45%"
"06/18/2020","-0.163","-0.156","-0.156","-0.168","2.52%"
"06/17/2020","-0.159","-0.159","-0.158","-0.163","0.63%"
"06/16/2020","-0.158","-0.160","-0.156","-0.163","-3.07%"
"06/15/2020","-0.163","-0.158","-0.158","-0.163","6.54%"
"06/12/2020","-0.153","-0.161","-0.150","-0.164","-3.77%"
"06/11/2020","-0.159","-0.158","-0.157","-0.165","3.92%"
"06/10/2020","-0.153","-0.161","-0.151","-0.164","-6.13%"
"06/09/2020","-0.163","-0.154","-0.154","-0.163","10.14%"
"06/08/2020","-0.148","-0.144","-0.143","-0.152","-2.63%"
"06/07/2020","-0.152","-0.149","-0.149","-0.152","2.70%"
"06/05/2020","-0.148","-0.158","-0.141","-0.163","-9.20%"
"06/04/2020","-0.163","-0.158","-0.153","-0.163","0.62%"
"06/03/2020","-0.162","-0.161","-0.160","-0.167","-0.61%"
"06/02/2020","-0.163","-0.160","-0.159","-0.167","0.00%"
"06/01/2020","-0.163","-0.158","-0.158","-0.165","-1.51%"
"05/31/2020","-0.166","-0.163","-0.163","-0.166","1.53%"
"05/29/2020","-0.163","-0.160","-0.159","-0.168","-3.55%"
"05/28/2020","-0.169","-0.154","-0.152","-0.172","10.46%"
"05/27/2020","-0.153","-0.156","-0.148","-0.157","-5.56%"
"05/26/2020","-0.162","-0.169","-0.158","-0.170","-4.14%"
"05/25/2020","-0.169","-0.175","-0.168","-0.179","-6.11%"
"05/24/2020","-0.180","-0.183","-0.180","-0.183","1.12%"
"05/22/2020","-0.178","-0.173","-0.173","-0.179","3.49%"
"05/21/2020","-0.172","-0.165","-0.165","-0.175","6.17%"
"05/20/2020","-0.162","-0.160","-0.160","-0.166","2.53%"
"05/19/2020","-0.158","-0.169","-0.158","-0.170","-8.67%"
"05/18/2020","-0.173","-0.163","-0.156","-0.173","7.12%"
"05/17/2020","-0.162","-0.168","-0.162","-0.168","-0.92%"
"05/15/2020","-0.163","-0.163","-0.161","-0.166","0.00%"
"05/14/2020","-0.163","-0.168","-0.161","-0.168","0.00%"
"05/13/2020","-0.163","-0.164","-0.161","-0.168","-0.61%"
"05/12/2020","-0.164","-0.168","-0.160","-0.169","-2.38%"
"05/11/2020","-0.168","-0.167","-0.160","-0.172","3.70%"
"05/10/2020","-0.162","-0.166","-0.162","-0.167","-2.99%"
"05/08/2020","-0.167","-0.155","-0.154","-0.170","10.60%"
"05/07/2020","-0.151","-0.153","-0.146","-0.153","2.03%"
"05/06/2020","-0.148","-0.156","-0.147","-0.156","-6.33%"
"05/01/2020","-0.158","-0.170","-0.156","-0.172","-11.24%"
"04/30/2020","-0.178","-0.179","-0.178","-0.183","-1.11%"
"04/29/2020","-0.180","-0.175","-0.175","-0.180","4.05%"
"04/28/2020","-0.173","-0.175","-0.168","-0.179","2.37%"
"04/27/2020","-0.169","-0.161","-0.156","-0.172","5.63%"
"04/26/2020","-0.160","-0.163","-0.160","-0.164","-2.44%"
"04/24/2020","-0.164","-0.150","-0.148","-0.164","7.19%"
"04/23/2020","-0.153","-0.132","-0.128","-0.153","7.75%"
"04/22/2020","-0.142","-0.132","-0.131","-0.144","6.77%"
"04/21/2020","-0.133","-0.134","-0.129","-0.139","0.00%"
"04/20/2020","-0.133","-0.136","-0.127","-0.138","-1.48%"
"04/19/2020","-0.135","-0.139","-0.135","-0.140","-2.88%"
"04/17/2020","-0.139","-0.151","-0.138","-0.151","-12.58%"
"04/16/2020","-0.159","-0.156","-0.151","-0.162","4.61%"
"04/15/2020","-0.152","-0.159","-0.150","-0.163","-7.32%"
"04/14/2020","-0.164","-0.173","-0.162","-0.173","-7.34%"
"04/13/2020","-0.177","-0.180","-0.174","-0.187","-3.28%"
"04/12/2020","-0.183","-0.181","-0.181","-0.185","6.40%"
"04/10/2020","-0.172","-0.151","-0.150","-0.173","18.62%"
"04/09/2020","-0.145","-0.119","-0.118","-0.150","13.28%"
"04/08/2020","-0.128","-0.125","-0.123","-0.130","-0.78%"
"04/07/2020","-0.129","-0.121","-0.121","-0.140","2.38%"
"04/06/2020","-0.126","-0.135","-0.123","-0.136","-7.35%"
"04/05/2020","-0.136","-0.135","-0.135","-0.136","3.03%"
"04/03/2020","-0.132","-0.128","-0.120","-0.136","0.76%"
"04/02/2020","-0.131","-0.131","-0.115","-0.135","-2.24%"
"04/01/2020","-0.134","-0.147","-0.132","-0.154","-4.96%"
"03/31/2020","-0.141","-0.156","-0.121","-0.158","-14.02%"
"03/30/2020","-0.164","-0.189","-0.160","-0.189","-9.89%"
"03/29/2020","-0.182","-0.173","-0.173","-0.186","3.41%"
"03/27/2020","-0.176","-0.236","-0.170","-0.241","-26.36%"
"03/26/2020","-0.239","-0.231","-0.226","-0.244","-4.02%"
"03/25/2020","-0.249","-0.227","-0.227","-0.250","9.69%"
"03/24/2020","-0.227","-0.214","-0.214","-0.234","10.73%"
"03/23/2020","-0.205","-0.196","-0.175","-0.213","5.13%"
"03/22/2020","-0.195","-0.170","-0.170","-0.199","22.64%"
"03/19/2020","-0.159","-0.135","-0.131","-0.173","0.00%"
"03/18/2020","-0.159","-0.182","-0.157","-0.187","-15.87%"
"03/17/2020","-0.189","-0.178","-0.175","-0.197","-1.05%"
"03/16/2020","-0.191","-0.169","-0.167","-0.218","0.53%"
"03/15/2020","-0.190","-0.199","-0.164","-0.199","-1.55%"
"03/13/2020","-0.193","-0.205","-0.163","-0.205","-11.87%"
"03/12/2020","-0.219","-0.218","-0.192","-0.225","-4.37%"
"03/11/2020","-0.229","-0.241","-0.224","-0.244","-4.98%"
"03/10/2020","-0.241","-0.309","-0.226","-0.309","-22.26%"
"03/09/2020","-0.310","-0.330","-0.306","-0.337","-6.91%"
"03/08/2020","-0.333","-0.285","-0.284","-0.333","16.84%"
"03/06/2020","-0.285","-0.261","-0.261","-0.296","15.85%"
"03/05/2020","-0.246","-0.261","-0.245","-0.269","-9.89%"
"03/04/2020","-0.273","-0.273","-0.272","-0.294","12.35%"
"03/03/2020","-0.243","-0.244","-0.215","-0.245","-5.08%"
"03/02/2020","-0.256","-0.256","-0.256","-0.256","0.00%"
"03/01/2020","-0.256","-0.255","-0.255","-0.256","1.19%"
"02/28/2020","-0.253","-0.209","-0.209","-0.254","25.25%"
"02/27/2020","-0.202","-0.194","-0.194","-0.207","2.54%"
"02/26/2020","-0.197","-0.199","-0.194","-0.201","0.00%"
"02/25/2020","-0.197","-0.175","-0.172","-0.200","13.22%"
"02/24/2020","-0.174","-0.160","-0.160","-0.174","9.43%"
"02/21/2020","-0.159","-0.155","-0.154","-0.163","6.00%"
"02/20/2020","-0.150","-0.148","-0.143","-0.153","-0.66%"
"02/19/2020","-0.151","-0.149","-0.143","-0.156","2.03%"
"02/18/2020","-0.148","-0.135","-0.135","-0.151","7.25%"
"02/17/2020","-0.138","-0.138","-0.132","-0.143","1.47%"
"02/16/2020","-0.136","-0.140","-0.136","-0.140","-4.23%"
"02/14/2020","-0.142","-0.147","-0.137","-0.147","-4.70%"
"02/13/2020","-0.149","-0.148","-0.146","-0.157","0.00%"
"02/12/2020","-0.149","-0.151","-0.143","-0.156","-3.87%"
"02/11/2020","-0.155","-0.154","-0.151","-0.155","-1.27%"
"02/10/2020","-0.157","-0.152","-0.149","-0.160","5.37%"
"02/09/2020","-0.149","-0.144","-0.144","-0.151","2.05%"
"02/07/2020","-0.146","-0.133","-0.127","-0.151","12.31%"
"02/06/2020","-0.130","-0.129","-0.123","-0.133","-5.11%"
"02/05/2020","-0.137","-0.146","-0.136","-0.147","-6.80%"
"02/04/2020","-0.147","-0.157","-0.147","-0.158","-6.37%"
"02/03/2020","-0.157","-0.170","-0.156","-0.170","-6.55%"
"02/02/2020","-0.168","-0.155","-0.154","-0.169","10.53%"
"01/31/2020","-0.152","-0.145","-0.140","-0.152","7.04%"
"01/30/2020","-0.142","-0.131","-0.128","-0.148","11.81%"
"01/29/2020","-0.127","-0.121","-0.120","-0.128","-0.78%"
"01/28/2020","-0.128","-0.137","-0.128","-0.139","-7.25%"
"01/27/2020","-0.138","-0.139","-0.135","-0.140","-0.72%"
"01/26/2020","-0.139","-0.127","-0.127","-0.139","8.59%"
"01/24/2020","-0.128","-0.130","-0.123","-0.132","0.00%"
"01/23/2020","-0.128","-0.123","-0.123","-0.130","6.67%"
"01/22/2020","-0.120","-0.123","-0.118","-0.125","-6.25%"
"01/21/2020","-0.128","-0.121","-0.121","-0.129","4.07%"
"01/20/2020","-0.123","-0.131","-0.120","-0.132","-6.82%"
"01/19/2020","-0.132","-0.128","-0.128","-0.132","3.94%"
"01/17/2020","-0.127","-0.126","-0.122","-0.131","0.79%"
"01/16/2020","-0.126","-0.126","-0.124","-0.128","3.28%"
"01/15/2020","-0.122","-0.128","-0.117","-0.129","-0.81%"
"01/14/2020","-0.123","-0.134","-0.123","-0.134","-6.11%"
"01/13/2020","-0.131","-0.134","-0.131","-0.135","-1.50%"
"01/10/2020","-0.133","-0.130","-0.130","-0.140","5.56%"
"01/09/2020","-0.126","-0.113","-0.112","-0.130","1.61%"
"01/08/2020","-0.124","-0.121","-0.120","-0.132","4.20%"
"01/07/2020","-0.119","-0.137","-0.116","-0.137","-13.14%"
"01/06/2020","-0.137","-0.142","-0.136","-0.158","-0.72%"
"01/05/2020","-0.138","-0.130","-0.130","-0.138","8.66%"
"12/30/2019","-0.127","-0.121","-0.114","-0.131","8.55%"
"12/29/2019","-0.117","-0.119","-0.117","-0.121","-4.10%"
"12/27/2019","-0.122","-0.113","-0.113","-0.126","3.39%"
"12/26/2019","-0.118","-0.111","-0.101","-0.119","10.28%"
"12/25/2019","-0.107","-0.096","-0.095","-0.110","9.18%"
"12/24/2019","-0.098","-0.093","-0.088","-0.099","5.38%"
"12/23/2019","-0.093","-0.094","-0.093","-0.099","-1.06%"
"12/22/2019","-0.094","-0.095","-0.094","-0.095","-4.08%"
"12/20/2019","-0.098","-0.103","-0.096","-0.104","-10.09%"
"12/19/2019","-0.109","-0.119","-0.105","-0.119","-8.40%"
"12/18/2019","-0.119","-0.117","-0.115","-0.125","-0.83%"
"12/17/2019","-0.120","-0.127","-0.117","-0.127","-6.98%"
"12/16/2019","-0.129","-0.133","-0.126","-0.134","-2.27%"
"12/15/2019","-0.132","-0.128","-0.124","-0.133","3.94%"
"12/13/2019","-0.127","-0.109","-0.109","-0.129","-0.78%"
"12/12/2019","-0.128","-0.113","-0.112","-0.128","17.43%"
"12/11/2019","-0.109","-0.112","-0.099","-0.113","-5.22%"
"12/10/2019","-0.115","-0.117","-0.098","-0.117","-2.54%"
"12/09/2019","-0.118","-0.127","-0.118","-0.134","-7.09%"
"12/08/2019","-0.127","-0.133","-0.127","-0.133","-2.31%"
"12/06/2019","-0.130","-0.140","-0.123","-0.144","-13.33%"
"12/05/2019","-0.150","-0.151","-0.138","-0.151","-2.60%"
"12/04/2019","-0.154","-0.157","-0.149","-0.170","3.36%"
"12/03/2019","-0.149","-0.168","-0.146","-0.169","-9.15%"
"12/02/2019","-0.164","-0.170","-0.162","-0.171","-2.96%"
"12/01/2019","-0.169","-0.172","-0.169","-0.173","-2.31%"
"11/29/2019","-0.173","-0.164","-0.160","-0.178","-1.70%"
"11/28/2019","-0.176","-0.185","-0.175","-0.191","-8.33%"
"11/27/2019","-0.192","-0.186","-0.186","-0.195","3.78%"
"11/26/2019","-0.185","-0.186","-0.178","-0.187","1.09%"
"11/25/2019","-0.183","-0.182","-0.182","-0.193","0.00%"
"11/24/2019","-0.183","-0.181","-0.181","-0.183","1.10%"
"11/22/2019","-0.181","-0.181","-0.175","-0.184","-8.59%"
"11/21/2019","-0.198","-0.207","-0.196","-0.209","-4.35%"
"11/20/2019","-0.207","-0.200","-0.198","-0.210","1.97%"
"11/19/2019","-0.203","-0.204","-0.201","-0.210","0.00%"
"11/18/2019","-0.203","-0.198","-0.196","-0.203","2.53%"
"11/17/2019","-0.198","-0.193","-0.191","-0.199","2.06%"
"11/15/2019","-0.194","-0.207","-0.192","-0.207","-2.02%"
"11/14/2019","-0.198","-0.191","-0.188","-0.202","6.45%"
"11/13/2019","-0.186","-0.168","-0.168","-0.189","9.41%"
"11/12/2019","-0.170","-0.186","-0.168","-0.188","-10.53%"
"11/11/2019","-0.190","-0.173","-0.172","-0.191","7.34%"
"11/10/2019","-0.177","-0.175","-0.173","-0.178","2.31%"
"11/08/2019","-0.173","-0.176","-0.152","-0.177","-7.49%"
"11/07/2019","-0.187","-0.196","-0.168","-0.198","0.00%"
"11/06/2019","-0.187","-0.223","-0.182","-0.223","-22.73%"
"11/05/2019","-0.242","-0.266","-0.237","-0.266","-2.02%"
"11/04/2019","-0.247","-0.268","-0.247","-0.268","-7.84%"
"11/01/2019","-0.268","-0.248","-0.247","-0.273","16.02%"
"10/31/2019","-0.231","-0.214","-0.214","-0.238","9.48%"
"10/30/2019","-0.211","-0.208","-0.208","-0.216","3.43%"
"10/29/2019","-0.204","-0.199","-0.191","-0.213","-4.23%"
"10/28/2019","-0.213","-0.227","-0.212","-0.227","-4.05%"
"10/27/2019","-0.222","-0.231","-0.222","-0.232","-4.31%"
"10/25/2019","-0.232","-0.246","-0.230","-0.249","-5.69%"
"10/24/2019","-0.246","-0.243","-0.240","-0.247","0.00%"
"10/23/2019","-0.246","-0.236","-0.236","-0.247","3.36%"
"10/22/2019","-0.238","-0.237","-0.236","-0.238","-0.83%"
"10/21/2019","-0.240","-0.238","-0.236","-0.243","0.42%"
"10/20/2019","-0.239","-0.232","-0.232","-0.239","-1.24%"
"10/18/2019","-0.242","-0.245","-0.238","-0.249","-2.81%"
"10/17/2019","-0.249","-0.257","-0.244","-0.262","-6.74%"
"10/16/2019","-0.267","-0.265","-0.261","-0.272","-3.61%"
"10/15/2019","-0.277","-0.281","-0.273","-0.287","-2.12%"
"10/14/2019","-0.283","-0.290","-0.281","-0.290","-2.08%"
"10/11/2019","-0.289","-0.296","-0.287","-0.299","-6.17%"
"10/10/2019","-0.308","-0.315","-0.303","-0.316","-3.14%"
"10/09/2019","-0.318","-0.326","-0.317","-0.327","0.32%"
"10/08/2019","-0.317","-0.327","-0.315","-0.329","-4.80%"
"10/07/2019","-0.333","-0.328","-0.327","-0.337","1.22%"
"10/06/2019","-0.329","-0.330","-0.328","-0.330","0.30%"
"10/04/2019","-0.328","-0.326","-0.323","-0.336","3.14%"
"10/03/2019","-0.318","-0.314","-0.313","-0.319","5.30%"
"10/02/2019","-0.302","-0.302","-0.289","-0.306","5.96%"
"10/01/2019","-0.285","-0.318","-0.283","-0.322","-11.49%"
"09/30/2019","-0.322","-0.318","-0.314","-0.323","0.94%"
"09/29/2019","-0.319","-0.320","-0.318","-0.320","-0.31%"
"09/27/2019","-0.320","-0.325","-0.319","-0.329","-2.44%"
"09/26/2019","-0.328","-0.334","-0.323","-0.334","-2.96%"
"09/25/2019","-0.338","-0.321","-0.321","-0.347","6.29%"
"09/24/2019","-0.318","-0.310","-0.310","-0.327","-1.24%"
"09/23/2019","-0.322","-0.305","-0.305","-0.322","5.92%"
"09/20/2019","-0.304","-0.293","-0.290","-0.307","0.66%"
"09/19/2019","-0.302","-0.270","-0.268","-0.302","13.11%"
"09/18/2019","-0.267","-0.251","-0.249","-0.267","10.33%"
"09/17/2019","-0.242","-0.237","-0.235","-0.253","0.83%"
"09/16/2019","-0.240","-0.245","-0.236","-0.245","-1.23%"
"09/13/2019","-0.243","-0.262","-0.236","-0.268","-12.90%"
"09/12/2019","-0.279","-0.273","-0.262","-0.280","2.20%"
"09/11/2019","-0.273","-0.285","-0.272","-0.287","-5.21%"
"09/10/2019","-0.288","-0.303","-0.287","-0.304","-7.69%"
"09/09/2019","-0.312","-0.304","-0.302","-0.313","0.65%"
"09/08/2019","-0.310","-0.300","-0.300","-0.311","4.38%"
"09/06/2019","-0.297","-0.277","-0.273","-0.298","3.13%"
"09/05/2019","-0.288","-0.293","-0.281","-0.294","-4.00%"
"09/04/2019","-0.300","-0.293","-0.293","-0.301","3.81%"
"09/03/2019","-0.289","-0.296","-0.287","-0.299","-3.02%"
"09/02/2019","-0.298","-0.306","-0.298","-0.306","-2.61%"
"09/01/2019","-0.306","-0.305","-0.305","-0.306","0.33%"
"08/30/2019","-0.305","-0.314","-0.305","-0.315","-1.29%"
"08/29/2019","-0.309","-0.298","-0.298","-0.310","3.00%"
"08/28/2019","-0.300","-0.300","-0.299","-0.309","0.00%"
"08/27/2019","-0.300","-0.310","-0.299","-0.311","-5.96%"
"08/26/2019","-0.319","-0.298","-0.297","-0.321","3.91%"
"08/25/2019","-0.307","-0.297","-0.296","-0.309","4.42%"
"08/23/2019","-0.294","-0.303","-0.294","-0.303","-3.61%"
"08/22/2019","-0.305","-0.298","-0.298","-0.306","1.67%"
"08/21/2019","-0.300","-0.291","-0.290","-0.303","4.17%"
"08/20/2019","-0.288","-0.278","-0.277","-0.289","1.77%"
"08/19/2019","-0.283","-0.271","-0.268","-0.283","5.20%"
"08/18/2019","-0.269","-0.273","-0.269","-0.274","-3.24%"
"08/16/2019","-0.278","-0.279","-0.274","-0.289","-0.71%"
"08/15/2019","-0.280","-0.276","-0.274","-0.283","3.70%"
"08/14/2019","-0.270","-0.279","-0.269","-0.280","-4.59%"
"08/13/2019","-0.283","-0.270","-0.270","-0.287","3.28%"
"08/12/2019","-0.274","-0.268","-0.268","-0.274","2.62%"
"08/09/2019","-0.267","-0.241","-0.240","-0.269","11.72%"
"08/08/2019","-0.239","-0.231","-0.230","-0.240","1.27%"
"08/07/2019","-0.236","-0.222","-0.222","-0.239","7.76%"
"08/06/2019","-0.219","-0.214","-0.213","-0.229","1.86%"
"08/05/2019","-0.215","-0.207","-0.207","-0.218","3.37%"
"08/04/2019","-0.208","-0.205","-0.205","-0.208","1.96%"
"08/02/2019","-0.204","-0.202","-0.199","-0.209","7.94%"
"08/01/2019","-0.189","-0.203","-0.185","-0.206","-7.80%"
"07/31/2019","-0.205","-0.212","-0.205","-0.214","-4.21%"
"07/30/2019","-0.214","-0.209","-0.209","-0.214","2.39%"
"07/29/2019","-0.209","-0.213","-0.208","-0.214","-2.34%"
"07/28/2019","-0.214","-0.210","-0.210","-0.214","0.47%"
"07/26/2019","-0.213","-0.209","-0.209","-0.214","2.40%"
"07/25/2019","-0.208","-0.201","-0.199","-0.209","2.46%"
"07/24/2019","-0.203","-0.199","-0.199","-0.204","-0.49%"
"07/23/2019","-0.204","-0.201","-0.199","-0.204","2.51%"
"07/22/2019","-0.199","-0.201","-0.199","-0.204","-2.45%"
"07/21/2019","-0.204","-0.200","-0.200","-0.204","2.51%"
"07/19/2019","-0.199","-0.197","-0.197","-0.205","1.53%"
"07/18/2019","-0.196","-0.191","-0.190","-0.199","3.70%"
"07/17/2019","-0.189","-0.187","-0.186","-0.189","1.07%"
"07/16/2019","-0.187","-0.185","-0.185","-0.189","0.54%"
"07/15/2019","-0.186","-0.180","-0.180","-0.186","3.91%"
"07/12/2019","-0.179","-0.182","-0.179","-0.184","-6.28%"
"07/11/2019","-0.191","-0.187","-0.187","-0.196","3.24%"
"07/10/2019","-0.185","-0.192","-0.184","-0.192","-5.13%"
"07/09/2019","-0.195","-0.200","-0.194","-0.203","-3.94%"
"07/08/2019","-0.203","-0.201","-0.199","-0.205","-0.49%"
"07/07/2019","-0.204","-0.206","-0.204","-0.206","-4.67%"
"07/05/2019","-0.214","-0.219","-0.210","-0.223","-0.47%"
"07/04/2019","-0.215","-0.216","-0.213","-0.219","-2.27%"
"07/03/2019","-0.220","-0.222","-0.219","-0.225","2.33%"
"07/02/2019","-0.215","-0.223","-0.212","-0.224","-2.27%"
"07/01/2019","-0.220","-0.224","-0.214","-0.228","-0.90%"
"06/30/2019","-0.222","-0.221","-0.221","-0.225","1.83%"
"06/28/2019","-0.218","-0.216","-0.216","-0.225","4.31%"
"06/27/2019","-0.209","-0.207","-0.204","-0.213","-2.34%"
"06/26/2019","-0.214","-0.226","-0.213","-0.228","-5.31%"
"06/25/2019","-0.226","-0.231","-0.226","-0.232","-0.88%"
"06/24/2019","-0.228","-0.233","-0.226","-0.234","-2.56%"
"06/23/2019","-0.234","-0.235","-0.233","-0.235","-0.85%"
"06/21/2019","-0.236","-0.229","-0.225","-0.248","3.51%"
"06/20/2019","-0.228","-0.225","-0.215","-0.235","7.04%"
"06/19/2019","-0.213","-0.202","-0.202","-0.224","7.58%"
"06/18/2019","-0.198","-0.196","-0.193","-0.199","0.51%"
"06/17/2019","-0.197","-0.200","-0.194","-0.201","-0.51%"
"06/16/2019","-0.198","-0.200","-0.198","-0.201","-0.50%"
"06/14/2019","-0.199","-0.198","-0.193","-0.204","1.02%"
"06/13/2019","-0.197","-0.193","-0.190","-0.203","2.07%"
"06/12/2019","-0.193","-0.190","-0.187","-0.193","2.66%"
"06/11/2019","-0.188","-0.192","-0.185","-0.193","-3.09%"
"06/10/2019","-0.194","-0.197","-0.193","-0.205","-4.43%"
"06/09/2019","-0.203","-0.195","-0.195","-0.203","5.18%"
"06/07/2019","-0.193","-0.203","-0.193","-0.203","-5.39%"
"06/06/2019","-0.204","-0.220","-0.203","-0.224","-6.42%"
"06/05/2019","-0.218","-0.180","-0.180","-0.218","16.58%"
"06/04/2019","-0.187","-0.178","-0.178","-0.187","7.47%"
"06/03/2019","-0.174","-0.175","-0.174","-0.178","-0.57%"
"06/02/2019","-0.175","-0.174","-0.174","-0.177","1.16%"
"05/31/2019","-0.173","-0.167","-0.167","-0.173","6.13%"
"05/30/2019","-0.163","-0.167","-0.160","-0.170","-6.32%"
"05/29/2019","-0.174","-0.161","-0.161","-0.174","9.43%"
"05/28/2019","-0.159","-0.156","-0.155","-0.159","3.92%"
"05/27/2019","-0.153","-0.158","-0.153","-0.158","-3.16%"
"05/26/2019","-0.158","-0.155","-0.155","-0.158","0.64%"
"05/24/2019","-0.157","-0.152","-0.152","-0.158","2.61%"
"05/23/2019","-0.153","-0.153","-0.149","-0.154","2.00%"
"05/22/2019","-0.150","-0.152","-0.149","-0.154","-2.60%"
"05/21/2019","-0.154","-0.151","-0.151","-0.154","0.00%"
"05/20/2019","-0.154","-0.158","-0.154","-0.158","-1.28%"
"05/19/2019","-0.156","-0.158","-0.156","-0.158","-1.89%"
"05/17/2019","-0.159","-0.158","-0.157","-0.159","0.00%"
"05/16/2019","-0.159","-0.159","-0.158","-0.162","0.00%"
"05/15/2019","-0.159","-0.158","-0.157","-0.159","0.00%"
"05/14/2019","-0.159","-0.160","-0.157","-0.161","0.00%"
"05/13/2019","-0.159","-0.161","-0.158","-0.161","-0.63%"
"05/12/2019","-0.160","-0.156","-0.156","-0.160","1.27%"
"05/10/2019","-0.158","-0.156","-0.154","-0.159","2.60%"
"05/09/2019","-0.154","-0.155","-0.154","-0.156","0.00%"
"05/08/2019","-0.154","-0.160","-0.154","-0.160","-0.65%"
"05/07/2019","-0.155","-0.157","-0.154","-0.164","-0.64%"
"05/06/2019","-0.156","-0.151","-0.150","-0.157","4.70%"
"04/26/2019","-0.149","-0.147","-0.147","-0.154","0.00%"
"04/25/2019","-0.149","-0.153","-0.144","-0.155","0.00%"
"04/24/2019","-0.149","-0.147","-0.147","-0.149","0.00%"
"04/23/2019","-0.149","-0.144","-0.144","-0.149","0.68%"
"04/22/2019","-0.148","-0.151","-0.148","-0.153","-1.99%"
"04/21/2019","-0.151","-0.150","-0.150","-0.153","0.00%"
"04/19/2019","-0.151","-0.158","-0.150","-0.161","-2.58%"
"04/18/2019","-0.155","-0.147","-0.147","-0.155","7.64%"
"04/17/2019","-0.144","-0.150","-0.144","-0.154","-5.88%"
"04/16/2019","-0.153","-0.156","-0.153","-0.161","-3.77%"
"04/15/2019","-0.159","-0.158","-0.156","-0.164","-1.24%"
"04/14/2019","-0.161","-0.165","-0.159","-0.165","-1.83%"
"04/12/2019","-0.164","-0.162","-0.162","-0.168","0.00%"
"04/11/2019","-0.164","-0.169","-0.164","-0.170","-0.61%"
"04/10/2019","-0.165","-0.164","-0.163","-0.168","3.77%"
"04/09/2019","-0.159","-0.154","-0.153","-0.163","0.00%"
"04/08/2019","-0.159","-0.159","-0.158","-0.160","0.00%"
"04/07/2019","-0.159","-0.151","-0.151","-0.159","3.25%"
"04/05/2019","-0.154","-0.159","-0.152","-0.159","0.65%"
"04/04/2019","-0.153","-0.154","-0.148","-0.158","-0.65%"
"04/03/2019","-0.154","-0.159","-0.149","-0.160","0.65%"
"04/02/2019","-0.153","-0.164","-0.152","-0.166","-11.05%"
"04/01/2019","-0.172","-0.177","-0.169","-0.177","-0.58%"
"03/31/2019","-0.173","-0.178","-0.173","-0.178","-2.81%"
"03/29/2019","-0.178","-0.171","-0.169","-0.179","1.14%"
"03/28/2019","-0.176","-0.169","-0.168","-0.177","5.39%"
"03/27/2019","-0.167","-0.163","-0.162","-0.168","2.45%"
"03/26/2019","-0.163","-0.180","-0.163","-0.180","-9.94%"
"03/25/2019","-0.181","-0.183","-0.178","-0.183","-1.09%"
"03/24/2019","-0.183","-0.177","-0.177","-0.183","6.40%"
"03/22/2019","-0.172","-0.165","-0.165","-0.172","2.99%"
"03/21/2019","-0.167","-0.165","-0.164","-0.167","3.09%"
"03/20/2019","-0.162","-0.163","-0.161","-0.163","1.89%"
"03/19/2019","-0.159","-0.158","-0.155","-0.163","1.27%"
"03/18/2019","-0.157","-0.161","-0.157","-0.164","-4.27%"
"03/17/2019","-0.164","-0.160","-0.160","-0.164","3.80%"
"03/15/2019","-0.158","-0.160","-0.156","-0.169","0.64%"
"03/14/2019","-0.157","-0.153","-0.152","-0.158","1.95%"
"03/13/2019","-0.154","-0.155","-0.152","-0.158","3.36%"
"03/12/2019","-0.149","-0.144","-0.142","-0.152","4.20%"
"03/11/2019","-0.143","-0.144","-0.140","-0.145","2.14%"
"03/10/2019","-0.140","-0.144","-0.140","-0.144","-2.78%"
"03/08/2019","-0.144","-0.149","-0.141","-0.151","-1.37%"
"03/07/2019","-0.146","-0.143","-0.141","-0.146","2.82%"
"03/06/2019","-0.142","-0.136","-0.136","-0.143","2.16%"
"03/05/2019","-0.139","-0.145","-0.139","-0.147","-1.42%"
"03/04/2019","-0.141","-0.141","-0.140","-0.142","0.71%"
"03/03/2019","-0.140","-0.141","-0.140","-0.142","-2.78%"
"03/01/2019","-0.144","-0.143","-0.142","-0.145","-5.26%"
"02/28/2019","-0.152","-0.154","-0.148","-0.155","-4.40%"
"02/27/2019","-0.159","-0.167","-0.159","-0.169","-3.05%"
"02/26/2019","-0.164","-0.168","-0.163","-0.169","-3.53%"
"02/25/2019","-0.170","-0.175","-0.168","-0.176","-1.16%"
"02/24/2019","-0.172","-0.175","-0.172","-0.176","-1.71%"
"02/22/2019","-0.175","-0.175","-0.173","-0.183","-2.78%"
"02/21/2019","-0.180","-0.176","-0.175","-0.184","1.12%"
"02/20/2019","-0.178","-0.182","-0.177","-0.183","0.56%"
"02/19/2019","-0.177","-0.171","-0.169","-0.178","2.31%"
"02/18/2019","-0.173","-0.169","-0.169","-0.173","0.58%"
"02/17/2019","-0.172","-0.170","-0.170","-0.172","2.38%"
"02/15/2019","-0.168","-0.170","-0.168","-0.173","2.44%"
"02/14/2019","-0.164","-0.163","-0.163","-0.169","0.00%"
"02/13/2019","-0.164","-0.158","-0.154","-0.164","3.14%"
"02/12/2019","-0.159","-0.165","-0.159","-0.165","-2.45%"
"02/11/2019","-0.163","-0.164","-0.163","-0.164","-0.61%"
"02/08/2019","-0.164","-0.159","-0.159","-0.168","7.19%"
"02/07/2019","-0.153","-0.158","-0.153","-0.158","-3.16%"
"02/06/2019","-0.158","-0.163","-0.158","-0.164","-3.66%"
"02/05/2019","-0.164","-0.165","-0.163","-0.166","-2.96%"
"02/04/2019","-0.169","-0.171","-0.166","-0.173","1.81%"
"02/03/2019","-0.166","-0.172","-0.166","-0.172","-4.05%"
"02/01/2019","-0.173","-0.170","-0.163","-0.173","3.59%"
"01/31/2019","-0.167","-0.160","-0.159","-0.168","5.03%"
"01/30/2019","-0.159","-0.155","-0.153","-0.159","2.58%"
"01/29/2019","-0.155","-0.161","-0.154","-0.162","-5.49%"
"01/28/2019","-0.164","-0.164","-0.159","-0.169","-0.61%"
"01/27/2019","-0.165","-0.165","-0.165","-0.165","-2.37%"
"01/25/2019","-0.169","-0.161","-0.161","-0.169","6.29%"
"01/24/2019","-0.159","-0.163","-0.159","-0.164","-3.05%"
"01/23/2019","-0.164","-0.166","-0.164","-0.169","-0.61%"
"01/22/2019","-0.165","-0.169","-0.163","-0.171","-1.79%"
"01/21/2019","-0.168","-0.161","-0.161","-0.169","1.82%"
"01/20/2019","-0.165","-0.162","-0.162","-0.165","-2.37%"
"01/18/2019","-0.169","-0.161","-0.157","-0.172","0.00%"
"01/17/2019","-0.169","-0.159","-0.159","-0.169","6.29%"
"01/16/2019","-0.159","-0.146","-0.146","-0.160","6.71%"
"01/15/2019","-0.149","-0.153","-0.143","-0.156","-1.97%"
"01/14/2019","-0.152","-0.153","-0.152","-0.153","2.01%"
"01/11/2019","-0.149","-0.143","-0.137","-0.149","0.68%"
"01/10/2019","-0.148","-0.142","-0.139","-0.152","2.78%"
"01/09/2019","-0.144","-0.138","-0.132","-0.144","-0.69%"
"01/08/2019","-0.145","-0.156","-0.142","-0.157","-11.59%"
"01/07/2019","-0.164","-0.153","-0.153","-0.168","4.46%"
"01/06/2019","-0.157","-0.152","-0.152","-0.158","-12.29%"
"01/04/2019","-0.179","-0.148","-0.145","-0.179","14.74%"
"01/03/2019","-0.156","-0.147","-0.147","-0.156","13.04%"
"12/28/2018","-0.138","-0.125","-0.122","-0.139","15.00%"
"12/27/2018","-0.120","-0.114","-0.111","-0.122","-6.98%"
"12/26/2018","-0.129","-0.140","-0.125","-0.140","-10.42%"
"12/25/2018","-0.144","-0.140","-0.139","-0.148","0.70%"
"12/24/2018","-0.143","-0.139","-0.139","-0.147","0.70%"
"12/21/2018","-0.142","-0.138","-0.136","-0.143","-1.39%"
"12/20/2018","-0.144","-0.151","-0.141","-0.154","-3.36%"
"12/19/2018","-0.149","-0.156","-0.139","-0.159","-3.87%"
"12/18/2018","-0.155","-0.148","-0.148","-0.156","3.33%"
"12/17/2018","-0.150","-0.153","-0.148","-0.153","0.00%"
"12/16/2018","-0.150","-0.154","-0.150","-0.154","0.00%"
"12/14/2018","-0.150","-0.148","-0.146","-0.154","4.17%"
"12/13/2018","-0.144","-0.138","-0.138","-0.146","4.35%"
"12/12/2018","-0.138","-0.136","-0.135","-0.139","-0.72%"
"12/11/2018","-0.139","-0.145","-0.139","-0.145","-3.47%"
"12/10/2018","-0.144","-0.142","-0.137","-0.144","3.60%"
"12/09/2018","-0.139","-0.144","-0.139","-0.144","-2.80%"
"12/07/2018","-0.143","-0.145","-0.138","-0.148","-4.03%"
"12/06/2018","-0.149","-0.135","-0.135","-0.150","11.19%"
"12/05/2018","-0.134","-0.129","-0.128","-0.143","3.88%"
"12/04/2018","-0.129","-0.131","-0.129","-0.135","-1.53%"
"12/03/2018","-0.131","-0.129","-0.125","-0.131","1.55%"
"12/02/2018","-0.129","-0.130","-0.128","-0.130","0.00%"
"11/30/2018","-0.129","-0.137","-0.129","-0.137","-9.79%"
"11/29/2018","-0.143","-0.130","-0.130","-0.143","7.52%"
"11/28/2018","-0.133","-0.138","-0.130","-0.140","-4.32%"
"11/27/2018","-0.139","-0.138","-0.138","-0.141","-2.80%"
"11/26/2018","-0.143","-0.140","-0.138","-0.143","2.88%"
"11/25/2018","-0.139","-0.140","-0.138","-0.140","-0.71%"
"11/22/2018","-0.140","-0.140","-0.138","-0.143","-0.71%"
"11/21/2018","-0.141","-0.140","-0.139","-0.143","1.44%"
"11/20/2018","-0.139","-0.146","-0.139","-0.147","-4.14%"
"11/19/2018","-0.145","-0.140","-0.140","-0.145","2.84%"
"11/18/2018","-0.141","-0.141","-0.141","-0.141","2.17%"
"11/16/2018","-0.138","-0.139","-0.134","-0.139","2.99%"
"11/15/2018","-0.134","-0.140","-0.133","-0.140","-3.60%"
"11/14/2018","-0.139","-0.136","-0.136","-0.146","2.21%"
"11/13/2018","-0.136","-0.135","-0.133","-0.139","0.74%"
"11/12/2018","-0.135","-0.135","-0.134","-0.136","0.00%"
"11/11/2018","-0.135","-0.134","-0.134","-0.135","1.50%"
"11/09/2018","-0.133","-0.132","-0.130","-0.134","0.00%"
"11/08/2018","-0.133","-0.126","-0.123","-0.133","5.56%"
"11/07/2018","-0.126","-0.127","-0.124","-0.129","-1.56%"
"11/06/2018","-0.128","-0.129","-0.124","-0.130","0.00%"
"11/05/2018","-0.128","-0.126","-0.122","-0.129","3.23%"
"11/04/2018","-0.124","-0.124","-0.124","-0.124","-3.88%"
"11/02/2018","-0.129","-0.126","-0.123","-0.132","4.88%"
"11/01/2018","-0.123","-0.113","-0.112","-0.123","0.00%"
"10/31/2018","-0.123","-0.123","-0.120","-0.123","0.00%"
"10/30/2018","-0.123","-0.120","-0.118","-0.123","3.36%"
"10/29/2018","-0.119","-0.119","-0.114","-0.121","-1.65%"
"10/28/2018","-0.121","-0.120","-0.120","-0.121","1.68%"
"10/26/2018","-0.119","-0.113","-0.112","-0.120","0.00%"
"10/25/2018","-0.119","-0.119","-0.114","-0.120","3.48%"
"10/24/2018","-0.115","-0.114","-0.113","-0.116","0.88%"
"10/23/2018","-0.114","-0.114","-0.112","-0.116","0.00%"
"10/22/2018","-0.114","-0.113","-0.112","-0.116","0.00%"
"10/21/2018","-0.114","-0.114","-0.114","-0.114","-1.72%"
"10/19/2018","-0.116","-0.114","-0.114","-0.119","1.75%"
"10/18/2018","-0.114","-0.113","-0.113","-0.116","0.00%"
"10/17/2018","-0.114","-0.110","-0.110","-0.116","0.88%"
"10/16/2018","-0.113","-0.114","-0.112","-0.115","-0.88%"
"10/15/2018","-0.114","-0.112","-0.111","-0.116","0.00%"
"10/14/2018","-0.114","-0.113","-0.111","-0.114","0.88%"
"10/12/2018","-0.113","-0.115","-0.110","-0.118","-4.24%"
"10/11/2018","-0.118","-0.115","-0.115","-0.119","1.72%"
"10/10/2018","-0.116","-0.113","-0.112","-0.118","1.75%"
"10/09/2018","-0.114","-0.118","-0.114","-0.119","-4.20%"
"10/08/2018","-0.119","-0.117","-0.117","-0.119","1.71%"
"10/05/2018","-0.117","-0.108","-0.108","-0.118","8.33%"
"10/04/2018","-0.108","-0.112","-0.104","-0.113","-4.42%"
"10/03/2018","-0.113","-0.114","-0.109","-0.114","1.80%"
"10/02/2018","-0.111","-0.114","-0.110","-0.115","0.00%"
"10/01/2018","-0.111","-0.107","-0.107","-0.111","3.74%"
"09/30/2018","-0.107","-0.109","-0.107","-0.109","-4.46%"
"09/28/2018","-0.112","-0.111","-0.108","-0.113","0.00%"
"09/27/2018","-0.112","-0.109","-0.109","-0.112","2.75%"
"09/26/2018","-0.109","-0.104","-0.102","-0.109","5.83%"
"09/25/2018","-0.103","-0.103","-0.102","-0.103","0.00%"
"09/24/2018","-0.103","-0.104","-0.102","-0.104","0.98%"
"09/21/2018","-0.102","-0.103","-0.101","-0.108","-0.97%"
"09/20/2018","-0.103","-0.103","-0.102","-0.104","-0.96%"
"09/19/2018","-0.104","-0.105","-0.103","-0.106","-2.80%"
"09/18/2018","-0.107","-0.103","-0.103","-0.109","-0.93%"
"09/17/2018","-0.108","-0.106","-0.103","-0.108","0.00%"
"09/14/2018","-0.108","-0.108","-0.107","-0.108","0.00%"
"09/13/2018","-0.108","-0.109","-0.107","-0.110","0.00%"
"09/12/2018","-0.108","-0.108","-0.107","-0.110","0.00%"
"09/11/2018","-0.108","-0.108","-0.107","-0.109","0.00%"
"09/10/2018","-0.108","-0.105","-0.105","-0.109","0.93%"
"09/09/2018","-0.107","-0.108","-0.105","-0.108","-0.93%"
"09/07/2018","-0.108","-0.113","-0.108","-0.115","-5.26%"
"09/06/2018","-0.114","-0.114","-0.110","-0.115","0.88%"
"09/05/2018","-0.113","-0.113","-0.109","-0.114","0.89%"
"09/04/2018","-0.112","-0.108","-0.107","-0.113","4.67%"
"09/03/2018","-0.107","-0.113","-0.103","-0.114","-0.93%"
"09/02/2018","-0.108","-0.109","-0.108","-0.114","-4.42%"
"08/31/2018","-0.113","-0.113","-0.109","-0.114","4.63%"
"08/30/2018","-0.108","-0.112","-0.106","-0.112","-4.42%"
"08/29/2018","-0.113","-0.112","-0.111","-0.113","0.89%"
"08/28/2018","-0.112","-0.114","-0.112","-0.115","-0.88%"
"08/27/2018","-0.113","-0.114","-0.112","-0.115","-0.88%"
"08/26/2018","-0.114","-0.113","-0.113","-0.114","0.88%"
"08/24/2018","-0.113","-0.118","-0.113","-0.119","-4.24%"
"08/23/2018","-0.118","-0.122","-0.109","-0.125","0.00%"
"08/22/2018","-0.118","-0.122","-0.118","-0.125","-3.28%"
"08/21/2018","-0.122","-0.125","-0.122","-0.125","-3.17%"
"08/20/2018","-0.126","-0.131","-0.124","-0.131","-0.79%"
"08/19/2018","-0.127","-0.130","-0.126","-0.131","0.00%"
"08/17/2018","-0.127","-0.118","-0.118","-0.128","10.43%"
"08/16/2018","-0.115","-0.116","-0.112","-0.117","0.88%"
"08/15/2018","-0.114","-0.114","-0.112","-0.115","1.79%"
"08/14/2018","-0.112","-0.113","-0.108","-0.113","-2.61%"
"08/13/2018","-0.115","-0.115","-0.113","-0.116","0.88%"
"08/12/2018","-0.114","-0.120","-0.114","-0.120","1.79%"
"08/10/2018","-0.112","-0.109","-0.108","-0.114","4.67%"
"08/09/2018","-0.107","-0.106","-0.102","-0.108","3.88%"
"08/08/2018","-0.103","-0.105","-0.103","-0.108","-3.74%"
"08/07/2018","-0.107","-0.108","-0.103","-0.109","-2.73%"
"08/06/2018","-0.110","-0.109","-0.108","-0.113","-2.65%"
"08/05/2018","-0.113","-0.110","-0.109","-0.113","5.61%"
"08/03/2018","-0.107","-0.099","-0.098","-0.108","9.18%"
"08/02/2018","-0.098","-0.089","-0.082","-0.099","15.29%"
"08/01/2018","-0.085","-0.101","-0.084","-0.104","-23.42%"
"07/31/2018","-0.111","-0.113","-0.108","-0.119","-0.89%"
"07/30/2018","-0.112","-0.115","-0.108","-0.115","1.82%"
"07/29/2018","-0.110","-0.114","-0.110","-0.115","1.85%"
"07/27/2018","-0.108","-0.111","-0.103","-0.112","-8.47%"
"07/26/2018","-0.118","-0.122","-0.111","-0.122","-4.84%"
"07/25/2018","-0.124","-0.121","-0.121","-0.129","10.71%"
"07/24/2018","-0.112","-0.103","-0.102","-0.114","7.69%"
"07/23/2018","-0.104","-0.111","-0.103","-0.116","-9.57%"
"07/22/2018","-0.115","-0.121","-0.109","-0.121","-7.26%"
"07/20/2018","-0.124","-0.129","-0.124","-0.129","-1.59%"
"07/19/2018","-0.126","-0.125","-0.121","-0.128","1.61%"
"07/18/2018","-0.124","-0.130","-0.124","-0.130","-3.13%"
"07/17/2018","-0.128","-0.130","-0.128","-0.131","0.00%"
"07/16/2018","-0.128","-0.130","-0.128","-0.131","0.00%"
"07/13/2018","-0.128","-0.130","-0.127","-0.130","0.00%"
"07/12/2018","-0.128","-0.130","-0.125","-0.130","3.23%"
"07/11/2018","-0.124","-0.123","-0.123","-0.127","0.00%"
"07/10/2018","-0.124","-0.126","-0.123","-0.127","0.00%"
"07/09/2018","-0.124","-0.130","-0.123","-0.130","-2.36%"
"07/08/2018","-0.127","-0.130","-0.127","-0.130","2.42%"
"07/06/2018","-0.124","-0.131","-0.124","-0.131","-3.13%"
"07/05/2018","-0.128","-0.124","-0.124","-0.128","0.79%"
"07/04/2018","-0.127","-0.125","-0.124","-0.129","0.79%"
"07/03/2018","-0.126","-0.127","-0.123","-0.128","-0.79%"
"07/02/2018","-0.127","-0.122","-0.122","-0.128","4.10%"
"07/01/2018","-0.122","-0.123","-0.122","-0.123","0.00%"
"06/29/2018","-0.122","-0.120","-0.120","-0.123","-1.61%"
"06/28/2018","-0.124","-0.130","-0.124","-0.130","-3.88%"
"06/27/2018","-0.129","-0.132","-0.129","-0.134","-3.01%"
"06/26/2018","-0.133","-0.132","-0.131","-0.133","0.00%"
"06/25/2018","-0.133","-0.133","-0.132","-0.136","-0.75%"
"06/24/2018","-0.134","-0.133","-0.133","-0.136","0.75%"
"06/22/2018","-0.133","-0.134","-0.132","-0.134","-0.75%"
"06/21/2018","-0.134","-0.136","-0.129","-0.136","-1.47%"
"06/20/2018","-0.136","-0.136","-0.133","-0.136","0.00%"
"06/19/2018","-0.136","-0.134","-0.133","-0.136","1.49%"
"06/18/2018","-0.134","-0.135","-0.133","-0.135","0.75%"
"06/17/2018","-0.133","-0.135","-0.133","-0.135","0.00%"
"06/15/2018","-0.133","-0.134","-0.133","-0.135","0.00%"
"06/14/2018","-0.133","-0.128","-0.128","-0.133","3.10%"
"06/13/2018","-0.129","-0.129","-0.128","-0.131","0.78%"
"06/12/2018","-0.128","-0.128","-0.125","-0.129","0.00%"
"06/11/2018","-0.128","-0.124","-0.124","-0.128","3.23%"
"06/10/2018","-0.124","-0.125","-0.124","-0.125","0.00%"
"06/08/2018","-0.124","-0.126","-0.124","-0.128","-3.13%"
"06/07/2018","-0.128","-0.126","-0.124","-0.128","0.00%"
"06/06/2018","-0.128","-0.129","-0.128","-0.130","0.00%"
"06/05/2018","-0.128","-0.132","-0.128","-0.134","-4.48%"
"06/04/2018","-0.134","-0.139","-0.133","-0.140","-0.74%"
"06/03/2018","-0.135","-0.136","-0.135","-0.140","-2.88%"
"06/01/2018","-0.139","-0.144","-0.137","-0.144","-2.11%"
"05/31/2018","-0.142","-0.143","-0.138","-0.144","-2.07%"
"05/30/2018","-0.145","-0.147","-0.144","-0.148","2.84%"
"05/29/2018","-0.141","-0.139","-0.138","-0.143","2.17%"
"05/28/2018","-0.138","-0.140","-0.137","-0.140","0.00%"
"05/27/2018","-0.138","-0.129","-0.129","-0.140","-0.72%"
"05/25/2018","-0.139","-0.138","-0.135","-0.140","0.72%"
"05/24/2018","-0.138","-0.139","-0.138","-0.140","-1.43%"
"05/23/2018","-0.140","-0.140","-0.138","-0.140","5.26%"
"05/22/2018","-0.133","-0.135","-0.133","-0.136","-1.48%"
"05/21/2018","-0.135","-0.133","-0.129","-0.135","1.50%"
"05/20/2018","-0.133","-0.125","-0.125","-0.135","3.91%"
"05/18/2018","-0.128","-0.131","-0.128","-0.134","-3.76%"
"05/17/2018","-0.133","-0.136","-0.128","-0.136","3.91%"
"05/16/2018","-0.128","-0.133","-0.128","-0.134","0.00%"
"05/15/2018","-0.128","-0.135","-0.128","-0.135","-3.03%"
"05/14/2018","-0.132","-0.135","-0.130","-0.135","-1.49%"
"05/13/2018","-0.134","-0.135","-0.133","-0.135","0.75%"
"05/11/2018","-0.133","-0.134","-0.132","-0.138","0.76%"
"05/10/2018","-0.132","-0.128","-0.123","-0.132","3.94%"
"05/09/2018","-0.127","-0.131","-0.127","-0.131","-1.55%"
"05/08/2018","-0.129","-0.134","-0.128","-0.134","-3.01%"
"05/07/2018","-0.133","-0.136","-0.133","-0.136","-0.75%"
"05/06/2018","-0.134","-0.135","-0.134","-0.136","0.75%"
"05/02/2018","-0.133","-0.139","-0.128","-0.140","-3.62%"
"05/01/2018","-0.138","-0.135","-0.134","-0.139","1.47%"
"04/30/2018","-0.136","-0.135","-0.133","-0.136","3.03%"
"04/27/2018","-0.132","-0.129","-0.129","-0.133","3.12%"
"04/26/2018","-0.128","-0.131","-0.119","-0.131","-3.03%"
"04/25/2018","-0.132","-0.134","-0.130","-0.134","-2.22%"
"04/24/2018","-0.135","-0.125","-0.124","-0.139","5.47%"
"04/23/2018","-0.128","-0.128","-0.123","-0.129","2.40%"
"04/22/2018","-0.125","-0.128","-0.125","-0.129","-3.85%"
"04/20/2018","-0.130","-0.136","-0.129","-0.136","-6.47%"
"04/19/2018","-0.139","-0.150","-0.139","-0.150","-6.71%"
"04/18/2018","-0.149","-0.150","-0.147","-0.150","0.68%"
"04/17/2018","-0.148","-0.150","-0.148","-0.150","-0.67%"
"04/16/2018","-0.149","-0.154","-0.149","-0.154","-3.25%"
"04/15/2018","-0.154","-0.153","-0.153","-0.155","0.65%"
"04/13/2018","-0.153","-0.152","-0.151","-0.153","0.66%"
"04/12/2018","-0.152","-0.153","-0.148","-0.154","0.00%"
"04/11/2018","-0.152","-0.152","-0.148","-0.154","0.66%"
"04/10/2018","-0.151","-0.145","-0.143","-0.151","5.59%"
"04/09/2018","-0.143","-0.145","-0.143","-0.145","-0.69%"
"04/08/2018","-0.144","-0.145","-0.143","-0.145","1.41%"
"04/06/2018","-0.142","-0.131","-0.131","-0.142","7.58%"
"04/05/2018","-0.132","-0.131","-0.130","-0.133","-0.75%"
"04/04/2018","-0.133","-0.135","-0.133","-0.139","-3.62%"
"04/03/2018","-0.138","-0.135","-0.133","-0.138","3.76%"
"04/02/2018","-0.133","-0.134","-0.128","-0.134","0.00%"
"04/01/2018","-0.133","-0.135","-0.133","-0.135","0.76%"
"03/30/2018","-0.132","-0.135","-0.130","-0.136","-5.04%"
"03/29/2018","-0.139","-0.149","-0.138","-0.149","-6.08%"
"03/28/2018","-0.148","-0.150","-0.144","-0.151","-0.67%"
"03/27/2018","-0.149","-0.154","-0.149","-0.154","-3.25%"
"03/26/2018","-0.154","-0.154","-0.153","-0.155","0.00%"
"03/25/2018","-0.154","-0.155","-0.153","-0.155","-0.65%"
"03/23/2018","-0.155","-0.158","-0.154","-0.158","0.65%"
"03/22/2018","-0.154","-0.156","-0.154","-0.157","0.00%"
"03/21/2018","-0.154","-0.155","-0.154","-0.156","0.65%"
"03/20/2018","-0.153","-0.149","-0.148","-0.153","3.38%"
"03/19/2018","-0.148","-0.145","-0.143","-0.148","2.78%"
"03/18/2018","-0.144","-0.145","-0.143","-0.147","0.70%"
"03/16/2018","-0.143","-0.139","-0.138","-0.143","2.14%"
"03/15/2018","-0.140","-0.143","-0.137","-0.145","0.72%"
"03/14/2018","-0.139","-0.146","-0.139","-0.149","-4.14%"
"03/13/2018","-0.145","-0.150","-0.143","-0.151","-3.33%"
"03/12/2018","-0.150","-0.155","-0.149","-0.155","-3.23%"
"03/11/2018","-0.155","-0.154","-0.154","-0.155","0.65%"
"03/09/2018","-0.154","-0.155","-0.149","-0.155","0.00%"
"03/08/2018","-0.154","-0.158","-0.153","-0.159","-2.53%"
"03/07/2018","-0.158","-0.166","-0.153","-0.166","-3.66%"
"03/06/2018","-0.164","-0.165","-0.163","-0.167","-1.80%"
"03/05/2018","-0.167","-0.154","-0.154","-0.167","5.03%"
"03/04/2018","-0.159","-0.155","-0.154","-0.159","7.43%"
"03/02/2018","-0.148","-0.161","-0.147","-0.163","-6.33%"
"03/01/2018","-0.158","-0.156","-0.154","-0.159","0.64%"
"02/28/2018","-0.157","-0.155","-0.153","-0.159","-3.09%"
"02/27/2018","-0.162","-0.152","-0.150","-0.162","7.28%"
"02/26/2018","-0.151","-0.154","-0.151","-0.155","-1.31%"
"02/25/2018","-0.153","-0.152","-0.152","-0.155","0.00%"
"02/23/2018","-0.153","-0.153","-0.151","-0.157","2.00%"
"02/22/2018","-0.150","-0.150","-0.149","-0.152","0.67%"
"02/21/2018","-0.149","-0.150","-0.149","-0.151","-0.67%"
"02/20/2018","-0.150","-0.150","-0.149","-0.151","-3.23%"
"02/19/2018","-0.155","-0.156","-0.150","-0.156","0.65%"
"02/18/2018","-0.154","-0.157","-0.154","-0.157","0.00%"
"02/16/2018","-0.154","-0.155","-0.154","-0.156","1.99%"
"02/15/2018","-0.151","-0.150","-0.144","-0.153","0.67%"
"02/14/2018","-0.150","-0.150","-0.148","-0.150","0.67%"
"02/13/2018","-0.149","-0.146","-0.146","-0.151","0.00%"
"02/12/2018","-0.149","-0.150","-0.146","-0.151","0.68%"
"02/09/2018","-0.148","-0.144","-0.144","-0.148","3.50%"
"02/08/2018","-0.143","-0.142","-0.139","-0.144","1.42%"
"02/07/2018","-0.141","-0.136","-0.136","-0.141","1.44%"
"02/06/2018","-0.139","-0.138","-0.138","-0.144","5.30%"
"02/05/2018","-0.132","-0.127","-0.127","-0.132","3.94%"
"02/04/2018","-0.127","-0.128","-0.127","-0.129","0.00%"
"02/02/2018","-0.127","-0.116","-0.116","-0.128","4.10%"
"02/01/2018","-0.122","-0.134","-0.122","-0.134","-8.96%"
"01/31/2018","-0.134","-0.129","-0.128","-0.134","5.51%"
"01/30/2018","-0.127","-0.125","-0.124","-0.127","3.25%"
"01/29/2018","-0.123","-0.129","-0.123","-0.129","-1.60%"
"01/28/2018","-0.125","-0.129","-0.124","-0.129","-3.10%"
"01/26/2018","-0.129","-0.130","-0.128","-0.130","0.00%"
"01/25/2018","-0.129","-0.130","-0.128","-0.133","-3.73%"
"01/24/2018","-0.134","-0.139","-0.134","-0.140","-2.90%"
"01/23/2018","-0.138","-0.134","-0.133","-0.138","2.99%"
"01/22/2018","-0.134","-0.135","-0.133","-0.136","0.75%"
"01/21/2018","-0.133","-0.135","-0.133","-0.135","0.76%"
"01/19/2018","-0.132","-0.130","-0.128","-0.132","2.33%"
"01/18/2018","-0.129","-0.124","-0.124","-0.130","0.00%"
"01/17/2018","-0.129","-0.135","-0.128","-0.135","-3.73%"
"01/16/2018","-0.134","-0.131","-0.129","-0.135","0.75%"
"01/15/2018","-0.133","-0.135","-0.132","-0.135","-0.75%"
"01/14/2018","-0.134","-0.135","-0.134","-0.135","2.29%"
"01/12/2018","-0.131","-0.129","-0.126","-0.133","2.34%"
"01/11/2018","-0.128","-0.128","-0.122","-0.131","3.23%"
"01/10/2018","-0.124","-0.128","-0.124","-0.128","-7.46%"
"01/09/2018","-0.134","-0.135","-0.133","-0.137","-1.47%"
"01/08/2018","-0.136","-0.135","-0.135","-0.137","0.74%"
"01/05/2018","-0.135","-0.136","-0.134","-0.138","0.00%"
"01/04/2018","-0.135","-0.134","-0.133","-0.137","0.75%"
"01/03/2018","-0.134","-0.135","-0.134","-0.135","-2.19%"
"12/29/2017","-0.137","-0.132","-0.126","-0.137","3.01%"
"12/28/2017","-0.133","-0.139","-0.130","-0.143","-2.92%"
"12/27/2017","-0.137","-0.139","-0.137","-0.141","-5.52%"
"12/26/2017","-0.145","-0.143","-0.134","-0.146","0.69%"
"12/25/2017","-0.144","-0.146","-0.143","-0.149","-1.37%"
"12/24/2017","-0.146","-0.145","-0.145","-0.147","1.39%"
"12/22/2017","-0.144","-0.144","-0.144","-0.147","1.41%"
"12/21/2017","-0.142","-0.142","-0.137","-0.146","-0.70%"
"12/20/2017","-0.143","-0.144","-0.142","-0.146","-2.72%"
"12/19/2017","-0.147","-0.146","-0.146","-0.149","-0.68%"
"12/18/2017","-0.148","-0.150","-0.147","-0.151","0.00%"
"12/17/2017","-0.148","-0.150","-0.148","-0.151","-1.99%"
"12/16/2017","-0.151","-0.151","-0.151","-0.151","2.72%"
"12/15/2017","-0.147","-0.153","-0.142","-0.154","-2.65%"
"12/14/2017","-0.151","-0.153","-0.149","-0.154","0.67%"
"12/13/2017","-0.150","-0.148","-0.147","-0.151","0.67%"
"12/12/2017","-0.149","-0.145","-0.142","-0.150","2.05%"
"12/11/2017","-0.146","-0.148","-0.144","-0.148","0.69%"
"12/10/2017","-0.145","-0.149","-0.145","-0.149","-0.68%"
"12/08/2017","-0.146","-0.139","-0.138","-0.150","5.04%"
"12/07/2017","-0.139","-0.137","-0.136","-0.139","2.21%"
"12/06/2017","-0.136","-0.134","-0.132","-0.136","3.82%"
"12/05/2017","-0.131","-0.143","-0.126","-0.143","-8.39%"
"12/04/2017","-0.143","-0.153","-0.143","-0.153","-4.03%"
"12/03/2017","-0.149","-0.152","-0.149","-0.154","-1.97%"
"12/01/2017","-0.152","-0.153","-0.149","-0.153","-3.18%"
"11/30/2017","-0.157","-0.166","-0.154","-0.166","-7.10%"
"11/29/2017","-0.169","-0.170","-0.168","-0.172","-0.59%"
"11/28/2017","-0.170","-0.173","-0.169","-0.179","-1.73%"
"11/27/2017","-0.173","-0.183","-0.173","-0.183","-3.89%"
"11/26/2017","-0.180","-0.186","-0.180","-0.186","-2.17%"
"11/24/2017","-0.184","-0.194","-0.182","-0.194","-3.66%"
"11/23/2017","-0.191","-0.152","-0.152","-0.195","-1.55%"
"11/22/2017","-0.194","-0.199","-0.194","-0.202","-1.52%"
"11/21/2017","-0.197","-0.195","-0.194","-0.200","2.07%"
"11/20/2017","-0.193","-0.194","-0.189","-0.196","-1.03%"
"11/19/2017","-0.195","-0.195","-0.194","-0.196","1.04%"
"11/17/2017","-0.193","-0.190","-0.186","-0.197","2.66%"
"11/16/2017","-0.188","-0.187","-0.186","-0.193","2.17%"
"11/15/2017","-0.184","-0.180","-0.179","-0.189","3.37%"
"11/14/2017","-0.178","-0.164","-0.164","-0.178","5.33%"
"11/13/2017","-0.169","-0.168","-0.164","-0.170","1.20%"
"11/12/2017","-0.167","-0.174","-0.166","-0.174","-6.70%"
"11/10/2017","-0.179","-0.195","-0.174","-0.195","-7.25%"
"11/09/2017","-0.193","-0.205","-0.193","-0.214","-3.98%"
"11/08/2017","-0.201","-0.194","-0.188","-0.202","8.06%"
"11/07/2017","-0.186","-0.181","-0.179","-0.187","5.08%"
"11/06/2017","-0.177","-0.165","-0.164","-0.179","5.99%"
"11/05/2017","-0.167","-0.164","-0.162","-0.167","5.70%"
"11/02/2017","-0.158","-0.158","-0.155","-0.161","0.00%"
"11/01/2017","-0.158","-0.160","-0.157","-0.162","0.64%"
"10/31/2017","-0.157","-0.153","-0.153","-0.159","3.29%"
"10/30/2017","-0.152","-0.150","-0.148","-0.153","1.33%"
"10/29/2017","-0.150","-0.150","-0.150","-0.150","1.35%"
"10/27/2017","-0.148","-0.146","-0.143","-0.149","4.23%"
"10/26/2017","-0.142","-0.131","-0.131","-0.146","6.77%"
"10/25/2017","-0.133","-0.130","-0.128","-0.133","-0.75%"
"10/24/2017","-0.134","-0.134","-0.132","-0.135","0.00%"
"10/23/2017","-0.134","-0.129","-0.128","-0.137","3.88%"
"10/22/2017","-0.129","-0.134","-0.128","-0.134","-3.01%"
"10/20/2017","-0.133","-0.139","-0.129","-0.140","-1.48%"
"10/19/2017","-0.135","-0.128","-0.118","-0.137","5.47%"
"10/18/2017","-0.128","-0.134","-0.126","-0.134","-3.76%"
"10/17/2017","-0.133","-0.136","-0.132","-0.137","-4.32%"
"10/16/2017","-0.139","-0.141","-0.139","-0.143","-1.42%"
"10/15/2017","-0.141","-0.139","-0.139","-0.141","2.17%"
"10/13/2017","-0.138","-0.141","-0.133","-0.141","2.22%"
"10/12/2017","-0.135","-0.140","-0.135","-0.143","-2.88%"
"10/11/2017","-0.139","-0.143","-0.135","-0.144","-2.11%"
"10/10/2017","-0.142","-0.139","-0.135","-0.145","2.90%"
"10/09/2017","-0.138","-0.139","-0.135","-0.139","1.47%"
"10/06/2017","-0.136","-0.139","-0.133","-0.139","-1.45%"
"10/05/2017","-0.138","-0.133","-0.131","-0.139","4.55%"
"10/04/2017","-0.132","-0.115","-0.114","-0.133","17.86%"
"10/03/2017","-0.112","-0.108","-0.107","-0.112","3.70%"
"10/02/2017","-0.108","-0.113","-0.107","-0.113","-2.70%"
"10/01/2017","-0.111","-0.115","-0.108","-0.115","-1.77%"
"09/29/2017","-0.113","-0.115","-0.109","-0.115","-0.88%"
"09/28/2017","-0.114","-0.125","-0.114","-0.125","-11.63%"
"09/27/2017","-0.129","-0.135","-0.129","-0.140","-5.15%"
"09/26/2017","-0.136","-0.134","-0.134","-0.138","-1.45%"
"09/25/2017","-0.138","-0.135","-0.135","-0.139","0.73%"
"09/24/2017","-0.137","-0.136","-0.135","-0.138","1.48%"
"09/22/2017","-0.135","-0.123","-0.123","-0.135","9.76%"
"09/21/2017","-0.123","-0.128","-0.119","-0.129","-8.21%"
"09/20/2017","-0.134","-0.138","-0.133","-0.139","-5.63%"
"09/19/2017","-0.142","-0.143","-0.138","-0.143","0.71%"
"09/18/2017","-0.141","-0.144","-0.140","-0.144","-0.70%"
"09/15/2017","-0.142","-0.136","-0.135","-0.143","2.90%"
"09/14/2017","-0.138","-0.145","-0.135","-0.147","-2.82%"
"09/13/2017","-0.142","-0.135","-0.133","-0.142","2.90%"
"09/12/2017","-0.138","-0.153","-0.134","-0.153","-9.80%"
"09/11/2017","-0.153","-0.158","-0.151","-0.158","0.00%"
"09/10/2017","-0.153","-0.159","-0.153","-0.159","-2.55%"
"09/08/2017","-0.157","-0.158","-0.154","-0.158","3.97%"
"09/07/2017","-0.151","-0.150","-0.147","-0.152","2.03%"
"09/06/2017","-0.148","-0.152","-0.148","-0.153","-3.27%"
"09/05/2017","-0.153","-0.156","-0.151","-0.156","-3.16%"
"09/04/2017","-0.158","-0.165","-0.154","-0.166","-3.66%"
"09/03/2017","-0.164","-0.166","-0.164","-0.166","0.61%"
"09/01/2017","-0.163","-0.165","-0.162","-0.166","-0.61%"
"08/31/2017","-0.164","-0.145","-0.141","-0.164","11.56%"
"08/30/2017","-0.147","-0.152","-0.147","-0.152","-4.55%"
"08/29/2017","-0.154","-0.154","-0.152","-0.156","1.99%"
"08/28/2017","-0.151","-0.155","-0.143","-0.156","-1.95%"
"08/27/2017","-0.154","-0.155","-0.154","-0.156","1.32%"
"08/25/2017","-0.152","-0.139","-0.139","-0.156","12.59%"
"08/24/2017","-0.135","-0.129","-0.129","-0.140","5.47%"
"08/23/2017","-0.128","-0.128","-0.125","-0.131","-1.54%"
"08/22/2017","-0.130","-0.128","-0.125","-0.130","2.36%"
"08/21/2017","-0.127","-0.134","-0.122","-0.134","-3.05%"
"08/20/2017","-0.131","-0.132","-0.131","-0.134","4.80%"
"08/18/2017","-0.125","-0.116","-0.114","-0.125","9.65%"
"08/17/2017","-0.114","-0.113","-0.112","-0.116","0.88%"
"08/16/2017","-0.113","-0.111","-0.111","-0.113","0.89%"
"08/15/2017","-0.112","-0.109","-0.107","-0.112","3.70%"
"08/14/2017","-0.108","-0.113","-0.105","-0.113","1.89%"
"08/13/2017","-0.106","-0.110","-0.106","-0.113","-1.85%"
"08/10/2017","-0.108","-0.113","-0.107","-0.113","-1.82%"
"08/09/2017","-0.110","-0.104","-0.103","-0.110","7.84%"
"08/08/2017","-0.102","-0.102","-0.101","-0.103","-1.92%"
"08/07/2017","-0.104","-0.109","-0.102","-0.109","1.96%"
"08/06/2017","-0.102","-0.107","-0.102","-0.109","-5.56%"
"08/04/2017","-0.108","-0.113","-0.107","-0.114","-4.42%"
"08/03/2017","-0.113","-0.112","-0.112","-0.114","-0.88%"
"08/02/2017","-0.114","-0.112","-0.112","-0.116","2.70%"
"08/01/2017","-0.111","-0.112","-0.111","-0.112","-0.89%"
"07/31/2017","-0.112","-0.113","-0.112","-0.114","-1.75%"
"07/30/2017","-0.114","-0.113","-0.113","-0.114","1.79%"
"07/28/2017","-0.112","-0.111","-0.108","-0.112","0.90%"
"07/27/2017","-0.111","-0.106","-0.106","-0.121","4.72%"
"07/26/2017","-0.106","-0.102","-0.101","-0.107","-0.93%"
"07/25/2017","-0.107","-0.106","-0.106","-0.109","-4.46%"
"07/24/2017","-0.112","-0.112","-0.107","-0.113","0.00%"
"07/23/2017","-0.112","-0.114","-0.111","-0.114","0.00%"
"07/21/2017","-0.112","-0.103","-0.103","-0.112","3.70%"
"07/20/2017","-0.108","-0.107","-0.106","-0.108","1.89%"
"07/19/2017","-0.106","-0.103","-0.102","-0.106","2.91%"
"07/18/2017","-0.103","-0.103","-0.102","-0.104","0.00%"
"07/17/2017","-0.103","-0.105","-0.102","-0.105","-1.90%"
"07/16/2017","-0.105","-0.105","-0.105","-0.105","2.94%"
"07/14/2017","-0.102","-0.104","-0.102","-0.105","-4.67%"
"07/13/2017","-0.107","-0.111","-0.107","-0.111","4.90%"
"07/12/2017","-0.102","-0.099","-0.098","-0.106","6.25%"
"07/11/2017","-0.096","-0.095","-0.091","-0.100","2.13%"
"07/10/2017","-0.094","-0.098","-0.093","-0.099","-4.08%"
"07/09/2017","-0.098","-0.099","-0.097","-0.099","1.03%"
"07/07/2017","-0.097","-0.095","-0.092","-0.105","-4.90%"
"07/06/2017","-0.102","-0.106","-0.100","-0.110","-10.53%"
"07/05/2017","-0.114","-0.125","-0.112","-0.126","-5.00%"
"07/04/2017","-0.120","-0.117","-0.116","-0.122","1.69%"
"07/03/2017","-0.118","-0.113","-0.113","-0.121","4.42%"
"07/02/2017","-0.113","-0.104","-0.104","-0.114","8.65%"
"07/01/2017","-0.104","-0.104","-0.104","-0.104","-6.31%"
"06/30/2017","-0.111","-0.112","-0.108","-0.117","-4.31%"
"06/29/2017","-0.116","-0.119","-0.113","-0.119","-1.69%"
"06/28/2017","-0.118","-0.111","-0.110","-0.118","1.72%"
"06/27/2017","-0.116","-0.100","-0.099","-0.116","17.17%"
"06/26/2017","-0.099","-0.100","-0.099","-0.100","0.00%"
"06/25/2017","-0.099","-0.101","-0.099","-0.101","0.00%"
"06/23/2017","-0.099","-0.099","-0.098","-0.101","1.02%"
"06/22/2017","-0.098","-0.098","-0.091","-0.098","1.03%"
"06/21/2017","-0.097","-0.108","-0.097","-0.109","-11.01%"
"06/20/2017","-0.109","-0.115","-0.102","-0.115","-5.22%"
"06/19/2017","-0.115","-0.115","-0.114","-0.115","0.00%"
"06/18/2017","-0.115","-0.115","-0.114","-0.115","0.00%"
"06/16/2017","-0.115","-0.111","-0.109","-0.115","3.60%"
"06/15/2017","-0.111","-0.109","-0.109","-0.112","3.74%"
"06/14/2017","-0.107","-0.108","-0.105","-0.110","0.94%"
"06/13/2017","-0.106","-0.110","-0.101","-0.110","0.95%"
"06/12/2017","-0.105","-0.105","-0.102","-0.110","0.96%"
"06/11/2017","-0.104","-0.104","-0.102","-0.105","0.97%"
"06/09/2017","-0.103","-0.102","-0.100","-0.107","4.04%"
"06/08/2017","-0.099","-0.107","-0.095","-0.112","-12.39%"
"06/07/2017","-0.113","-0.137","-0.110","-0.139","-19.29%"
"06/06/2017","-0.140","-0.144","-0.133","-0.144","-3.45%"
"06/05/2017","-0.145","-0.158","-0.144","-0.159","-5.84%"
"06/04/2017","-0.154","-0.156","-0.154","-0.159","0.65%"
"06/02/2017","-0.153","-0.160","-0.149","-0.161","-4.37%"
"06/01/2017","-0.160","-0.158","-0.158","-0.160","2.56%"
"05/31/2017","-0.156","-0.160","-0.155","-0.160","-4.88%"
"05/30/2017","-0.164","-0.164","-0.163","-0.165","1.23%"
"05/29/2017","-0.162","-0.165","-0.158","-0.165","-1.82%"
"05/28/2017","-0.165","-0.166","-0.163","-0.166","0.61%"
"05/26/2017","-0.164","-0.164","-0.162","-0.164","3.14%"
"05/25/2017","-0.159","-0.154","-0.152","-0.159","0.63%"
"05/24/2017","-0.158","-0.161","-0.154","-0.161","-3.07%"
"05/23/2017","-0.163","-0.162","-0.162","-0.164","1.88%"
"05/22/2017","-0.160","-0.157","-0.157","-0.161","0.00%"
"05/21/2017","-0.160","-0.160","-0.157","-0.160","1.91%"
"05/19/2017","-0.157","-0.148","-0.144","-0.160","5.37%"
"05/18/2017","-0.149","-0.163","-0.148","-0.163","-2.61%"
"05/17/2017","-0.153","-0.163","-0.153","-0.163","-6.13%"
"05/16/2017","-0.163","-0.163","-0.158","-0.164","-3.55%"
"05/15/2017","-0.169","-0.174","-0.169","-0.175","-2.87%"
"05/14/2017","-0.174","-0.173","-0.173","-0.175","0.58%"
"05/12/2017","-0.173","-0.177","-0.173","-0.178","-1.14%"
"05/11/2017","-0.175","-0.176","-0.170","-0.177","-0.57%"
"05/10/2017","-0.176","-0.183","-0.174","-0.184","-3.83%"
"05/09/2017","-0.183","-0.188","-0.183","-0.192","-5.18%"
"05/08/2017","-0.193","-0.194","-0.192","-0.196","0.00%"
"05/07/2017","-0.193","-0.200","-0.193","-0.200","-2.53%"
"05/02/2017","-0.198","-0.204","-0.197","-0.206","-1.49%"
"05/01/2017","-0.201","-0.199","-0.199","-0.203","-0.50%"
"04/30/2017","-0.202","-0.198","-0.198","-0.202","-1.46%"
"04/28/2017","-0.205","-0.185","-0.179","-0.212","8.47%"
"04/27/2017","-0.189","-0.201","-0.189","-0.201","-5.03%"
"04/26/2017","-0.199","-0.204","-0.199","-0.207","-4.78%"
"04/25/2017","-0.209","-0.214","-0.208","-0.216","-0.48%"
"04/24/2017","-0.210","-0.215","-0.208","-0.218","-4.98%"
"04/22/2017","-0.221","-0.221","-0.221","-0.221","1.38%"
"04/21/2017","-0.218","-0.218","-0.215","-0.221","-1.36%"
"04/20/2017","-0.221","-0.221","-0.217","-0.223","-0.45%"
"04/19/2017","-0.222","-0.219","-0.217","-0.224","4.72%"
"04/18/2017","-0.212","-0.207","-0.204","-0.212","-0.93%"
"04/17/2017","-0.214","-0.218","-0.214","-0.221","-1.83%"
"04/16/2017","-0.218","-0.220","-0.218","-0.221","0.46%"
"04/14/2017","-0.217","-0.219","-0.213","-0.224","-0.91%"
"04/13/2017","-0.219","-0.231","-0.218","-0.231","-3.10%"
"04/12/2017","-0.226","-0.224","-0.220","-0.232","1.35%"
"04/11/2017","-0.223","-0.218","-0.218","-0.224","3.72%"
"04/10/2017","-0.215","-0.209","-0.207","-0.216","1.42%"
"04/09/2017","-0.212","-0.212","-0.209","-0.214","-0.47%"
"04/07/2017","-0.213","-0.209","-0.204","-0.221","5.97%"
"04/06/2017","-0.201","-0.202","-0.198","-0.204","4.15%"
"04/05/2017","-0.193","-0.180","-0.175","-0.195","9.04%"
"04/04/2017","-0.177","-0.166","-0.165","-0.182","7.93%"
"04/03/2017","-0.164","-0.188","-0.164","-0.190","-8.38%"
"04/02/2017","-0.179","-0.189","-0.178","-0.190","-5.29%"
"03/31/2017","-0.189","-0.200","-0.183","-0.201","-17.47%"
"03/30/2017","-0.229","-0.244","-0.225","-0.244","-7.29%"
"03/29/2017","-0.247","-0.259","-0.243","-0.259","-3.52%"
"03/28/2017","-0.256","-0.260","-0.253","-0.260","-0.78%"
"03/27/2017","-0.258","-0.243","-0.243","-0.260","0.00%"
"03/26/2017","-0.258","-0.262","-0.242","-0.262","-1.53%"
"03/24/2017","-0.262","-0.262","-0.254","-0.262","-1.87%"
"03/23/2017","-0.267","-0.265","-0.262","-0.268","2.30%"
"03/22/2017","-0.261","-0.261","-0.254","-0.262","1.56%"
"03/21/2017","-0.257","-0.259","-0.253","-0.263","0.00%"
"03/18/2017","-0.257","-0.257","-0.257","-0.257","0.00%"
"03/17/2017","-0.257","-0.255","-0.254","-0.267","0.39%"
"03/16/2017","-0.256","-0.248","-0.248","-0.257","2.81%"
"03/15/2017","-0.249","-0.255","-0.248","-0.255","-1.58%"
"03/14/2017","-0.253","-0.253","-0.248","-0.254","0.00%"
"03/13/2017","-0.253","-0.257","-0.252","-0.259","-2.32%"
"03/10/2017","-0.259","-0.253","-0.252","-0.261","-1.15%"
"03/09/2017","-0.262","-0.278","-0.258","-0.278","-7.42%"
"03/08/2017","-0.283","-0.288","-0.281","-0.288","-2.08%"
"03/07/2017","-0.289","-0.294","-0.283","-0.294","1.05%"
"03/06/2017","-0.286","-0.285","-0.274","-0.287","2.51%"
"03/03/2017","-0.279","-0.267","-0.267","-0.280","6.08%"
"03/02/2017","-0.263","-0.247","-0.242","-0.265","6.48%"
"03/01/2017","-0.247","-0.245","-0.239","-0.247","-8.86%"
"02/28/2017","-0.271","-0.266","-0.265","-0.272","1.12%"
"02/27/2017","-0.268","-0.264","-0.264","-0.274","0.75%"
"02/24/2017","-0.266","-0.265","-0.260","-0.266","1.92%"
"02/23/2017","-0.261","-0.260","-0.259","-0.264","0.00%"
"02/22/2017","-0.261","-0.240","-0.240","-0.262","8.75%"
"02/21/2017","-0.240","-0.239","-0.234","-0.240","0.42%"
"02/20/2017","-0.239","-0.235","-0.235","-0.241","-0.83%"
"02/17/2017","-0.241","-0.236","-0.234","-0.241","2.12%"
"02/16/2017","-0.236","-0.235","-0.234","-0.238","1.72%"
"02/15/2017","-0.232","-0.221","-0.220","-0.233","6.42%"
"02/14/2017","-0.218","-0.209","-0.207","-0.218","2.83%"
"02/13/2017","-0.212","-0.211","-0.205","-0.212","0.00%"
"02/10/2017","-0.212","-0.203","-0.188","-0.213","4.95%"
"02/09/2017","-0.202","-0.208","-0.199","-0.211","-2.42%"
"02/08/2017","-0.207","-0.216","-0.199","-0.216","-5.05%"
"02/07/2017","-0.218","-0.210","-0.209","-0.221","4.81%"
"02/06/2017","-0.208","-0.224","-0.199","-0.226","-6.73%"
"02/03/2017","-0.223","-0.219","-0.190","-0.223","0.90%"
"02/02/2017","-0.221","-0.226","-0.216","-0.228","1.38%"
"02/01/2017","-0.218","-0.203","-0.202","-0.222","10.10%"
"01/31/2017","-0.198","-0.202","-0.198","-0.207","-6.60%"
"01/30/2017","-0.212","-0.189","-0.183","-0.212","6.53%"
"01/27/2017","-0.199","-0.197","-0.196","-0.217","-0.50%"
"01/26/2017","-0.200","-0.202","-0.185","-0.202","-8.26%"
"01/25/2017","-0.218","-0.241","-0.196","-0.247","-10.29%"
"01/24/2017","-0.243","-0.232","-0.232","-0.243","2.97%"
"01/23/2017","-0.236","-0.237","-0.231","-0.240","1.29%"
"01/20/2017","-0.233","-0.222","-0.219","-0.237","3.56%"
"01/19/2017","-0.225","-0.221","-0.218","-0.228","-0.44%"
"01/18/2017","-0.226","-0.230","-0.223","-0.230","1.80%"
"01/17/2017","-0.222","-0.220","-0.214","-0.223","3.74%"
"01/16/2017","-0.214","-0.219","-0.213","-0.220","-1.38%"
"01/13/2017","-0.217","-0.219","-0.208","-0.221","1.40%"
"01/12/2017","-0.214","-0.246","-0.214","-0.247","-11.93%"
"01/11/2017","-0.243","-0.240","-0.237","-0.244","2.53%"
"01/10/2017","-0.237","-0.210","-0.210","-0.237","13.94%"
"01/06/2017","-0.208","-0.200","-0.197","-0.208","5.58%"
"01/05/2017","-0.197","-0.186","-0.186","-0.198","5.91%"
"01/04/2017","-0.186","-0.179","-0.175","-0.186","6.29%"
"12/30/2016","-0.175","-0.176","-0.172","-0.176","2.94%"
"12/29/2016","-0.170","-0.159","-0.158","-0.170","8.28%"
"12/28/2016","-0.157","-0.154","-0.153","-0.157","-9.77%"
"12/27/2016","-0.174","-0.175","-0.170","-0.175","0.58%"
"12/26/2016","-0.173","-0.175","-0.173","-0.177","-4.42%"
"12/22/2016","-0.181","-0.182","-0.175","-0.183","0.00%"
"12/21/2016","-0.181","-0.184","-0.180","-0.185","-0.55%"
"12/20/2016","-0.182","-0.181","-0.176","-0.187","2.82%"
"12/19/2016","-0.177","-0.177","-0.175","-0.186","0.57%"
"12/16/2016","-0.176","-0.191","-0.171","-0.193","-9.28%"
"12/15/2016","-0.194","-0.188","-0.183","-0.196","0.52%"
"12/14/2016","-0.193","-0.180","-0.179","-0.194","9.04%"
"12/13/2016","-0.177","-0.184","-0.174","-0.184","-3.80%"
"12/12/2016","-0.184","-0.181","-0.179","-0.185","1.10%"
"12/09/2016","-0.182","-0.182","-0.174","-0.185","-0.55%"
"12/08/2016","-0.183","-0.189","-0.178","-0.193","-2.66%"
"12/07/2016","-0.188","-0.185","-0.174","-0.189","3.87%"
"12/06/2016","-0.181","-0.183","-0.178","-0.186","-1.09%"
"12/05/2016","-0.183","-0.176","-0.174","-0.184","5.17%"
"12/02/2016","-0.174","-0.167","-0.163","-0.178","3.57%"
"12/01/2016","-0.168","-0.156","-0.153","-0.168","5.66%"
"11/30/2016","-0.159","-0.162","-0.157","-0.162","-5.36%"
"11/29/2016","-0.168","-0.152","-0.151","-0.178","13.51%"
"11/28/2016","-0.148","-0.143","-0.142","-0.161","5.71%"
"11/25/2016","-0.140","-0.161","-0.139","-0.162","-13.58%"
"11/24/2016","-0.162","-0.149","-0.147","-0.165","-1.22%"
"11/22/2016","-0.164","-0.171","-0.160","-0.173","-4.65%"
"11/21/2016","-0.172","-0.168","-0.164","-0.177","2.99%"
"11/18/2016","-0.167","-0.157","-0.148","-0.167","9.87%"
"11/17/2016","-0.152","-0.103","-0.102","-0.159","39.45%"
"11/16/2016","-0.109","-0.180","-0.105","-0.181","-39.44%"
"11/15/2016","-0.180","-0.209","-0.180","-0.218","-16.28%"
"11/14/2016","-0.215","-0.242","-0.207","-0.243","-11.52%"
"11/11/2016","-0.243","-0.244","-0.242","-0.254","-5.81%"
"11/10/2016","-0.258","-0.258","-0.244","-0.261","-5.84%"
"11/09/2016","-0.274","-0.258","-0.252","-0.277","6.61%"
"11/08/2016","-0.257","-0.253","-0.248","-0.259","1.58%"
"11/07/2016","-0.253","-0.260","-0.250","-0.260","-0.78%"
"11/04/2016","-0.255","-0.256","-0.254","-0.257","1.19%"
"11/02/2016","-0.252","-0.243","-0.243","-0.253","5.00%"
"11/01/2016","-0.240","-0.239","-0.237","-0.242","0.84%"
"10/31/2016","-0.238","-0.235","-0.235","-0.238","2.15%"
"10/28/2016","-0.233","-0.237","-0.232","-0.239","-13.70%"
"10/27/2016","-0.270","-0.244","-0.240","-0.270","7.14%"
"10/26/2016","-0.252","-0.251","-0.248","-0.253","0.00%"
"10/25/2016","-0.252","-0.242","-0.235","-0.252","3.70%"
"10/24/2016","-0.243","-0.249","-0.235","-0.250","-4.71%"
"10/21/2016","-0.255","-0.266","-0.254","-0.266","-4.49%"
"10/20/2016","-0.267","-0.270","-0.263","-0.270","-0.74%"
"10/19/2016","-0.269","-0.271","-0.265","-0.271","1.89%"
"10/18/2016","-0.264","-0.266","-0.262","-0.270","-1.49%"
"10/17/2016","-0.268","-0.267","-0.262","-0.269","-0.74%"
"10/15/2016","-0.270","-0.270","-0.270","-0.270","1.50%"
"10/14/2016","-0.266","-0.261","-0.253","-0.267","4.31%"
"10/13/2016","-0.255","-0.256","-0.253","-0.260","-0.78%"
"10/12/2016","-0.257","-0.259","-0.253","-0.260","-0.77%"
"10/11/2016","-0.259","-0.270","-0.257","-0.270","-4.78%"
"10/07/2016","-0.272","-0.273","-0.266","-0.274","-0.37%"
"10/06/2016","-0.273","-0.276","-0.267","-0.278","-1.44%"
"10/05/2016","-0.277","-0.271","-0.267","-0.278","1.47%"
"10/04/2016","-0.273","-0.273","-0.259","-0.273","0.37%"
"10/03/2016","-0.272","-0.274","-0.269","-0.282","-1.45%"
"09/30/2016","-0.276","-0.257","-0.251","-0.280","-4.17%"
"09/29/2016","-0.288","-0.289","-0.280","-0.297","-2.04%"
"09/28/2016","-0.294","-0.276","-0.264","-0.294","9.29%"
"09/27/2016","-0.269","-0.225","-0.225","-0.269","20.09%"
"09/26/2016","-0.224","-0.216","-0.211","-0.225","2.28%"
"09/25/2016","-0.219","-0.219","-0.219","-0.219","0.00%"
"09/24/2016","-0.219","-0.219","-0.219","-0.219","1.86%"
"09/23/2016","-0.215","-0.226","-0.206","-0.226","-3.15%"
"09/21/2016","-0.222","-0.265","-0.220","-0.266","-14.62%"
"09/20/2016","-0.260","-0.265","-0.258","-0.265","-1.52%"
"09/17/2016","-0.264","-0.264","-0.264","-0.264","1.15%"
"09/16/2016","-0.261","-0.271","-0.254","-0.271","-2.25%"
"09/15/2016","-0.267","-0.273","-0.263","-0.282","0.00%"
"09/14/2016","-0.267","-0.260","-0.251","-0.277","11.72%"
"09/13/2016","-0.239","-0.244","-0.238","-0.244","-3.24%"
"09/12/2016","-0.247","-0.216","-0.211","-0.252","25.38%"
"09/09/2016","-0.197","-0.192","-0.191","-0.209","2.60%"
"09/08/2016","-0.192","-0.194","-0.188","-0.198","-0.52%"
"09/07/2016","-0.193","-0.192","-0.185","-0.197","6.04%"
"09/06/2016","-0.182","-0.188","-0.178","-0.188","-2.67%"
"09/05/2016","-0.187","-0.182","-0.177","-0.188","2.75%"
"09/02/2016","-0.182","-0.181","-0.178","-0.185","-0.55%"
"09/01/2016","-0.183","-0.193","-0.178","-0.194","-5.18%"
"08/31/2016","-0.193","-0.197","-0.189","-0.200","-4.93%"
"08/30/2016","-0.203","-0.182","-0.181","-0.207","14.04%"
"08/29/2016","-0.178","-0.169","-0.159","-0.179","0.00%"
"08/26/2016","-0.178","-0.181","-0.171","-0.182","-2.73%"
"08/25/2016","-0.183","-0.189","-0.181","-0.191","-1.08%"
"08/24/2016","-0.185","-0.207","-0.185","-0.210","-8.42%"
"08/23/2016","-0.202","-0.204","-0.196","-0.205","2.54%"
"08/22/2016","-0.197","-0.196","-0.194","-0.201","-2.96%"
"08/19/2016","-0.203","-0.205","-0.197","-0.205","3.57%"
"08/18/2016","-0.196","-0.181","-0.178","-0.197","7.69%"
"08/17/2016","-0.182","-0.188","-0.176","-0.188","-3.19%"
"08/16/2016","-0.188","-0.181","-0.176","-0.189","3.30%"
"08/15/2016","-0.182","-0.196","-0.163","-0.196","-6.67%"
"08/14/2016","-0.195","-0.195","-0.195","-0.195","0.00%"
"08/13/2016","-0.195","-0.195","-0.195","-0.195","1.04%"
"08/12/2016","-0.193","-0.196","-0.191","-0.198","-3.02%"
"08/10/2016","-0.199","-0.186","-0.186","-0.199","8.15%"
"08/09/2016","-0.184","-0.160","-0.153","-0.187","9.52%"
"08/08/2016","-0.168","-0.164","-0.156","-0.179","-11.58%"
"08/06/2016","-0.190","-0.190","-0.190","-0.190","0.53%"
"08/05/2016","-0.189","-0.177","-0.177","-0.193","11.83%"
"08/04/2016","-0.169","-0.175","-0.152","-0.180","0.60%"
"08/03/2016","-0.168","-0.173","-0.161","-0.176","5.66%"
"08/02/2016","-0.159","-0.228","-0.140","-0.230","-32.05%"
"08/01/2016","-0.234","-0.254","-0.228","-0.257","-4.10%"
"07/29/2016","-0.244","-0.341","-0.238","-0.341","-29.07%"
"07/28/2016","-0.344","-0.357","-0.332","-0.365","-5.49%"
"07/27/2016","-0.364","-0.326","-0.323","-0.368","11.31%"
"07/26/2016","-0.327","-0.327","-0.326","-0.333","-0.61%"
"07/25/2016","-0.329","-0.325","-0.325","-0.333","1.86%"
"07/22/2016","-0.323","-0.323","-0.315","-0.328","0.94%"
"07/21/2016","-0.320","-0.322","-0.319","-0.329","-0.93%"
"07/20/2016","-0.323","-0.317","-0.316","-0.324","0.31%"
"07/19/2016","-0.322","-0.328","-0.317","-0.328","-3.01%"
"07/15/2016","-0.332","-0.342","-0.322","-0.351","-5.68%"
"07/14/2016","-0.352","-0.354","-0.349","-0.358","0.00%"
"07/13/2016","-0.352","-0.340","-0.340","-0.354","0.57%"
"07/12/2016","-0.350","-0.340","-0.339","-0.352","0.57%"
"07/11/2016","-0.348","-0.353","-0.343","-0.354","-1.42%"
"07/08/2016","-0.353","-0.345","-0.340","-0.359","3.22%"
"07/07/2016","-0.342","-0.329","-0.328","-0.343","3.95%"
"07/06/2016","-0.329","-0.328","-0.323","-0.333","3.13%"
"07/05/2016","-0.319","-0.323","-0.311","-0.324","-1.54%"
"07/04/2016","-0.324","-0.337","-0.323","-0.339","-1.52%"
"07/01/2016","-0.329","-0.294","-0.294","-0.329","10.40%"
"06/30/2016","-0.298","-0.291","-0.291","-0.302","-0.33%"
"06/29/2016","-0.299","-0.289","-0.286","-0.299","2.05%"
"06/28/2016","-0.293","-0.280","-0.280","-0.293","5.78%"
"06/27/2016","-0.277","-0.283","-0.275","-0.283","-1.07%"
"06/24/2016","-0.280","-0.231","-0.229","-0.285","20.17%"
"06/23/2016","-0.233","-0.236","-0.227","-0.238","-1.69%"
"06/22/2016","-0.237","-0.239","-0.237","-0.243","-2.47%"
"06/21/2016","-0.243","-0.244","-0.236","-0.244","-1.62%"
"06/20/2016","-0.247","-0.248","-0.244","-0.252","-1.20%"
"06/17/2016","-0.250","-0.274","-0.243","-0.275","-9.42%"
"06/16/2016","-0.276","-0.273","-0.262","-0.282","0.00%"
"06/15/2016","-0.276","-0.274","-0.270","-0.282","1.10%"
"06/14/2016","-0.273","-0.274","-0.271","-0.278","1.87%"
"06/13/2016","-0.268","-0.271","-0.267","-0.272","0.37%"
"06/10/2016","-0.267","-0.251","-0.249","-0.272","8.98%"
"06/09/2016","-0.245","-0.240","-0.238","-0.246","2.08%"
"06/08/2016","-0.240","-0.243","-0.238","-0.245","-2.44%"
"06/07/2016","-0.246","-0.249","-0.243","-0.249","-0.40%"
"06/06/2016","-0.247","-0.246","-0.244","-0.249","2.92%"
"06/03/2016","-0.240","-0.241","-0.238","-0.241","0.84%"
"06/02/2016","-0.238","-0.240","-0.237","-0.243","-2.46%"
"06/01/2016","-0.244","-0.235","-0.234","-0.244","3.39%"
"05/31/2016","-0.236","-0.230","-0.227","-0.238","2.61%"
"05/30/2016","-0.230","-0.232","-0.229","-0.233","-2.13%"
"05/27/2016","-0.235","-0.232","-0.231","-0.237","3.07%"
"05/26/2016","-0.228","-0.228","-0.224","-0.229","0.44%"
"05/25/2016","-0.227","-0.226","-0.225","-0.231","-1.73%"
"05/24/2016","-0.231","-0.233","-0.227","-0.233","0.00%"
"05/23/2016","-0.231","-0.237","-0.231","-0.238","0.87%"
"05/20/2016","-0.229","-0.226","-0.223","-0.231","3.15%"
"05/19/2016","-0.222","-0.231","-0.220","-0.234","-6.72%"
"05/18/2016","-0.238","-0.246","-0.238","-0.248","-2.46%"
"05/17/2016","-0.244","-0.242","-0.240","-0.248","-0.81%"
"05/16/2016","-0.246","-0.249","-0.243","-0.249","-1.20%"
"05/13/2016","-0.249","-0.250","-0.246","-0.251","1.22%"
"05/12/2016","-0.246","-0.245","-0.238","-0.246","2.07%"
"05/11/2016","-0.241","-0.243","-0.241","-0.248","-0.41%"
"05/10/2016","-0.242","-0.242","-0.238","-0.245","0.41%"
"05/09/2016","-0.241","-0.243","-0.241","-0.244","0.00%"
"05/06/2016","-0.241","-0.237","-0.237","-0.243","1.26%"
"05/02/2016","-0.238","-0.237","-0.234","-0.243","3.93%"
"04/29/2016","-0.229","-0.229","-0.229","-0.229","-1.72%"
"04/28/2016","-0.233","-0.230","-0.229","-0.248","-4.51%"
"04/27/2016","-0.244","-0.258","-0.235","-0.258","-6.51%"
"04/26/2016","-0.261","-0.268","-0.261","-0.269","0.00%"
"04/25/2016","-0.261","-0.279","-0.260","-0.281","-6.79%"
"04/22/2016","-0.280","-0.260","-0.247","-0.284","6.87%"
"04/21/2016","-0.262","-0.262","-0.257","-0.265","0.77%"
"04/20/2016","-0.260","-0.259","-0.257","-0.262","1.96%"
"04/19/2016","-0.255","-0.249","-0.244","-0.256","2.41%"
"04/18/2016","-0.249","-0.249","-0.246","-0.253","-1.58%"
"04/15/2016","-0.253","-0.254","-0.248","-0.256","1.61%"
"04/14/2016","-0.249","-0.238","-0.233","-0.249","4.18%"
"04/13/2016","-0.239","-0.247","-0.237","-0.248","-3.24%"
"04/12/2016","-0.247","-0.243","-0.239","-0.248","1.65%"
"04/11/2016","-0.243","-0.243","-0.237","-0.244","1.25%"
"04/08/2016","-0.240","-0.237","-0.231","-0.241","3.45%"
"04/07/2016","-0.232","-0.229","-0.227","-0.233","2.65%"
"04/06/2016","-0.226","-0.220","-0.218","-0.230","4.15%"
"04/05/2016","-0.217","-0.222","-0.211","-0.224","-0.91%"
"04/04/2016","-0.219","-0.215","-0.213","-0.221","6.31%"
"04/01/2016","-0.206","-0.213","-0.188","-0.213","-0.48%"
"03/31/2016","-0.207","-0.224","-0.204","-0.228","-5.91%"
"03/30/2016","-0.220","-0.218","-0.217","-0.223","0.46%"
"03/29/2016","-0.219","-0.225","-0.217","-0.225","0.00%"
"03/28/2016","-0.219","-0.229","-0.216","-0.229","-1.35%"
"03/25/2016","-0.222","-0.213","-0.209","-0.224","3.26%"
"03/24/2016","-0.215","-0.225","-0.212","-0.225","-1.38%"
"03/23/2016","-0.218","-0.208","-0.206","-0.219","4.31%"
"03/22/2016","-0.209","-0.211","-0.202","-0.213","-0.95%"
"03/18/2016","-0.211","-0.197","-0.192","-0.232","10.47%"
"03/17/2016","-0.191","-0.176","-0.168","-0.191","13.02%"
"03/16/2016","-0.169","-0.138","-0.134","-0.169","14.97%"
"03/15/2016","-0.147","-0.165","-0.144","-0.169","-10.91%"
"03/14/2016","-0.165","-0.157","-0.155","-0.165","6.45%"
"03/11/2016","-0.155","-0.167","-0.137","-0.167","-8.28%"
"03/10/2016","-0.169","-0.184","-0.162","-0.185","-3.98%"
"03/09/2016","-0.176","-0.218","-0.174","-0.220","-19.63%"
"03/08/2016","-0.219","-0.203","-0.198","-0.220","6.83%"
"03/07/2016","-0.205","-0.192","-0.188","-0.205","6.22%"
"03/04/2016","-0.193","-0.207","-0.192","-0.208","-1.53%"
"03/03/2016","-0.196","-0.210","-0.194","-0.211","-7.55%"
"03/02/2016","-0.212","-0.223","-0.190","-0.223","-4.93%"
"03/01/2016","-0.223","-0.232","-0.222","-0.232","-3.88%"
"02/29/2016","-0.232","-0.224","-0.222","-0.232","4.98%"
"02/26/2016","-0.221","-0.192","-0.192","-0.221","2.79%"
"02/25/2016","-0.215","-0.209","-0.199","-0.218","4.37%"
"02/24/2016","-0.206","-0.201","-0.190","-0.206","1.98%"
"02/23/2016","-0.202","-0.209","-0.202","-0.209","-3.35%"
"02/22/2016","-0.209","-0.208","-0.207","-0.214","2.96%"
"02/19/2016","-0.203","-0.181","-0.181","-0.220","19.41%"
"02/18/2016","-0.170","-0.145","-0.145","-0.173","14.09%"
"02/17/2016","-0.149","-0.154","-0.143","-0.156","0.00%"
"02/16/2016","-0.149","-0.148","-0.139","-0.154","0.00%"
"02/15/2016","-0.149","-0.165","-0.146","-0.169","-8.02%"
"02/14/2016","-0.162","-0.162","-0.162","-0.162","-6.36%"
"02/12/2016","-0.173","-0.217","-0.171","-0.220","-22.07%"
"02/10/2016","-0.222","-0.239","-0.215","-0.241","-3.06%"
"02/09/2016","-0.229","-0.193","-0.192","-0.234","21.81%"
"02/08/2016","-0.188","-0.188","-0.180","-0.192","-0.53%"
"02/05/2016","-0.189","-0.178","-0.177","-0.192","7.39%"
"02/04/2016","-0.176","-0.173","-0.156","-0.177","1.15%"
"02/03/2016","-0.174","-0.150","-0.150","-0.182","20.00%"
"02/02/2016","-0.145","-0.138","-0.138","-0.152","7.41%"
"02/01/2016","-0.135","-0.080","-0.079","-0.143","125.00%"
"01/29/2016","-0.060","-0.018","-0.018","-0.069","150.00%"
"01/28/2016","-0.024","-0.023","-0.020","-0.027","4.35%"
"01/27/2016","-0.023","-0.023","-0.022","-0.024","15.00%"
"01/26/2016","-0.020","-0.020","-0.020","-0.024","0.00%"
"01/25/2016","-0.020","-0.017","-0.014","-0.021","81.82%"
"01/22/2016","-0.011","-0.004","-0.004","-0.012","120.00%"
"01/21/2016","-0.005","-0.002","0.002","-0.005","-37.50%"
"01/20/2016","-0.008","-0.018","-0.003","-0.018","-60.00%"
"01/19/2016","-0.020","-0.023","-0.020","-0.023","-13.04%"
"01/18/2016","-0.023","-0.025","-0.023","-0.025","0.00%"
"01/15/2016","-0.023","-0.024","-0.022","-0.024","-11.54%"
"01/14/2016","-0.026","-0.029","-0.025","-0.031","13.04%"
"01/13/2016","-0.023","-0.023","-0.023","-0.026","35.29%"
"01/12/2016","-0.017","-0.020","-0.017","-0.020","-5.56%"
"01/10/2016","-0.018","-0.018","-0.018","-0.018","12.50%"
"01/08/2016","-0.016","-0.014","-0.014","-0.017","23.08%"
"01/07/2016","-0.013","-0.011","-0.011","-0.015","-7.14%"
"01/06/2016","-0.014","-0.015","-0.014","-0.016","40.00%"
"01/05/2016","-0.010","-0.010","-0.009","-0.011","0.00%"
"01/04/2016","-0.010","-0.010","-0.009","-0.011","11.11%"
"12/31/2015","-0.009","-0.009","-0.009","-0.009","0.00%"
"12/30/2015","-0.009","-0.009","-0.009","-0.010","-10.00%"
"12/29/2015","-0.010","-0.009","-0.008","-0.010","25.00%"
"12/28/2015","-0.008","-0.009","-0.008","-0.010","0.00%"
"12/25/2015","-0.008","-0.007","-0.007","-0.010","-11.11%"
"12/24/2015","-0.009","-0.006","-0.006","-0.011","-73.53%"
"12/22/2015","-0.034","-0.031","-0.028","-0.036","-12.82%"
"12/21/2015","-0.039","-0.040","-0.036","-0.041","11.43%"
"12/18/2015","-0.035","-0.028","-0.025","-0.036","59.09%"
"12/17/2015","-0.022","-0.022","-0.022","-0.023","4.76%"
"12/16/2015","-0.021","-0.021","-0.019","-0.022","0.00%"
"12/15/2015","-0.021","-0.022","-0.017","-0.022","-8.70%"
"12/14/2015","-0.023","-0.022","-0.020","-0.023","-4.17%"
"12/11/2015","-0.024","-0.027","-0.017","-0.027","-11.11%"
"12/10/2015","-0.027","-0.027","-0.025","-0.027","8.00%"
"12/09/2015","-0.025","-0.025","-0.022","-0.025","38.89%"
"12/08/2015","-0.018","-0.017","-0.016","-0.019","5.88%"
"12/07/2015","-0.017","-0.018","-0.016","-0.018","54.55%"
"12/04/2015","-0.011","-0.008","-0.008","-0.012","83.33%"
"12/03/2015","-0.006","-0.009","-0.006","-0.010","20.00%"
"12/02/2015","-0.005","-0.005","-0.002","-0.007","66.67%"
"12/01/2015","-0.003","-0.005","-0.001","-0.005","-250.00%"
"11/30/2015","0.002","0.002","0.002","0.002","-200.00%"
"11/27/2015","-0.002","-0.003","-0.001","-0.004","0.00%"
"11/26/2015","-0.002","-0.002","-0.002","-0.003","-200.00%"
"11/25/2015","0.002","0.001","0.002","0.001","-113.33%"
"11/24/2015","-0.015","-0.022","-0.005","-0.023","0.00%"
"11/22/2015","-0.015","-0.015","-0.015","-0.015","-16.67%"
"11/20/2015","-0.018","-0.017","-0.016","-0.018","38.46%"
"11/19/2015","-0.013","-0.012","-0.012","-0.013","62.50%"
"11/18/2015","-0.008","-0.007","-0.007","-0.009","166.67%"
"11/17/2015","-0.003","-0.001","-0.001","-0.004","50.00%"
"11/16/2015","-0.002","-0.004","-0.001","-0.004","100.00%"
"11/13/2015","-0.001","-0.001","-0.001","-0.002","-200.00%"
"11/12/2015","0.001","0.002","0.002","0.001","-75.00%"
"11/11/2015","0.004","0.001","0.004","0.001","100.00%"
"11/10/2015","0.002","0.002","0.002","0.002","-50.00%"
"11/09/2015","0.004","0.006","0.012","0.001","-20.00%"
"11/06/2015","0.005","0.006","0.006","0.004","-16.67%"
"11/05/2015","0.006","0.007","0.007","0.006","0.00%"
"11/04/2015","0.006","0.005","0.010","0.005","-14.29%"
"11/02/2015","0.007","0.007","0.010","0.006","0.00%"
"10/30/2015","0.007","0.007","0.010","0.007","-12.50%"
"10/29/2015","0.008","0.009","0.012","0.007","-11.11%"
"10/28/2015","0.009","0.012","0.013","0.008","-30.77%"
"10/27/2015","0.013","0.016","0.017","0.013","8.33%"
"10/26/2015","0.012","0.015","0.015","0.012","-25.00%"
"10/23/2015","0.016","0.016","0.016","0.015","-5.88%"
"10/22/2015","0.017","0.016","0.017","0.014","0.00%"
"10/21/2015","0.017","0.017","0.017","0.016","30.77%"
"10/20/2015","0.013","0.011","0.014","0.010","8.33%"
"10/19/2015","0.012","0.011","0.014","0.011","9.09%"
"10/18/2015","0.011","0.011","0.011","0.011","10.00%"
"10/16/2015","0.010","0.011","0.015","0.010","-23.08%"
"10/15/2015","0.013","0.010","0.013","0.010","18.18%"
"10/14/2015","0.011","0.011","0.012","0.010","10.00%"
"10/13/2015","0.010","0.009","0.011","0.009","-9.09%"
"10/09/2015","0.011","0.010","0.013","0.010","22.22%"
"10/08/2015","0.009","0.009","0.012","0.007","28.57%"
"10/07/2015","0.007","0.007","0.008","0.006","0.00%"
"10/06/2015","0.007","0.007","0.008","0.006","16.67%"
"10/05/2015","0.006","0.006","0.007","0.006","-40.00%"
"10/03/2015","0.010","0.010","0.010","0.010","-9.09%"
"10/02/2015","0.011","0.011","0.012","0.009","-15.38%"
"10/01/2015","0.013","0.019","0.021","0.013","-31.58%"
"09/30/2015","0.019","0.019","0.021","0.019","58.33%"
"09/29/2015","0.012","0.011","0.012","0.011","-20.00%"
"09/28/2015","0.015","0.013","0.017","0.012","7.14%"
"09/27/2015","0.014","0.014","0.014","0.014","-6.67%"
"09/25/2015","0.015","0.015","0.017","0.014","-11.76%"
"09/24/2015","0.017","0.017","0.017","0.015","0.00%"
"09/18/2015","0.017","0.017","0.018","0.016","-19.05%"
"09/17/2015","0.021","0.022","0.025","0.021","-12.50%"
"09/16/2015","0.024","0.022","0.028","0.022","14.29%"
"09/15/2015","0.021","0.020","0.022","0.017","23.53%"
"09/14/2015","0.017","0.017","0.018","0.015","6.25%"
"09/11/2015","0.016","0.017","0.018","0.015","0.00%"
"09/10/2015","0.016","0.018","0.018","0.015","0.00%"
"09/09/2015","0.016","0.016","0.017","0.015","-5.88%"
"09/08/2015","0.017","0.017","0.022","0.015","13.33%"
"09/07/2015","0.015","0.017","0.017","0.015","0.00%"
"09/04/2015","0.015","0.017","0.017","0.015","-16.67%"
"09/03/2015","0.018","0.016","0.019","0.016","20.00%"
"09/02/2015","0.015","0.011","0.016","0.011","36.36%"
"09/01/2015","0.011","0.016","0.016","0.011","-8.33%"
"08/31/2015","0.012","0.013","0.013","0.010","0.00%"
"08/28/2015","0.012","0.015","0.015","0.012","0.00%"
"08/27/2015","0.012","0.011","0.015","0.011","50.00%"
"08/26/2015","0.008","0.006","0.010","0.004","0.00%"
"08/25/2015","0.008","0.008","0.011","0.007","33.33%"
"08/24/2015","0.006","0.008","0.010","0.006","0.00%"
"08/21/2015","0.006","0.007","0.007","0.006","0.00%"
"08/20/2015","0.006","0.008","0.008","0.006","-14.29%"
"08/19/2015","0.007","0.008","0.008","0.006","0.00%"
"08/18/2015","0.007","0.007","0.008","0.006","0.00%"
"08/17/2015","0.007","0.008","0.009","0.007","16.67%"
"08/14/2015","0.006","0.006","0.007","0.006","-14.29%"
"08/13/2015","0.007","0.007","0.009","0.006","16.67%"
"08/12/2015","0.006","0.007","0.007","0.004","-33.33%"
"08/11/2015","0.009","0.013","0.013","0.009","-18.18%"
"08/10/2015","0.011","0.012","0.012","0.011","10.00%"
"08/07/2015","0.010","0.011","0.011","0.010","-9.09%"
"08/06/2015","0.011","0.013","0.014","0.011","-8.33%"
"08/05/2015","0.012","0.012","0.013","0.011","9.09%"
"08/04/2015","0.011","0.012","0.012","0.010","0.00%"
"08/03/2015","0.011","0.010","0.012","0.010","0.00%"
"07/31/2015","0.011","0.010","0.011","0.009","0.00%"
"07/30/2015","0.011","0.012","0.013","0.011","0.00%"
"07/29/2015","0.011","0.013","0.013","0.011","83.33%"
"07/28/2015","0.006","0.006","0.007","0.006","0.00%"
"07/27/2015","0.006","0.006","0.007","0.006","0.00%"
"07/24/2015","0.006","0.006","0.008","0.006","-25.00%"
"07/23/2015","0.008","0.008","0.010","0.006","-20.00%"
"07/22/2015","0.010","0.013","0.014","0.010","-9.09%"
"07/21/2015","0.011","0.012","0.014","0.009","83.33%"
"07/18/2015","0.006","0.006","0.006","0.006","-40.00%"
"07/17/2015","0.010","0.007","0.010","0.006","0.00%"
"07/16/2015","0.010","0.009","0.013","0.009","-16.67%"
"07/15/2015","0.012","0.010","0.017","0.010","0.00%"
"07/14/2015","0.012","0.014","0.017","0.012","-7.69%"
"07/13/2015","0.013","0.013","0.015","0.013","8.33%"
"07/10/2015","0.012","0.015","0.015","0.011","-25.00%"
"07/09/2015","0.016","0.009","0.016","0.009","33.33%"
"07/08/2015","0.012","0.011","0.012","0.011","-20.00%"
"07/07/2015","0.015","0.019","0.021","0.013","15.38%"
"07/06/2015","0.013","0.018","0.018","0.013","-23.53%"
"07/03/2015","0.017","0.011","0.017","0.008","142.86%"
"07/02/2015","0.007","0.004","0.010","0.004","75.00%"
"07/01/2015","0.004","0.006","0.007","0.003","-42.86%"
"06/30/2015","0.007","0.004","0.007","0.003","250.00%"
"06/29/2015","0.002","0.003","0.004","0.001","-50.00%"
"06/26/2015","0.004","0.008","0.008","0.004","100.00%"
"06/25/2015","0.002","0.004","0.007","0.004","-60.00%"
"06/24/2015","0.005","0.008","0.008","0.005","-37.50%"
"06/23/2015","0.008","0.008","0.009","0.007","300.00%"
"06/22/2015","0.002","0.007","0.007","0.004","-60.00%"
"06/19/2015","0.005","0.012","0.017","0.005","-58.33%"
"06/18/2015","0.012","0.002","0.012","0.001","300.00%"
"06/17/2015","0.003","0.002","0.004","0.001","50.00%"
"06/16/2015","0.002","0.001","0.003","0.000","0.00%"
"06/15/2015","0.002","0.003","0.003","0.002","100.00%"
"06/12/2015","0.001","0.003","0.006","-0.001","-75.00%"
"06/11/2015","0.004","0.002","0.009","0.002","0.00%"
"06/10/2015","0.004","0.004","0.007","0.002","0.00%"
"06/09/2015","0.000","0.001","0.001","0.001","-100.00%"
"06/08/2015","0.001","0.002","0.003","0.001","-83.33%"
"06/07/2015","0.006","0.006","0.006","0.006","200.00%"
"06/05/2015","0.002","0.002","0.003","0.002","-80.00%"
"06/04/2015","0.010","0.011","0.017","0.007","42.86%"
"06/03/2015","0.007","0.007","0.007","0.007","250.00%"
"06/02/2015","0.002","0.004","0.004","0.004","0.00%"
"06/01/2015","0.002","0.001","0.002","0.001","100.00%"
"05/29/2015","0.001","0.002","0.003","0.002","-111.11%"
"05/28/2015","-0.009","0.005","0.005","-0.010","-550.00%"
"05/27/2015","0.002","0.002","0.002","0.002","100.00%"
"05/26/2015","0.001","0.000","0.005","0.000","-50.00%"
"05/25/2015","0.002","0.000","0.004","-0.001","0.00%"
"05/22/2015","0.002","-0.001","0.003","-0.001","-300.00%"
"05/21/2015","-0.001","-0.011","-0.011","-0.011","-66.67%"
"05/20/2015","-0.003","-0.005","-0.001","-0.005","200.00%"
"05/19/2015","-0.001","-0.006","0.002","-0.006","-66.67%"
"05/18/2015","-0.003","-0.007","-0.007","-0.007","-40.00%"
"05/15/2015","-0.005","-0.002","0.001","-0.005","-162.50%"
"05/14/2015","0.008","0.006","0.008","-0.005","14.29%"
"05/13/2015","0.007","0.007","0.009","0.006","-22.22%"
"05/12/2015","0.009","0.007","0.018","0.007","12.50%"
"05/11/2015","0.008","0.012","0.014","0.008","-42.86%"
"05/08/2015","0.014","0.019","0.019","0.013","-44.00%"
"05/07/2015","0.025","0.021","0.029","0.018","257.14%"
"05/05/2015","0.007","0.007","0.007","0.007","0.00%"
"05/04/2015","0.007","0.007","0.007","0.007","-36.36%"
"05/01/2015","0.011","0.006","0.012","0.006","22.22%"
"04/30/2015","0.009","0.006","0.013","0.005","200.00%"
"04/28/2015","0.003","0.001","0.005","0.001","0.00%"
"04/27/2015","0.000","-0.012","0.004","-0.015","-100.00%"
"04/24/2015","-0.011","0.003","0.115","-0.015","-466.67%"
"04/23/2015","0.003","0.004","0.005","0.002","-25.00%"
"04/22/2015","0.004","0.007","0.008","0.003","-50.00%"
"04/21/2015","0.008","0.006","0.009","0.006","0.00%"
"04/20/2015","0.008","0.007","0.009","0.006","-11.11%"
"04/17/2015","0.009","0.009","0.010","0.008","0.00%"
"04/16/2015","0.009","0.010","0.012","0.008","0.00%"
"04/15/2015","0.009","0.009","0.010","0.009","12.50%"
"04/14/2015","0.008","0.009","0.009","0.008","-11.11%"
"04/13/2015","0.009","0.011","0.012","0.008","-25.00%"
"04/10/2015","0.012","0.014","0.014","0.008","-25.00%"
"04/09/2015","0.016","0.022","0.023","0.014","-30.43%"
"04/08/2015","0.023","0.022","0.023","0.020","21.05%"
"04/07/2015","0.019","0.016","0.023","0.016","11.76%"
"04/06/2015","0.017","0.021","0.021","0.016","-5.56%"
"04/03/2015","0.018","0.026","0.026","0.013","-21.74%"
"04/02/2015","0.023","0.036","0.036","0.023","-30.30%"
"04/01/2015","0.033","0.043","0.043","0.033","-25.00%"
"03/31/2015","0.044","0.041","0.047","0.039","2.33%"
"03/30/2015","0.043","0.035","0.045","0.035","2.38%"
"03/27/2015","0.042","0.038","0.051","0.036","44.83%"
"03/26/2015","0.029","0.029","0.032","0.027","-6.45%"
"03/25/2015","0.031","0.026","0.033","0.026","14.81%"
"03/24/2015","0.027","0.022","0.027","0.022","17.39%"
"03/23/2015","0.023","0.010","0.027","0.010","91.67%"
"03/20/2015","0.012","0.007","0.012","0.006","100.00%"
"03/19/2015","0.006","0.007","0.007","0.005","-33.33%"
"03/18/2015","0.009","0.017","0.017","0.009","-47.06%"
"03/17/2015","0.017","0.015","0.017","0.013","-15.00%"
"03/16/2015","0.020","0.022","0.023","0.018","-9.09%"
"03/13/2015","0.022","0.021","0.025","0.014","-4.35%"
"03/12/2015","0.023","0.037","0.037","0.023","-30.30%"
"03/11/2015","0.033","0.034","0.037","0.032","-10.81%"
"03/10/2015","0.037","0.021","0.037","0.020","60.87%"
"03/09/2015","0.023","0.011","0.023","0.011","109.09%"
"03/06/2015","0.011","0.012","0.013","0.009","-31.25%"
"03/05/2015","0.016","0.021","0.024","0.014","-30.43%"
"03/04/2015","0.023","0.028","0.028","0.022","-14.81%"
"03/03/2015","0.027","0.020","0.031","0.019","28.57%"
"03/02/2015","0.021","0.020","0.022","0.020","-8.70%"
"02/27/2015","0.023","0.033","0.033","0.021","-14.81%"
"02/26/2015","0.027","0.026","0.031","0.025","8.00%"
"02/25/2015","0.025","0.036","0.036","0.024","-24.24%"
"02/24/2015","0.033","0.034","0.036","0.029","-2.94%"
"02/23/2015","0.034","0.037","0.037","0.034","3.03%"
"02/20/2015","0.033","0.036","0.038","0.033","-13.16%"
"02/19/2015","0.038","0.041","0.041","0.038","-5.00%"
"02/18/2015","0.040","0.041","0.042","0.038","-2.44%"
"02/17/2015","0.041","0.044","0.046","0.041","-6.82%"
"02/16/2015","0.044","0.048","0.048","0.044","-8.33%"
"02/13/2015","0.048","0.046","0.056","0.044","6.67%"
"02/12/2015","0.045","0.051","0.051","0.045","-13.46%"
"02/10/2015","0.052","0.057","0.062","0.052","6.12%"
"02/09/2015","0.049","0.041","0.050","0.040","11.36%"
"02/06/2015","0.044","0.052","0.056","0.041","-15.38%"
"02/05/2015","0.052","0.035","0.069","0.035","44.44%"
"02/04/2015","0.036","0.025","0.038","0.025","44.00%"
"02/03/2015","0.025","0.015","0.028","0.015","66.67%"
"02/02/2015","0.015","0.016","0.016","0.014","-25.00%"
"02/01/2015","0.020","0.020","0.020","0.020","25.00%"
"01/30/2015","0.016","0.017","0.017","0.010","77.78%"
"01/29/2015","0.009","0.004","0.010","0.004","200.00%"
"01/28/2015","0.003","-0.003","0.015","-0.004","-133.33%"
"01/27/2015","-0.009","-0.012","-0.007","-0.014","-30.77%"
"01/26/2015","-0.013","-0.013","-0.009","-0.014","-7.14%"
"01/23/2015","-0.014","-0.018","-0.007","-0.018","-22.22%"
"01/22/2015","-0.018","-0.028","-0.015","-0.030","-30.77%"
"01/21/2015","-0.026","-0.033","-0.025","-0.036","0.00%"
"01/20/2015","-0.026","-0.025","-0.020","-0.028","36.84%"
"01/19/2015","-0.019","-0.018","-0.017","-0.021","-9.52%"
"01/16/2015","-0.021","-0.023","-0.019","-0.029","10.53%"
"01/15/2015","-0.019","-0.023","-0.019","-0.024","-44.12%"
"01/14/2015","-0.034","-0.022","-0.021","-0.038","36.00%"
"01/13/2015","-0.025","-0.026","-0.025","-0.026","19.05%"
"01/09/2015","-0.021","-0.017","-0.011","-0.047","50.00%"
"01/08/2015","-0.014","-0.019","-0.011","-0.019","16.67%"
"01/07/2015","-0.012","-0.019","-0.006","-0.019","-29.41%"
"01/06/2015","-0.017","-0.023","-0.016","-0.029","-19.05%"
"01/05/2015","-0.021","-0.019","-0.016","-0.021","31.25%"
"12/30/2014","-0.016","-0.022","-0.011","-0.023","14.29%"
"12/29/2014","-0.014","-0.016","-0.011","-0.017","40.00%"
"12/28/2014","-0.010","-0.010","-0.010","-0.010","100.00%"
"12/26/2014","-0.005","-0.009","0.002","-0.014","-84.38%"
"12/25/2014","-0.032","-0.031","-0.019","-0.036","-8.57%"
"12/24/2014","-0.035","-0.029","-0.023","-0.036","2.94%"
"12/22/2014","-0.034","-0.037","-0.027","-0.042","88.89%"
"12/19/2014","-0.018","-0.007","-0.002","-0.021","80.00%"
"12/18/2014","-0.010","0.004","0.006","-0.013","-433.33%"
"12/17/2014","0.003","0.003","0.008","-0.002","-40.00%"
"12/16/2014","0.005","0.009","0.011","0.003","-44.44%"
"12/15/2014","0.009","0.011","0.011","0.008","28.57%"
"12/14/2014","0.007","0.007","0.007","0.007","-36.36%"
"12/12/2014","0.011","-0.002","0.011","-0.004","22.22%"
"12/11/2014","0.009","-0.002","0.013","-0.002","800.00%"
"12/10/2014","0.001","-0.001","0.006","-0.008","-116.67%"
"12/09/2014","-0.006","-0.001","0.001","-0.008","-300.00%"
"12/08/2014","0.003","0.004","0.012","-0.004","-142.86%"
"12/05/2014","-0.007","-0.002","0.005","-0.008","0.00%"
"12/04/2014","-0.007","0.018","0.018","-0.013","16.67%"
"12/03/2014","-0.006","0.005","0.009","-0.007","-250.00%"
"12/02/2014","0.004","0.013","0.014","-0.004","-63.64%"
"12/01/2014","0.011","0.014","0.015","0.006","10.00%"
"11/30/2014","0.010","0.010","0.010","0.010","25.00%"
"11/28/2014","0.008","0.015","0.015","0.006","14.29%"
"11/27/2014","0.007","0.015","0.015","0.004","-12.50%"
"11/26/2014","0.008","0.040","0.040","0.005","14.29%"
"11/25/2014","0.007","0.040","0.040","0.005","0.00%"
"11/21/2014","0.007","0.013","0.100","0.005","0.00%"
"11/20/2014","0.007","0.013","0.100","0.005","0.00%"
"11/19/2014","0.007","0.013","0.100","0.007","-50.00%"
"11/18/2014","0.014","0.013","0.021","0.012","0.00%"
"11/17/2014","0.014","0.020","0.020","0.013","-44.00%"
"11/16/2014","0.025","0.025","0.025","0.025","66.67%"
"11/14/2014","0.015","0.033","0.033","0.015","-51.61%"
"11/13/2014","0.031","0.044","0.049","0.029","-34.04%"
"11/12/2014","0.047","0.025","0.050","0.023","51.61%"
"11/11/2014","0.031","0.025","0.031","0.023","29.17%"
"11/10/2014","0.024","0.023","0.028","0.022","-27.27%"
"11/07/2014","0.033","0.025","0.038","0.022","10.00%"
"11/06/2014","0.030","0.025","0.038","0.022","30.43%"
"11/05/2014","0.023","0.019","0.025","0.019","27.78%"
"11/04/2014","0.018","0.019","0.021","0.012","-47.06%"
"10/31/2014","0.034","0.027","0.041","0.020","30.77%"
"10/30/2014","0.026","0.024","0.026","0.024","-13.33%"
"10/29/2014","0.030","0.020","0.027","0.018","66.67%"
"10/28/2014","0.018","0.021","0.025","0.021","-10.00%"
"10/27/2014","0.020","0.023","0.023","0.023","17.65%"
"10/24/2014","0.017","0.032","0.032","0.013","-32.00%"
"10/23/2014","0.025","0.029","0.033","0.022","-16.67%"
"10/22/2014","0.030","0.029","0.033","0.027","15.38%"
"10/21/2014","0.026","0.027","0.034","0.025","-10.34%"
"10/20/2014","0.029","0.022","0.031","0.019","3.57%"
"10/17/2014","0.028","0.039","0.050","0.014","-31.71%"
"10/16/2014","0.041","0.036","0.042","0.036","0.00%"
"10/15/2014","0.041","0.048","0.047","0.037","-10.87%"
"10/14/2014","0.046","0.055","0.055","0.045","-9.80%"
"10/10/2014","0.051","0.051","0.058","0.050","10.87%"
"10/09/2014","0.046","0.045","0.052","0.045","-9.80%"
"10/08/2014","0.051","0.054","0.054","0.050","-15.00%"
"10/07/2014","0.060","0.063","0.064","0.056","1.69%"
"10/06/2014","0.059","0.060","0.064","0.058","-1.67%"
"10/03/2014","0.060","0.065","0.066","0.059","-9.09%"
"10/02/2014","0.066","0.071","0.072","0.064","-4.35%"
"10/01/2014","0.069","0.074","0.078","0.068","-6.76%"
"09/30/2014","0.074","0.075","0.079","0.073","-5.13%"
"09/29/2014","0.078","0.064","0.080","0.064","20.00%"
"09/27/2014","0.065","0.065","0.065","0.065","-4.41%"
"09/26/2014","0.068","0.064","0.070","0.064","4.62%"
"09/25/2014","0.065","0.064","0.068","0.064","-1.52%"
"09/24/2014","0.066","0.064","0.071","0.064","-7.04%"
"09/22/2014","0.071","0.063","0.071","0.062","1.43%"
"09/19/2014","0.070","0.068","0.072","0.067","-2.78%"
"09/18/2014","0.072","0.077","0.077","0.068","-5.26%"
"09/17/2014","0.076","0.077","0.078","0.073","0.00%"
"09/16/2014","0.076","0.079","0.079","0.075","-3.80%"
"09/13/2014","0.079","0.079","0.079","0.079","-1.25%"
"09/12/2014","0.080","0.077","0.081","0.074","0.00%"
"09/11/2014","0.080","0.075","0.080","0.072","5.26%"
"09/10/2014","0.076","0.075","0.078","0.073","2.70%"
"09/09/2014","0.074","0.076","0.078","0.073","-2.63%"
"09/08/2014","0.076","0.071","0.077","0.071","0.00%"
"09/05/2014","0.076","0.080","0.081","0.076","0.00%"
"09/04/2014","0.076","0.079","0.079","0.076","-3.80%"
"09/03/2014","0.079","0.074","0.079","0.073","6.76%"
"09/02/2014","0.074","0.077","0.078","0.074","-1.33%"
"09/01/2014","0.075","0.074","0.076","0.074","2.74%"
"08/31/2014","0.073","0.073","0.073","0.073","1.39%"
"08/29/2014","0.072","0.094","0.094","0.065","0.00%"
"08/28/2014","0.072","0.073","0.077","0.069","-4.00%"
"08/27/2014","0.075","0.076","0.078","0.074","0.00%"
"08/26/2014","0.075","0.076","0.079","0.074","-5.06%"
"08/25/2014","0.079","0.078","0.079","0.076","0.00%"
"08/22/2014","0.079","0.075","0.079","0.074","0.00%"
"08/21/2014","0.079","0.074","0.080","0.074","5.33%"
"08/20/2014","0.075","0.068","0.075","0.068","5.63%"
"08/19/2014","0.071","0.070","0.071","0.069","2.90%"
"08/18/2014","0.069","0.069","0.071","0.068","-2.82%"
"08/15/2014","0.071","0.070","0.074","0.068","4.41%"
"08/14/2014","0.068","0.064","0.069","0.063","3.03%"
"08/13/2014","0.066","0.063","0.069","0.063","-4.35%"
"08/12/2014","0.069","0.069","0.070","0.066","4.55%"
"08/11/2014","0.066","0.069","0.071","0.065","3.12%"
"08/10/2014","0.064","0.064","0.064","0.064","-3.03%"
"08/08/2014","0.066","0.067","0.069","0.064","-7.04%"
"08/07/2014","0.071","0.064","0.071","0.063","1.43%"
"08/06/2014","0.070","0.067","0.071","0.066","2.94%"
"08/05/2014","0.068","0.067","0.071","0.067","-4.23%"
"08/04/2014","0.071","0.066","0.072","0.066","2.90%"
"08/02/2014","0.069","0.069","0.069","0.069","-2.82%"
"08/01/2014","0.071","0.067","0.073","0.065","0.00%"
"07/31/2014","0.071","0.071","0.074","0.065","2.90%"
"07/30/2014","0.069","0.065","0.074","0.065","-5.48%"
"07/29/2014","0.073","0.074","0.075","0.070","1.39%"
"07/28/2014","0.072","0.070","0.074","0.070","2.86%"
"07/27/2014","0.070","0.070","0.070","0.070","0.00%"
"07/25/2014","0.070","0.067","0.071","0.067","4.48%"
"07/24/2014","0.067","0.069","0.070","0.067","0.00%"
"07/23/2014","0.067","0.070","0.070","0.067","1.52%"
"07/22/2014","0.066","0.065","0.070","0.065","4.76%"
"07/20/2014","0.063","0.063","0.063","0.063","-1.56%"
"07/18/2014","0.064","0.063","0.065","0.062","0.00%"
"07/17/2014","0.064","0.066","0.066","0.062","-1.54%"
"07/16/2014","0.065","0.065","0.067","0.064","0.00%"
"07/15/2014","0.065","0.064","0.066","0.063","0.00%"
"07/14/2014","0.065","0.061","0.065","0.061","1.56%"
"07/12/2014","0.064","0.064","0.064","0.064","3.23%"
"07/11/2014","0.062","0.062","0.065","0.062","-3.13%"
"07/10/2014","0.064","0.065","0.066","0.062","0.00%"
"07/09/2014","0.064","0.062","0.068","0.061","-3.03%"
"07/08/2014","0.066","0.070","0.075","0.066","-10.81%"
"07/07/2014","0.074","0.075","0.076","0.074","0.00%"
"07/04/2014","0.074","0.073","0.076","0.069","2.78%"
"07/03/2014","0.072","0.070","0.075","0.070","0.00%"
"07/02/2014","0.072","0.071","0.074","0.071","2.86%"
"07/01/2014","0.070","0.074","0.075","0.068","-9.09%"
"06/30/2014","0.077","0.077","0.079","0.075","8.45%"
"06/27/2014","0.071","0.083","0.084","0.071","-17.44%"
"06/26/2014","0.086","0.086","0.090","0.086","-2.27%"
"06/25/2014","0.088","0.082","0.090","0.082","2.33%"
"06/24/2014","0.086","0.084","0.087","0.084","0.00%"
"06/23/2014","0.086","0.087","0.089","0.086","0.00%"
"06/20/2014","0.086","0.086","0.087","0.085","1.18%"
"06/19/2014","0.085","0.086","0.086","0.084","0.00%"
"06/18/2014","0.085","0.083","0.086","0.083","1.19%"
"06/17/2014","0.084","0.083","0.086","0.083","-1.18%"
"06/16/2014","0.085","0.085","0.086","0.085","0.00%"
"06/13/2014","0.085","0.085","0.086","0.085","0.00%"
"06/12/2014","0.085","0.084","0.086","0.082","-1.16%"
"06/11/2014","0.086","0.082","0.086","0.082","-1.15%"
"06/10/2014","0.087","0.090","0.090","0.087","-3.33%"
"06/09/2014","0.090","0.089","0.090","0.089","-1.10%"
"06/06/2014","0.091","0.088","0.091","0.088","0.00%"
"06/05/2014","0.091","0.088","0.091","0.088","0.00%"
"06/04/2014","0.091","0.088","0.091","0.088","0.00%"
"06/03/2014","0.091","0.089","0.091","0.089","-2.15%"
"06/02/2014","0.093","0.089","0.093","0.088","3.33%"
"05/30/2014","0.090","0.088","0.093","0.088","-2.17%"
"05/29/2014","0.092","0.090","0.092","0.090","0.00%"
"05/28/2014","0.092","0.088","0.092","0.086","5.75%"
"05/27/2014","0.087","0.086","0.087","0.085","0.00%"
"05/26/2014","0.087","0.087","0.089","0.086","2.35%"
"05/25/2014","0.085","0.085","0.085","0.085","-1.16%"
"05/23/2014","0.086","0.086","0.087","0.086","-1.15%"
"05/22/2014","0.087","0.086","0.087","0.086","1.16%"
"05/21/2014","0.086","0.086","0.087","0.086","0.00%"
"05/20/2014","0.086","0.089","0.089","0.086","-1.15%"
"05/19/2014","0.087","0.085","0.087","0.085","0.00%"
"05/16/2014","0.087","0.085","0.087","0.085","1.16%"
"05/15/2014","0.086","0.087","0.088","0.086","-2.27%"
"05/14/2014","0.088","0.085","0.088","0.085","2.33%"
"05/13/2014","0.086","0.086","0.088","0.084","2.38%"
"05/12/2014","0.084","0.085","0.088","0.084","-2.33%"
"05/09/2014","0.086","0.088","0.090","0.086","-3.37%"
"05/08/2014","0.089","0.090","0.094","0.088","-2.20%"
"05/07/2014","0.091","0.090","0.095","0.089","-1.09%"
"05/02/2014","0.092","0.091","0.093","0.089","4.55%"
"05/01/2014","0.088","0.089","0.090","0.088","-1.12%"
"04/30/2014","0.089","0.087","0.090","0.087","0.00%"
"04/28/2014","0.089","0.085","0.089","0.084","2.30%"
"04/25/2014","0.087","0.090","0.092","0.084","-5.43%"
"04/24/2014","0.092","0.090","0.093","0.090","1.10%"
"04/23/2014","0.091","0.090","0.094","0.090","-1.09%"
"04/22/2014","0.092","0.090","0.095","0.090","0.00%"
"04/21/2014","0.092","0.088","0.093","0.088","1.10%"
"04/18/2014","0.091","0.093","0.094","0.089","-3.19%"
"04/17/2014","0.094","0.092","0.095","0.091","3.30%"
"04/16/2014","0.091","0.091","0.094","0.090","0.00%"
"04/15/2014","0.091","0.090","0.094","0.089","1.11%"
"04/14/2014","0.090","0.083","0.092","0.083","5.88%"
"04/11/2014","0.085","0.084","0.087","0.084","-1.16%"
"04/10/2014","0.086","0.086","0.090","0.085","2.38%"
"04/09/2014","0.084","0.085","0.088","0.084","-1.18%"
"04/08/2014","0.085","0.084","0.089","0.084","1.19%"
"04/07/2014","0.084","0.083","0.087","0.083","0.00%"
"04/04/2014","0.084","0.083","0.089","0.083","0.00%"
"04/03/2014","0.084","0.085","0.087","0.084","-1.18%"
"04/02/2014","0.085","0.085","0.087","0.085","-1.16%"
"04/01/2014","0.086","0.090","0.092","0.086","-5.49%"
"03/31/2014","0.091","0.088","0.093","0.088","0.00%"
"03/28/2014","0.091","0.095","0.095","0.083","12.35%"
"03/27/2014","0.081","0.078","0.082","0.078","5.19%"
"03/26/2014","0.077","0.077","0.079","0.077","0.00%"
"03/25/2014","0.077","0.079","0.082","0.077","-2.53%"
"03/24/2014","0.079","0.075","0.081","0.075","3.95%"
"03/20/2014","0.076","0.073","0.080","0.073","-2.56%"
"03/19/2014","0.078","0.081","0.082","0.078","-3.70%"
"03/18/2014","0.081","0.082","0.082","0.081","0.00%"
"03/17/2014","0.081","0.080","0.083","0.080","-1.22%"
"03/14/2014","0.082","0.085","0.086","0.082","-3.53%"
"03/13/2014","0.085","0.081","0.087","0.080","4.94%"
"03/12/2014","0.081","0.075","0.082","0.075","6.58%"
"03/11/2014","0.076","0.078","0.078","0.073","0.00%"
"03/10/2014","0.076","0.074","0.078","0.072","2.70%"
"03/09/2014","0.074","0.074","0.074","0.074","-1.33%"
"03/07/2014","0.075","0.074","0.078","0.074","-1.32%"
"03/06/2014","0.076","0.077","0.079","0.075","0.00%"
"03/05/2014","0.076","0.074","0.077","0.074","1.33%"
"03/04/2014","0.075","0.073","0.079","0.073","1.35%"
"03/03/2014","0.074","0.076","0.077","0.074","1.37%"
"02/28/2014","0.073","0.074","0.076","0.073","-5.19%"
"02/27/2014","0.077","0.079","0.079","0.075","1.32%"
"02/26/2014","0.076","0.080","0.080","0.076","-2.56%"
"02/25/2014","0.078","0.080","0.080","0.076","2.63%"
"02/24/2014","0.076","0.079","0.080","0.075","0.00%"
"02/21/2014","0.076","0.079","0.082","0.076","-6.17%"
"02/20/2014","0.081","0.084","0.088","0.080","-5.81%"
"02/19/2014","0.086","0.088","0.091","0.084","7.50%"
"02/18/2014","0.080","0.070","0.084","0.068","19.40%"
"02/17/2014","0.067","0.075","0.075","0.067","-5.63%"
"02/14/2014","0.071","0.075","0.077","0.071","-5.33%"
"02/13/2014","0.075","0.077","0.078","0.074","1.35%"
"02/12/2014","0.074","0.073","0.077","0.070","0.00%"
"02/10/2014","0.074","0.082","0.082","0.073","-8.64%"
"02/07/2014","0.081","0.086","0.088","0.078","-6.90%"
"02/06/2014","0.087","0.085","0.089","0.085","0.00%"
"02/05/2014","0.087","0.087","0.088","0.085","0.00%"
"02/04/2014","0.087","0.086","0.089","0.085","-2.25%"
"02/03/2014","0.089","0.085","0.092","0.085","0.00%"
"01/31/2014","0.089","0.090","0.091","0.088","-2.20%"
"01/30/2014","0.091","0.090","0.092","0.088","-1.09%"
"01/29/2014","0.092","0.092","0.094","0.090","1.10%"
"01/28/2014","0.091","0.091","0.092","0.091","0.00%"
"01/27/2014","0.091","0.086","0.092","0.086","-1.09%"
"01/24/2014","0.092","0.091","0.093","0.090","3.37%"
"01/23/2014","0.089","0.090","0.091","0.088","-2.20%"
"01/22/2014","0.091","0.088","0.091","0.088","1.11%"
"01/21/2014","0.090","0.089","0.092","0.089","-1.10%"
"01/20/2014","0.091","0.089","0.091","0.089","0.00%"
"01/17/2014","0.091","0.091","0.092","0.090","-1.09%"
"01/16/2014","0.092","0.092","0.093","0.090","-1.08%"
"01/15/2014","0.093","0.092","0.093","0.090","0.00%"
"01/14/2014","0.093","0.091","0.098","0.091","-2.11%"
"01/10/2014","0.095","0.095","0.098","0.094","0.00%"
"01/09/2014","0.095","0.096","0.096","0.094","-1.04%"
"01/08/2014","0.096","0.093","0.099","0.091","1.05%"
"01/07/2014","0.095","0.094","0.098","0.094","-3.06%"
"01/06/2014","0.098","0.101","0.104","0.095","-2.00%"
"12/30/2013","0.100","0.101","0.102","0.100","-0.99%"
"12/27/2013","0.101","0.101","0.101","0.098","0.00%"
"12/26/2013","0.101","0.102","0.102","0.099","1.00%"
"12/25/2013","0.100","0.100","0.101","0.098","1.01%"
"12/24/2013","0.099","0.096","0.101","0.096","4.21%"
"12/20/2013","0.095","0.100","0.101","0.095","-3.06%"
"12/19/2013","0.098","0.099","0.101","0.095","1.03%"
"12/18/2013","0.097","0.094","0.099","0.094","1.04%"
"12/17/2013","0.096","0.102","0.102","0.095","1.05%"
"12/16/2013","0.095","0.099","0.102","0.094","0.00%"
"12/13/2013","0.095","0.098","0.099","0.094","1.06%"
"12/12/2013","0.094","0.094","0.097","0.094","4.44%"
"12/11/2013","0.090","0.089","0.093","0.088","1.12%"
"12/10/2013","0.089","0.089","0.092","0.086","2.30%"
"12/09/2013","0.087","0.089","0.092","0.086","-2.25%"
"12/07/2013","0.089","0.089","0.089","0.089","2.30%"
"12/06/2013","0.087","0.085","0.088","0.085","3.57%"
"12/05/2013","0.084","0.085","0.088","0.084","0.00%"
"12/04/2013","0.084","0.086","0.088","0.084","-1.18%"
"12/03/2013","0.085","0.086","0.088","0.084","1.19%"
"12/02/2013","0.084","0.084","0.090","0.083","0.00%"
"11/30/2013","0.084","0.084","0.084","0.084","-3.45%"
"11/29/2013","0.087","0.089","0.090","0.086","-2.25%"
"11/28/2013","0.089","0.095","0.096","0.088","-6.32%"
"11/27/2013","0.095","0.096","0.097","0.095","-1.04%"
"11/26/2013","0.096","0.096","0.100","0.094","0.00%"
"11/25/2013","0.096","0.098","0.100","0.096","0.00%"
"11/23/2013","0.096","0.096","0.096","0.096","-2.04%"
"11/22/2013","0.098","0.099","0.101","0.097","0.00%"
"11/21/2013","0.098","0.098","0.100","0.098","1.03%"
"11/20/2013","0.097","0.095","0.099","0.095","2.11%"
"11/19/2013","0.095","0.094","0.096","0.093","1.06%"
"11/18/2013","0.094","0.094","0.096","0.094","0.00%"
"11/17/2013","0.094","0.094","0.094","0.094","0.00%"
"11/16/2013","0.094","0.094","0.094","0.094","-2.08%"
"11/15/2013","0.096","0.095","0.098","0.094","3.23%"
"11/14/2013","0.093","0.094","0.097","0.093","-4.12%"
"11/13/2013","0.097","0.095","0.098","0.095","2.11%"
"11/12/2013","0.095","0.095","0.098","0.095","0.00%"
"11/11/2013","0.095","0.096","0.098","0.095","1.06%"
"11/09/2013","0.094","0.094","0.094","0.094","-1.05%"
"11/08/2013","0.095","0.093","0.096","0.092","-2.06%"
"11/07/2013","0.097","0.100","0.100","0.096","-3.00%"
"11/06/2013","0.100","0.099","0.101","0.099","1.01%"
"11/05/2013","0.099","0.099","0.101","0.099","0.00%"
"11/03/2013","0.099","0.099","0.099","0.099","0.00%"
"11/02/2013","0.099","0.099","0.099","0.099","-1.00%"
"11/01/2013","0.100","0.100","0.101","0.099","0.00%"
"10/31/2013","0.100","0.100","0.101","0.099","2.04%"
"10/30/2013","0.098","0.097","0.100","0.097","-3.92%"
"10/29/2013","0.102","0.103","0.104","0.102","0.00%"
"10/28/2013","0.102","0.103","0.104","0.102","-1.92%"
"10/27/2013","0.104","0.104","0.104","0.104","0.00%"
"10/26/2013","0.104","0.104","0.104","0.104","1.96%"
"10/25/2013","0.102","0.099","0.103","0.099","0.99%"
"10/24/2013","0.101","0.101","0.102","0.100","-0.98%"
"10/23/2013","0.102","0.098","0.103","0.098","2.00%"
"10/22/2013","0.100","0.101","0.102","0.100","-0.99%"
"10/21/2013","0.101","0.101","0.102","0.100","0.00%"
"10/19/2013","0.101","0.101","0.101","0.101","-0.98%"
"10/18/2013","0.102","0.099","0.102","0.098","0.99%"
"10/17/2013","0.101","0.095","0.101","0.094","3.06%"
"10/16/2013","0.098","0.095","0.099","0.095","3.16%"
"10/15/2013","0.095","0.096","0.101","0.095","0.00%"
"10/12/2013","0.095","0.095","0.095","0.095","0.00%"
"10/11/2013","0.095","0.095","0.098","0.094","-1.04%"
"10/10/2013","0.096","0.100","0.100","0.096","0.00%"
"10/09/2013","0.096","0.102","0.104","0.096","-4.95%"
"10/08/2013","0.101","0.099","0.105","0.099","0.00%"
"10/07/2013","0.101","0.102","0.105","0.100","2.02%"
"10/05/2013","0.099","0.099","0.099","0.099","-1.98%"
"10/04/2013","0.101","0.101","0.102","0.099","1.00%"
"10/03/2013","0.100","0.100","0.105","0.100","-3.85%"
"10/02/2013","0.104","0.107","0.109","0.103","-3.70%"
"10/01/2013","0.108","0.108","0.113","0.108","0.00%"
"09/30/2013","0.108","0.103","0.109","0.103","8.00%"
"09/29/2013","0.100","0.100","0.100","0.100","-0.99%"
"09/27/2013","0.101","0.100","0.104","0.099","-1.94%"
"09/26/2013","0.103","0.096","0.103","0.096","6.19%"
"09/25/2013","0.097","0.094","0.098","0.094","-1.02%"
"09/24/2013","0.098","0.100","0.100","0.094","-4.85%"
"09/22/2013","0.103","0.103","0.103","0.103","0.00%"
"09/21/2013","0.103","0.103","0.103","0.103","-3.74%"
"09/20/2013","0.107","0.112","0.114","0.105","-5.31%"
"09/19/2013","0.113","0.117","0.118","0.112","-2.59%"
"09/18/2013","0.116","0.116","0.118","0.116","0.00%"
"09/17/2013","0.116","0.115","0.118","0.115","-1.69%"
"09/15/2013","0.118","0.118","0.118","0.118","0.00%"
"09/14/2013","0.118","0.118","0.118","0.118","0.85%"
"09/13/2013","0.117","0.117","0.120","0.115","0.86%"
"09/12/2013","0.116","0.115","0.118","0.115","0.87%"
"09/11/2013","0.115","0.116","0.118","0.115","-3.36%"
"09/10/2013","0.119","0.116","0.119","0.115","2.59%"
"09/09/2013","0.116","0.115","0.119","0.115","1.75%"
"09/08/2013","0.114","0.114","0.114","0.114","0.00%"
"09/07/2013","0.114","0.114","0.114","0.114","-0.87%"
"09/06/2013","0.115","0.116","0.118","0.115","0.00%"
"09/05/2013","0.115","0.116","0.118","0.115","0.00%"
"09/04/2013","0.115","0.116","0.117","0.115","-0.86%"
"09/03/2013","0.116","0.116","0.120","0.115","0.87%"
"09/02/2013","0.115","0.116","0.119","0.114","1.77%"
"09/01/2013","0.113","0.113","0.113","0.113","0.00%"
"08/31/2013","0.113","0.113","0.113","0.113","-4.24%"
"08/30/2013","0.118","0.119","0.120","0.115","2.61%"
"08/29/2013","0.115","0.114","0.117","0.112","0.00%"
"08/28/2013","0.115","0.115","0.117","0.114","0.00%"
"08/27/2013","0.115","0.114","0.117","0.114","-0.86%"
"08/26/2013","0.116","0.116","0.117","0.115","0.87%"
"08/24/2013","0.115","0.115","0.115","0.115","-0.86%"
"08/23/2013","0.116","0.114","0.117","0.114","0.00%"
"08/22/2013","0.116","0.114","0.118","0.114","1.75%"
"08/21/2013","0.114","0.109","0.115","0.109","1.79%"
"08/20/2013","0.112","0.111","0.115","0.111","0.00%"
"08/19/2013","0.112","0.114","0.115","0.109","1.82%"
"08/17/2013","0.110","0.110","0.110","0.110","-2.65%"
"08/16/2013","0.113","0.111","0.116","0.111","0.89%"
"08/15/2013","0.112","0.114","0.114","0.112","-1.75%"
"08/14/2013","0.114","0.110","0.116","0.110","2.70%"
"08/13/2013","0.111","0.109","0.114","0.109","0.91%"
"08/12/2013","0.110","0.109","0.113","0.109","0.92%"
"08/11/2013","0.109","0.109","0.109","0.109","0.00%"
"08/10/2013","0.109","0.109","0.109","0.109","-3.54%"
"08/09/2013","0.113","0.109","0.115","0.108","2.73%"
"08/08/2013","0.110","0.113","0.117","0.110","-5.17%"
"08/07/2013","0.116","0.116","0.117","0.113","0.00%"
"08/06/2013","0.116","0.118","0.119","0.115","0.00%"
"08/05/2013","0.116","0.119","0.122","0.115","-2.52%"
"08/03/2013","0.119","0.119","0.119","0.119","-3.25%"
"08/02/2013","0.123","0.122","0.127","0.119","0.00%"
"08/01/2013","0.123","0.120","0.123","0.120","0.00%"
"07/31/2013","0.123","0.120","0.125","0.120","4.24%"
"07/30/2013","0.118","0.131","0.131","0.118","-9.92%"
"07/29/2013","0.131","0.129","0.132","0.129","0.77%"
"07/27/2013","0.130","0.130","0.130","0.130","-0.76%"
"07/26/2013","0.131","0.131","0.132","0.131","0.00%"
"07/25/2013","0.131","0.131","0.132","0.130","0.00%"
"07/24/2013","0.131","0.129","0.132","0.129","0.00%"
"07/23/2013","0.131","0.131","0.132","0.131","0.00%"
"07/22/2013","0.131","0.129","0.133","0.129","0.77%"
"07/20/2013","0.130","0.130","0.130","0.130","-0.76%"
"07/19/2013","0.131","0.129","0.132","0.129","0.00%"
"07/18/2013","0.131","0.131","0.132","0.129","0.77%"
"07/17/2013","0.130","0.131","0.132","0.128","-1.52%"
"07/16/2013","0.132","0.128","0.132","0.128","1.54%"
"07/15/2013","0.130","0.130","0.130","0.130","0.00%"
"07/13/2013","0.130","0.130","0.130","0.130","0.00%"
"07/12/2013","0.130","0.130","0.133","0.130","-1.52%"
"07/11/2013","0.132","0.136","0.138","0.131","-2.22%"
"07/10/2013","0.135","0.134","0.137","0.134","-2.88%"
"07/09/2013","0.139","0.138","0.141","0.136","-3.47%"
"07/08/2013","0.144","0.139","0.144","0.139","3.60%"
"07/06/2013","0.139","0.139","0.139","0.139","-0.71%"
"07/05/2013","0.140","0.139","0.141","0.139","-2.78%"
"07/04/2013","0.144","0.140","0.145","0.139","1.41%"
"07/03/2013","0.142","0.144","0.148","0.142","-1.39%"
"07/02/2013","0.144","0.147","0.148","0.144","-0.69%"
"07/01/2013","0.145","0.145","0.149","0.144","-1.36%"
"06/29/2013","0.147","0.147","0.147","0.147","-1.34%"
"06/28/2013","0.149","0.149","0.150","0.145","4.93%"
"06/27/2013","0.142","0.147","0.149","0.140","-3.40%"
"06/26/2013","0.147","0.142","0.151","0.142","4.26%"
"06/25/2013","0.141","0.135","0.152","0.135","2.17%"
"06/24/2013","0.138","0.133","0.142","0.133","2.22%"
"06/23/2013","0.135","0.135","0.135","0.135","0.00%"
"06/21/2013","0.135","0.132","0.138","0.130","3.05%"
"06/20/2013","0.131","0.130","0.135","0.129","0.00%"
"06/19/2013","0.131","0.130","0.133","0.129","0.77%"
"06/18/2013","0.130","0.129","0.132","0.129","-0.76%"
"06/17/2013","0.131","0.128","0.134","0.125","1.55%"
"06/16/2013","0.129","0.129","0.129","0.129","0.00%"
"06/15/2013","0.129","0.129","0.129","0.129","-3.01%"
"06/14/2013","0.133","0.134","0.140","0.133","-4.32%"
"06/13/2013","0.139","0.128","0.139","0.126","7.75%"
"06/12/2013","0.129","0.131","0.135","0.129","-2.27%"
"06/11/2013","0.132","0.130","0.140","0.130","2.33%"
"06/10/2013","0.129","0.125","0.131","0.124","4.03%"
"06/08/2013","0.124","0.124","0.124","0.124","-0.80%"
"06/07/2013","0.125","0.124","0.128","0.124","-3.10%"
"06/06/2013","0.129","0.127","0.130","0.123","2.38%"
"06/05/2013","0.126","0.129","0.131","0.124","-5.26%"
"06/04/2013","0.133","0.134","0.136","0.131","-3.62%"
"06/03/2013","0.138","0.144","0.146","0.137","-6.76%"
"05/31/2013","0.148","0.151","0.152","0.144","0.00%"
"05/30/2013","0.148","0.143","0.157","0.143","2.07%"
"05/29/2013","0.145","0.133","0.152","0.133","7.41%"
"05/28/2013","0.135","0.128","0.138","0.128","3.85%"
"05/27/2013","0.130","0.128","0.132","0.127","1.56%"
"05/25/2013","0.128","0.128","0.128","0.128","0.00%"
"05/24/2013","0.128","0.123","0.131","0.123","3.23%"
"05/23/2013","0.124","0.129","0.145","0.124","-7.46%"
"05/22/2013","0.134","0.133","0.135","0.129","0.00%"
"05/21/2013","0.134","0.134","0.137","0.132","-0.74%"
"05/20/2013","0.135","0.131","0.137","0.131","0.75%"
"05/18/2013","0.134","0.134","0.134","0.134","-0.74%"
"05/17/2013","0.135","0.132","0.136","0.127","-0.74%"
"05/16/2013","0.136","0.138","0.141","0.135","-3.55%"
"05/15/2013","0.141","0.138","0.157","0.138","0.00%"
"05/14/2013","0.141","0.123","0.143","0.123","12.80%"
"05/13/2013","0.125","0.115","0.129","0.113","8.70%"
"05/11/2013","0.115","0.115","0.115","0.115","-3.36%"
"05/10/2013","0.119","0.114","0.121","0.114","1.71%"
"05/09/2013","0.117","0.114","0.118","0.114","0.00%"
"05/08/2013","0.117","0.115","0.118","0.115","-0.85%"
"05/07/2013","0.118","0.115","0.118","0.114","3.51%"
"05/03/2013","0.114","0.114","0.114","0.114","-1.72%"
"05/02/2013","0.116","0.119","0.121","0.116","-6.45%"
"05/01/2013","0.124","0.125","0.127","0.121","-3.88%"
"04/30/2013","0.129","0.129","0.130","0.127","0.00%"
"04/27/2013","0.129","0.129","0.129","0.129","0.00%"
"04/26/2013","0.129","0.129","0.130","0.129","4.03%"
"04/25/2013","0.124","0.122","0.126","0.122","-0.80%"
"04/24/2013","0.125","0.123","0.126","0.123","1.63%"
"04/23/2013","0.123","0.125","0.129","0.123","-4.65%"
"04/22/2013","0.129","0.129","0.132","0.126","-0.77%"
"04/20/2013","0.130","0.130","0.130","0.130","1.56%"
"04/19/2013","0.128","0.133","0.133","0.128","-3.03%"
"04/18/2013","0.132","0.133","0.134","0.131","-0.75%"
"04/17/2013","0.133","0.134","0.136","0.132","-1.48%"
"04/16/2013","0.135","0.130","0.141","0.130","-1.46%"
"04/15/2013","0.137","0.129","0.140","0.129","6.20%"
"04/13/2013","0.129","0.129","0.129","0.129","0.00%"
"04/12/2013","0.129","0.120","0.138","0.119","4.03%"
"04/11/2013","0.124","0.131","0.147","0.123","-5.34%"
"04/10/2013","0.131","0.110","0.132","0.110","14.91%"
"04/09/2013","0.114","0.096","0.116","0.096","21.28%"
"04/08/2013","0.094","0.088","0.099","0.081","2.17%"
"04/05/2013","0.092","0.068","0.093","0.066","31.43%"
"04/04/2013","0.070","0.064","0.071","0.059","6.06%"
"04/03/2013","0.066","0.064","0.067","0.063","3.12%"
"04/02/2013","0.064","0.062","0.067","0.059","1.59%"
"04/01/2013","0.063","0.069","0.072","0.063","-7.35%"
"03/30/2013","0.068","0.068","0.068","0.068","-1.45%"
"03/29/2013","0.069","0.059","0.071","0.059","60.47%"
"03/28/2013","0.043","0.040","0.054","0.040","4.88%"
"03/27/2013","0.041","0.039","0.042","0.038","7.89%"
"03/26/2013","0.038","0.043","0.044","0.038","-13.64%"
"03/25/2013","0.044","0.043","0.047","0.042","-2.22%"
"03/23/2013","0.045","0.045","0.045","0.045","-2.17%"
"03/22/2013","0.046","0.047","0.048","0.046","-4.17%"
"03/21/2013","0.048","0.044","0.048","0.044","6.67%"
"03/20/2013","0.045","0.045","0.045","0.045","-2.17%"
"03/19/2013","0.046","0.044","0.047","0.044","0.00%"
"03/18/2013","0.046","0.044","0.047","0.043","-4.17%"
"03/17/2013","0.048","0.048","0.048","0.048","0.00%"
"03/16/2013","0.048","0.048","0.048","0.048","0.00%"
"03/15/2013","0.048","0.046","0.052","0.045","2.13%"
"03/14/2013","0.047","0.043","0.049","0.043","0.00%"
"03/13/2013","0.047","0.048","0.050","0.045","-4.08%"
"03/12/2013","0.049","0.044","0.052","0.043","6.52%"
"03/11/2013","0.046","0.044","0.047","0.044","6.98%"
"03/09/2013","0.043","0.043","0.043","0.043","-10.42%"
"03/08/2013","0.048","0.043","0.051","0.043","11.63%"
"03/07/2013","0.043","0.044","0.045","0.043","-2.27%"
"03/06/2013","0.044","0.044","0.045","0.042","-2.22%"
"03/05/2013","0.045","0.045","0.047","0.044","-6.25%"
"03/04/2013","0.048","0.049","0.051","0.046","-4.00%"
"03/02/2013","0.050","0.050","0.050","0.050","2.04%"
"03/01/2013","0.049","0.051","0.052","0.049","6.52%"
"02/28/2013","0.046","0.044","0.048","0.044","6.98%"
"02/27/2013","0.043","0.043","0.047","0.041","4.88%"
"02/26/2013","0.041","0.044","0.044","0.038","-6.82%"
"02/25/2013","0.044","0.043","0.047","0.041","0.00%"
"02/23/2013","0.044","0.044","0.044","0.044","0.00%"
"02/22/2013","0.044","0.043","0.046","0.043","2.33%"
"02/21/2013","0.043","0.042","0.045","0.042","4.88%"
"02/20/2013","0.041","0.041","0.048","0.041","-2.38%"
"02/19/2013","0.042","0.043","0.047","0.042","-4.55%"
"02/18/2013","0.044","0.044","0.048","0.041","2.33%"
"02/17/2013","0.043","0.043","0.043","0.043","0.00%"
"02/16/2013","0.043","0.043","0.043","0.043","0.00%"
"02/15/2013","0.043","0.044","0.046","0.042","4.88%"
"02/14/2013","0.041","0.035","0.046","0.034","70.83%"
"02/13/2013","0.024","0.035","0.035","0.024","-17.24%"
"02/12/2013","0.029","0.032","0.036","0.029","-6.45%"
"02/09/2013","0.031","0.031","0.031","0.031","3.33%"
"02/08/2013","0.030","0.034","0.034","0.025","-6.25%"
"02/07/2013","0.032","0.048","0.049","0.030","-30.43%"
"02/06/2013","0.046","0.067","0.067","0.046","-22.03%"
"02/05/2013","0.059","0.067","0.067","0.058","-10.61%"
"02/04/2013","0.066","0.066","0.071","0.066","-2.94%"
"02/02/2013","0.068","0.068","0.068","0.068","-23.60%"
"02/01/2013","0.089","0.070","0.090","0.065","20.27%"
"01/31/2013","0.074","0.079","0.080","0.066","-7.50%"
"01/30/2013","0.080","0.079","0.080","0.078","3.90%"
"01/29/2013","0.077","0.079","0.081","0.077","-4.94%"
"01/28/2013","0.081","0.080","0.081","0.079","2.53%"
"01/26/2013","0.079","0.079","0.079","0.079","-3.66%"
"01/25/2013","0.082","0.083","0.084","0.082","-5.75%"
"01/24/2013","0.087","0.083","0.088","0.083","2.35%"
"01/23/2013","0.085","0.074","0.091","0.074","11.84%"
"01/22/2013","0.076","0.073","0.080","0.071","0.00%"
"01/21/2013","0.076","0.072","0.076","0.070","4.11%"
"01/19/2013","0.073","0.073","0.073","0.073","-1.35%"
"01/18/2013","0.074","0.078","0.080","0.074","-8.64%"
"01/17/2013","0.081","0.079","0.083","0.079","0.00%"
"01/16/2013","0.081","0.078","0.085","0.078","1.25%"
"01/15/2013","0.080","0.083","0.085","0.075","-4.76%"
"01/13/2013","0.084","0.084","0.084","0.084","0.00%"
"01/12/2013","0.084","0.084","0.084","0.084","-7.69%"
"01/11/2013","0.091","0.098","0.098","0.085","-6.19%"
"01/10/2013","0.097","0.096","0.098","0.096","0.00%"
"01/09/2013","0.097","0.097","0.098","0.094","0.00%"
"01/08/2013","0.097","0.098","0.098","0.097","0.00%"
"01/07/2013","0.097","0.098","0.099","0.096","-3.00%"
"01/05/2013","0.100","0.100","0.100","0.100","3.09%"
"01/04/2013","0.097","0.099","0.100","0.096","-2.02%"
"01/03/2013","0.099","0.099","0.099","0.099","0.00%"
"01/02/2013","0.099","0.099","0.099","0.099","-8.33%"
"01/01/2013","0.108","0.108","0.108","0.108","0.00%"
"12/31/2012","0.108","0.108","0.108","0.108","0.00%"
"12/30/2012","0.108","0.108","0.108","0.108","0.00%"
"12/29/2012","0.108","0.108","0.108","0.108","11.34%"
"12/28/2012","0.097","0.099","0.099","0.096","-2.02%"
"12/27/2012","0.099","0.100","0.103","0.099","1.02%"
"12/26/2012","0.098","0.098","0.100","0.098","0.00%"
"12/25/2012","0.098","0.097","0.099","0.097","-1.01%"
"12/24/2012","0.099","0.099","0.099","0.099","0.00%"
"12/23/2012","0.099","0.099","0.099","0.099","0.00%"
"12/22/2012","0.099","0.099","0.099","0.099","1.02%"
"12/21/2012","0.098","0.096","0.099","0.096","1.03%"
"12/20/2012","0.097","0.096","0.099","0.096","-1.02%"
"12/19/2012","0.098","0.098","0.102","0.098","0.00%"
"12/18/2012","0.098","0.097","0.099","0.097","0.00%"
"12/17/2012","0.098","0.098","0.098","0.097","-1.01%"
"12/15/2012","0.099","0.099","0.099","0.099","1.02%"
"12/14/2012","0.098","0.098","0.099","0.096","-1.01%"
"12/13/2012","0.099","0.097","0.100","0.097","0.00%"
"12/12/2012","0.099","0.097","0.099","0.097","0.00%"
"12/11/2012","0.099","0.099","0.099","0.098","2.06%"
"12/10/2012","0.097","0.099","0.099","0.097","-2.02%"
"12/08/2012","0.099","0.099","0.099","0.099","1.02%"
"12/07/2012","0.098","0.099","0.099","0.097","0.00%"
"12/06/2012","0.098","0.099","0.099","0.098","-2.97%"
"12/05/2012","0.101","0.099","0.101","0.099","3.06%"
"12/04/2012","0.098","0.099","0.099","0.097","-2.00%"
"12/03/2012","0.100","0.098","0.101","0.098","3.09%"
"12/01/2012","0.097","0.097","0.097","0.097","0.00%"
"11/30/2012","0.097","0.098","0.099","0.097","-2.02%"
"11/29/2012","0.099","0.098","0.100","0.097","2.06%"
"11/28/2012","0.097","0.105","0.105","0.097","-2.02%"
"11/27/2012","0.099","0.100","0.100","0.098","-1.98%"
"11/26/2012","0.101","0.100","0.101","0.099","2.02%"
"11/23/2012","0.099","0.099","0.099","0.099","-1.98%"
"11/22/2012","0.101","0.100","0.101","0.099","1.00%"
"11/21/2012","0.100","0.099","0.100","0.099","1.01%"
"11/20/2012","0.099","0.101","0.101","0.098","-1.00%"
"11/19/2012","0.100","0.098","0.101","0.098","1.01%"
"11/17/2012","0.099","0.099","0.099","0.099","-1.98%"
"11/16/2012","0.101","0.099","0.101","0.099","1.00%"
"11/15/2012","0.100","0.100","0.101","0.098","1.01%"
"11/14/2012","0.099","0.099","0.100","0.099","-1.98%"
"11/13/2012","0.101","0.100","0.101","0.099","0.00%"
"11/12/2012","0.101","0.100","0.101","0.099","2.02%"
"11/10/2012","0.099","0.099","0.099","0.099","-1.98%"
"11/09/2012","0.101","0.099","0.101","0.097","2.02%"
"11/08/2012","0.099","0.099","0.101","0.099","-1.00%"
"11/07/2012","0.100","0.098","0.100","0.098","1.01%"
"11/06/2012","0.099","0.099","0.100","0.098","-1.00%"
"11/05/2012","0.100","0.099","0.100","0.099","0.00%"
"11/03/2012","0.100","0.100","0.100","0.100","0.00%"
"11/02/2012","0.100","0.099","0.100","0.099","0.00%"
"11/01/2012","0.100","0.099","0.100","0.098","0.00%"
"10/31/2012","0.100","0.098","0.100","0.098","-0.99%"
"10/30/2012","0.101","0.099","0.101","0.099","2.02%"
"10/29/2012","0.099","0.100","0.100","0.099","-5.71%"
"10/27/2012","0.105","0.105","0.105","0.105","6.06%"
"10/26/2012","0.099","0.100","0.100","0.098","-2.94%"
"10/25/2012","0.102","0.102","0.102","0.102","0.00%"
"10/24/2012","0.102","0.100","0.102","0.100","0.99%"
"10/23/2012","0.101","0.102","0.103","0.100","-0.98%"
"10/22/2012","0.102","0.105","0.105","0.101","-1.92%"
"10/20/2012","0.104","0.104","0.104","0.104","0.97%"
"10/19/2012","0.103","0.104","0.104","0.102","0.98%"
"10/18/2012","0.102","0.103","0.103","0.102","0.00%"
"10/17/2012","0.102","0.102","0.103","0.102","0.00%"
"10/16/2012","0.102","0.102","0.103","0.102","0.00%"
"10/15/2012","0.102","0.104","0.104","0.102","-0.97%"
"10/13/2012","0.103","0.103","0.103","0.103","0.98%"
"10/12/2012","0.102","0.101","0.103","0.101","0.00%"
"10/11/2012","0.102","0.104","0.104","0.102","0.00%"
"10/10/2012","0.102","0.102","0.102","0.102","-1.92%"
"10/09/2012","0.104","0.103","0.105","0.101","-12.61%"
"10/08/2012","0.119","0.119","0.119","0.119","0.00%"
"10/06/2012","0.119","0.119","0.119","0.119","17.82%"
"10/05/2012","0.101","0.101","0.103","0.101","0.00%"
"10/04/2012","0.101","0.101","0.103","0.101","0.00%"
"10/03/2012","0.101","0.103","0.104","0.101","0.00%"
"10/02/2012","0.101","0.101","0.103","0.101","0.00%"
"10/01/2012","0.101","0.101","0.102","0.101","-3.81%"
"09/29/2012","0.105","0.105","0.105","0.105","1.94%"
"09/28/2012","0.103","0.105","0.105","0.103","3.00%"
"09/27/2012","0.100","0.100","0.100","0.099","0.00%"
"09/26/2012","0.100","0.098","0.100","0.098","2.04%"
"09/25/2012","0.098","0.098","0.099","0.098","-2.00%"
"09/24/2012","0.100","0.098","0.100","0.098","1.01%"
"09/23/2012","0.099","0.099","0.099","0.099","0.00%"
"09/22/2012","0.099","0.099","0.099","0.099","-1.00%"
"09/21/2012","0.100","0.098","0.100","0.098","1.01%"
"09/20/2012","0.099","0.098","0.100","0.097","-1.00%"
"09/19/2012","0.100","0.098","0.100","0.096","0.00%"
"09/18/2012","0.100","0.098","0.101","0.098","1.01%"
"09/17/2012","0.099","0.099","0.099","0.099","0.00%"
"09/15/2012","0.099","0.099","0.099","0.099","-1.00%"
"09/14/2012","0.100","0.100","0.100","0.099","1.01%"
"09/13/2012","0.099","0.103","0.103","0.099","-1.00%"
"09/12/2012","0.100","0.099","0.100","0.099","0.00%"
"09/11/2012","0.100","0.098","0.100","0.098","0.00%"
"09/10/2012","0.100","0.101","0.102","0.098","-0.99%"
"09/08/2012","0.101","0.101","0.101","0.101","-0.98%"
"09/07/2012","0.102","0.105","0.105","0.100","3.03%"
"09/06/2012","0.099","0.098","0.104","0.098","1.02%"
"09/05/2012","0.098","0.099","0.100","0.098","-3.92%"
"09/04/2012","0.102","0.096","0.102","0.096","0.00%"
"09/03/2012","0.102","0.097","0.102","0.093","7.37%"
"09/01/2012","0.095","0.095","0.095","0.095","-5.94%"
"08/31/2012","0.101","0.100","0.102","0.094","-0.98%"
"08/30/2012","0.102","0.098","0.103","0.097","0.00%"
"08/29/2012","0.102","0.097","0.104","0.097","-0.97%"
"08/28/2012","0.103","0.101","0.104","0.101","0.98%"
"08/27/2012","0.102","0.099","0.103","0.099","2.00%"
"08/25/2012","0.100","0.100","0.100","0.100","0.00%"
"08/24/2012","0.100","0.090","0.103","0.090","0.00%"
"08/23/2012","0.100","0.103","0.103","0.100","0.00%"
"08/22/2012","0.100","0.108","0.108","0.100","-0.99%"
"08/21/2012","0.101","0.103","0.103","0.101","-0.98%"
"08/20/2012","0.102","0.096","0.104","0.095","3.03%"
"08/18/2012","0.099","0.099","0.099","0.099","-1.00%"
"08/17/2012","0.100","0.103","0.103","0.100","0.00%"
"08/16/2012","0.100","0.101","0.107","0.100","0.00%"
"08/15/2012","0.100","0.100","0.101","0.099","2.04%"
"08/14/2012","0.098","0.088","0.099","0.088","4.26%"
"08/13/2012","0.094","0.093","0.098","0.091","2.17%"
"08/11/2012","0.092","0.092","0.092","0.092","-1.08%"
"08/10/2012","0.093","0.093","0.098","0.092","0.00%"
"08/09/2012","0.093","0.092","0.097","0.092","6.90%"
"08/08/2012","0.087","0.095","0.098","0.087","-2.25%"
"08/07/2012","0.089","0.088","0.092","0.087","0.00%"
"08/06/2012","0.089","0.090","0.093","0.087","0.00%"
"08/05/2012","0.089","0.089","0.089","0.089","0.00%"
"08/04/2012","0.089","0.089","0.089","0.089","-4.30%"
"08/03/2012","0.093","0.090","0.095","0.090","0.00%"
"08/02/2012","0.093","0.096","0.099","0.093","-4.12%"
"08/01/2012","0.097","0.098","0.100","0.097","-2.02%"
"07/31/2012","0.099","0.109","0.109","0.098","1.02%"
"07/30/2012","0.098","0.106","0.106","0.097","-8.41%"
"07/28/2012","0.107","0.107","0.107","0.107","8.08%"
"07/27/2012","0.099","0.102","0.104","0.098","1.02%"
"07/26/2012","0.098","0.105","0.105","0.098","0.00%"
"07/25/2012","0.098","0.105","0.105","0.096","0.00%"
"07/24/2012","0.098","0.101","0.101","0.097","-2.00%"
"07/23/2012","0.100","0.102","0.102","0.096","0.00%"
"07/21/2012","0.100","0.100","0.100","0.100","1.01%"
"07/20/2012","0.099","0.103","0.103","0.099","-2.94%"
"07/19/2012","0.102","0.101","0.103","0.101","2.00%"
"07/18/2012","0.100","0.102","0.103","0.098","-0.99%"
"07/17/2012","0.101","0.099","0.102","0.096","-1.94%"
"07/16/2012","0.103","0.103","0.103","0.103","0.00%"
"07/14/2012","0.103","0.103","0.103","0.103","3.00%"
"07/13/2012","0.100","0.104","0.104","0.096","5.26%"
"07/12/2012","0.095","0.102","0.103","0.093","-2.06%"
"07/11/2012","0.097","0.102","0.102","0.097","-3.00%"
"07/10/2012","0.100","0.099","0.102","0.099","5.26%"
"07/09/2012","0.095","0.099","0.104","0.095","-5.00%"
"07/08/2012","0.100","0.100","0.100","0.100","0.00%"
"07/07/2012","0.100","0.100","0.100","0.100","-1.96%"
"07/06/2012","0.102","0.103","0.103","0.101","0.99%"
"07/05/2012","0.101","0.103","0.104","0.100","-1.94%"
"07/04/2012","0.103","0.102","0.105","0.102","0.00%"
"07/03/2012","0.103","0.102","0.105","0.102","0.00%"
"07/02/2012","0.103","0.100","0.105","0.100","-0.96%"
"07/01/2012","0.104","0.104","0.104","0.104","0.00%"
"06/30/2012","0.104","0.104","0.104","0.104","-0.95%"
"06/29/2012","0.105","0.105","0.106","0.101","1.94%"
"06/28/2012","0.103","0.103","0.105","0.103","0.00%"
"06/27/2012","0.103","0.150","0.150","0.103","-0.96%"
"06/26/2012","0.104","0.107","0.109","0.102","-2.80%"
"06/25/2012","0.107","0.104","0.107","0.102","-2.73%"
"06/23/2012","0.110","0.110","0.110","0.110","1.85%"
"06/22/2012","0.108","0.111","0.111","0.101","-0.92%"
"06/21/2012","0.109","0.110","0.110","0.103","1.87%"
"06/20/2012","0.107","0.111","0.111","0.102","-1.83%"
"06/19/2012","0.109","0.103","0.109","0.102","3.81%"
"06/18/2012","0.105","0.104","0.106","0.104","2.94%"
"06/16/2012","0.102","0.102","0.102","0.102","-0.97%"
"06/15/2012","0.103","0.102","0.107","0.102","-0.96%"
"06/14/2012","0.104","0.102","0.105","0.102","0.00%"
"06/13/2012","0.104","0.104","0.105","0.104","0.97%"
"06/12/2012","0.103","0.103","0.104","0.103","0.00%"
"06/11/2012","0.103","0.102","0.105","0.102","0.00%"
"06/09/2012","0.103","0.103","0.103","0.103","-0.96%"
"06/08/2012","0.104","0.105","0.105","0.103","0.00%"
"06/07/2012","0.104","0.101","0.105","0.101","0.97%"
"06/06/2012","0.103","0.105","0.105","0.103","-0.96%"
"06/05/2012","0.104","0.107","0.107","0.103","-0.95%"
"06/04/2012","0.105","0.103","0.105","0.103","0.00%"
"06/02/2012","0.105","0.105","0.105","0.105","0.96%"
"06/01/2012","0.104","0.095","0.105","0.090","0.97%"
"05/31/2012","0.103","0.102","0.106","0.070","-0.96%"
"05/30/2012","0.104","0.135","0.135","0.103","-3.70%"
"05/29/2012","0.108","0.102","0.109","0.102","3.85%"
"05/28/2012","0.104","0.108","0.109","0.104","-5.45%"
"05/26/2012","0.110","0.110","0.110","0.110","0.92%"
"05/25/2012","0.109","0.107","0.110","0.107","0.93%"
"05/24/2012","0.108","0.102","0.109","0.102","0.00%"
"05/23/2012","0.108","0.112","0.112","0.105","0.00%"
"05/22/2012","0.108","0.108","0.109","0.108","0.00%"
"05/21/2012","0.108","0.104","0.110","0.102","-0.92%"
"05/19/2012","0.109","0.109","0.109","0.109","5.83%"
"05/18/2012","0.103","0.112","0.118","0.100","-4.63%"
"05/17/2012","0.108","0.110","0.110","0.107","3.85%"
"05/16/2012","0.104","0.107","0.110","0.104","-4.59%"
"05/15/2012","0.109","0.109","0.114","0.109","-3.54%"
"05/14/2012","0.113","0.115","0.115","0.108","-0.88%"
"05/12/2012","0.114","0.114","0.114","0.114","5.56%"
"05/11/2012","0.108","0.108","0.113","0.105","-5.26%"
"05/10/2012","0.114","0.114","0.115","0.109","0.00%"
"05/09/2012","0.114","0.115","0.115","0.112","3.64%"
"05/08/2012","0.110","0.117","0.117","0.110","-3.51%"
"05/07/2012","0.114","0.109","0.114","0.109","4.59%"
"05/06/2012","0.109","0.109","0.109","0.109","0.00%"
"05/03/2012","0.109","0.109","0.109","0.109","-0.91%"
"05/02/2012","0.110","0.114","0.116","0.109","-3.51%"
"05/01/2012","0.114","0.114","0.114","0.113","0.00%"
"04/30/2012","0.114","0.114","0.114","0.114","0.00%"
"04/28/2012","0.114","0.114","0.114","0.114","-3.39%"
"04/27/2012","0.118","0.114","0.119","0.113","4.42%"
"04/26/2012","0.113","0.117","0.117","0.110","-2.59%"
"04/25/2012","0.116","0.110","0.117","0.110","3.57%"
"04/24/2012","0.112","0.115","0.118","0.111","-2.61%"
"04/23/2012","0.115","0.109","0.115","0.109","0.88%"
"04/21/2012","0.114","0.114","0.114","0.114","2.70%"
"04/20/2012","0.111","0.109","0.117","0.109","-3.48%"
"04/19/2012","0.115","0.117","0.119","0.112","0.88%"
"04/18/2012","0.114","0.120","0.120","0.112","-3.39%"
"04/17/2012","0.118","0.121","0.121","0.117","0.00%"
"04/16/2012","0.118","0.119","0.121","0.117","-2.48%"
"04/14/2012","0.121","0.121","0.121","0.121","1.68%"
"04/13/2012","0.119","0.122","0.122","0.117","0.85%"
"04/12/2012","0.118","0.122","0.140","0.117","0.00%"
"04/11/2012","0.118","0.116","0.120","0.115","0.00%"
"04/10/2012","0.118","0.123","0.123","0.117","-4.07%"
"04/09/2012","0.123","0.115","0.124","0.115","-1.60%"
"04/08/2012","0.125","0.125","0.125","0.125","0.00%"
"04/07/2012","0.125","0.125","0.125","0.125","1.63%"
"04/06/2012","0.123","0.126","0.129","0.122","-2.38%"
"04/05/2012","0.126","0.127","0.127","0.125","-0.79%"
"04/04/2012","0.127","0.129","0.130","0.122","4.10%"
"04/03/2012","0.122","0.120","0.122","0.120","1.67%"
"04/02/2012","0.120","0.120","0.122","0.120","0.00%"
"03/31/2012","0.120","0.120","0.120","0.120","0.00%"
"03/30/2012","0.120","0.125","0.125","0.119","-0.83%"
"03/29/2012","0.121","0.122","0.123","0.117","0.00%"
"03/28/2012","0.121","0.122","0.122","0.116","0.00%"
"03/27/2012","0.121","0.123","0.123","0.116","1.68%"
"03/26/2012","0.119","0.115","0.121","0.115","-0.83%"
"03/24/2012","0.120","0.120","0.120","0.120","0.00%"
"03/23/2012","0.120","0.121","0.121","0.116","-0.83%"
"03/22/2012","0.121","0.121","0.121","0.119","0.83%"
"03/21/2012","0.120","0.123","0.123","0.119","0.84%"
"03/20/2012","0.119","0.119","0.119","0.119","0.85%"
"03/19/2012","0.118","0.117","0.121","0.113","-2.48%"
"03/17/2012","0.121","0.121","0.121","0.121","0.00%"
"03/16/2012","0.121","0.114","0.121","0.114","1.68%"
"03/15/2012","0.119","0.117","0.121","0.114","1.71%"
"03/14/2012","0.117","0.115","0.117","0.114","2.63%"
"03/13/2012","0.114","0.115","0.117","0.114","-4.20%"
"03/12/2012","0.119","0.115","0.121","0.115","4.39%"
"03/10/2012","0.114","0.114","0.114","0.114","-4.20%"
"03/09/2012","0.119","0.115","0.121","0.115","-1.65%"
"03/08/2012","0.121","0.123","0.123","0.119","0.00%"
"03/07/2012","0.121","0.121","0.121","0.119","0.00%"
"03/06/2012","0.121","0.115","0.122","0.115","3.42%"
"03/05/2012","0.117","0.115","0.117","0.114","1.74%"
"03/03/2012","0.115","0.115","0.115","0.115","-1.71%"
"03/02/2012","0.117","0.115","0.117","0.115","0.86%"
"03/01/2012","0.116","0.115","0.117","0.115","-0.85%"
"02/29/2012","0.117","0.115","0.142","0.115","0.00%"
"02/28/2012","0.117","0.118","0.120","0.115","0.00%"
"02/27/2012","0.117","0.110","0.118","0.110","0.86%"
"02/25/2012","0.116","0.116","0.116","0.116","-0.85%"
"02/24/2012","0.117","0.116","0.118","0.112","0.00%"
"02/23/2012","0.117","0.118","0.118","0.115","0.86%"
"02/22/2012","0.116","0.116","0.116","0.112","0.87%"
"02/21/2012","0.115","0.116","0.116","0.112","0.88%"
"02/20/2012","0.114","0.110","0.114","0.106","-0.87%"
"02/19/2012","0.115","0.115","0.115","0.115","0.00%"
"02/18/2012","0.115","0.115","0.115","0.115","2.68%"
"02/17/2012","0.112","0.110","0.112","0.106","0.00%"
"02/16/2012","0.112","0.118","0.118","0.112","-4.27%"
"02/15/2012","0.117","0.126","0.126","0.112","-6.40%"
"02/14/2012","0.125","0.133","0.135","0.125","-6.02%"
"02/13/2012","0.133","0.125","0.134","0.125","6.40%"
"02/11/2012","0.125","0.125","0.125","0.125","-5.30%"
"02/10/2012","0.132","0.133","0.134","0.127","-1.49%"
"02/09/2012","0.134","0.134","0.138","0.130","-2.90%"
"02/08/2012","0.138","0.138","0.138","0.132","4.55%"
"02/07/2012","0.132","0.130","0.134","0.130","0.00%"
"02/06/2012","0.132","0.131","0.134","0.131","0.00%"
"02/03/2012","0.132","0.130","0.134","0.130","0.00%"
"02/02/2012","0.132","0.130","0.135","0.130","1.54%"
"02/01/2012","0.130","0.132","0.136","0.130","-0.76%"
"01/31/2012","0.131","0.137","0.139","0.128","-4.38%"
"01/30/2012","0.137","0.138","0.138","0.130","0.74%"
"01/27/2012","0.136","0.138","0.138","0.132","0.74%"
"01/26/2012","0.135","0.138","0.138","0.132","0.00%"
"01/25/2012","0.135","0.138","0.138","0.131","-1.46%"
"01/24/2012","0.137","0.131","0.138","0.131","-0.72%"
"01/23/2012","0.138","0.130","0.139","0.130","1.47%"
"01/20/2012","0.136","0.136","0.138","0.131","0.74%"
"01/19/2012","0.135","0.136","0.138","0.132","-2.17%"
"01/18/2012","0.138","0.136","0.138","0.135","0.00%"
"01/17/2012","0.138","0.130","0.138","0.130","0.73%"
"01/16/2012","0.137","0.129","0.137","0.129","3.79%"
"01/13/2012","0.132","0.130","0.133","0.130","0.00%"
"01/12/2012","0.132","0.130","0.133","0.130","-1.49%"
"01/11/2012","0.134","0.132","0.135","0.132","2.29%"
"01/10/2012","0.131","0.130","0.134","0.130","-0.76%"
"01/06/2012","0.132","0.130","0.134","0.130","0.00%"
"01/05/2012","0.132","0.129","0.136","0.129","-3.65%"
"01/04/2012","0.137","0.134","0.137","0.134","1.48%"
"12/30/2011","0.135","0.130","0.137","0.130","0.00%"
"12/29/2011","0.135","0.135","0.137","0.130","-3.57%"
"12/28/2011","0.140","0.135","0.140","0.135","2.19%"
"12/27/2011","0.137","0.135","0.139","0.135","-1.44%"
"12/26/2011","0.139","0.130","0.139","0.130","0.72%"
"12/22/2011","0.138","0.143","0.145","0.134","-1.43%"
"12/21/2011","0.140","0.138","0.141","0.132","2.94%"
"12/20/2011","0.136","0.130","0.139","0.130","2.26%"
"12/19/2011","0.133","0.135","0.136","0.131","-1.48%"
"12/16/2011","0.135","0.130","0.137","0.125","1.50%"
"12/15/2011","0.133","0.136","0.137","0.130","-2.21%"
"12/14/2011","0.136","0.136","0.139","0.135","-0.73%"
"12/13/2011","0.137","0.135","0.140","0.132","-4.20%"
"12/12/2011","0.143","0.144","0.144","0.139","4.38%"
"12/09/2011","0.137","0.135","0.143","0.132","-2.84%"
"12/08/2011","0.141","0.141","0.146","0.139","1.44%"
"12/07/2011","0.139","0.130","0.140","0.130","2.21%"
"12/06/2011","0.136","0.130","0.141","0.130","1.49%"
"12/05/2011","0.134","0.135","0.140","0.134","-4.29%"
"12/02/2011","0.140","0.140","0.143","0.135","-2.78%"
"12/01/2011","0.144","0.150","0.150","0.144","0.00%"
"11/30/2011","0.144","0.150","0.155","0.140","-0.69%"
"11/29/2011","0.145","0.147","0.151","0.141","-1.36%"
"11/28/2011","0.147","0.146","0.149","0.145","3.52%"
"11/25/2011","0.142","0.135","0.143","0.130","7.58%"
"11/24/2011","0.132","0.125","0.135","0.124","0.00%"
"11/22/2011","0.132","0.129","0.133","0.128","2.33%"
"11/21/2011","0.129","0.130","0.130","0.124","7.50%"
"11/18/2011","0.120","0.122","0.125","0.120","-4.00%"
"11/17/2011","0.125","0.130","0.130","0.121","-3.10%"
"11/16/2011","0.129","0.129","0.130","0.126","0.78%"
"11/15/2011","0.128","0.130","0.135","0.128","-2.29%"
"11/14/2011","0.131","0.131","0.135","0.129","0.77%"
"11/11/2011","0.130","0.136","0.136","0.130","-2.26%"
"11/10/2011","0.133","0.130","0.134","0.130","-1.48%"
"11/09/2011","0.135","0.136","0.136","0.133","1.50%"
"11/08/2011","0.133","0.138","0.140","0.132","-4.32%"
"11/07/2011","0.139","0.140","0.143","0.138","-3.47%"
"11/04/2011","0.144","0.145","0.146","0.140","-0.69%"
"11/02/2011","0.145","0.145","0.145","0.141","-0.68%"
"11/01/2011","0.146","0.118","0.150","0.118","-2.67%"
"10/31/2011","0.150","0.150","0.154","0.149","0.00%"
"10/28/2011","0.150","0.155","0.175","0.145","2.74%"
"10/27/2011","0.146","0.151","0.152","0.144","1.39%"
"10/26/2011","0.144","0.150","0.153","0.144","-5.88%"
"10/25/2011","0.153","0.151","0.153","0.151","0.00%"
"10/24/2011","0.153","0.150","0.153","0.149","0.66%"
"10/21/2011","0.152","0.152","0.156","0.150","0.66%"
"10/20/2011","0.151","0.154","0.154","0.149","0.67%"
"10/19/2011","0.150","0.148","0.151","0.147","0.67%"
"10/18/2011","0.149","0.140","0.149","0.139","5.67%"
"10/17/2011","0.141","0.141","0.144","0.139","-0.70%"
"10/14/2011","0.142","0.140","0.143","0.140","0.71%"
"10/13/2011","0.141","0.145","0.145","0.140","1.44%"
"10/12/2011","0.139","0.144","0.144","0.139","-1.42%"
"10/11/2011","0.141","0.142","0.145","0.140","0.00%"
"10/07/2011","0.141","0.139","0.145","0.139","-0.70%"
"10/06/2011","0.142","0.142","0.143","0.136","2.16%"
"10/05/2011","0.139","0.140","0.140","0.137","0.00%"
"10/04/2011","0.139","0.140","0.142","0.137","-1.42%"
"10/03/2011","0.141","0.141","0.143","0.137","-0.70%"
"09/30/2011","0.142","0.143","0.145","0.137","2.90%"
"09/29/2011","0.138","0.132","0.138","0.132","1.47%"
"09/28/2011","0.136","0.133","0.137","0.132","5.43%"
"09/27/2011","0.129","0.126","0.130","0.125","3.20%"
"09/26/2011","0.125","0.134","0.134","0.125","-6.02%"
"09/22/2011","0.133","0.133","0.133","0.128","1.53%"
"09/21/2011","0.131","0.134","0.135","0.131","-2.96%"
"09/20/2011","0.135","0.138","0.138","0.135","-1.46%"
"09/16/2011","0.137","0.144","0.145","0.137","0.00%"
"09/15/2011","0.137","0.138","0.139","0.137","0.00%"
"09/14/2011","0.137","0.139","0.139","0.137","-2.14%"
"09/13/2011","0.140","0.144","0.145","0.140","0.72%"
"09/12/2011","0.139","0.139","0.140","0.137","-2.80%"
"09/09/2011","0.143","0.138","0.143","0.138","-1.38%"
"09/08/2011","0.145","0.148","0.148","0.139","2.84%"
"09/07/2011","0.141","0.141","0.145","0.136","0.00%"
"09/06/2011","0.141","0.140","0.145","0.138","-0.70%"
"09/05/2011","0.142","0.142","0.144","0.140","-2.07%"
"09/02/2011","0.145","0.141","0.148","0.140","-3.97%"
"09/01/2011","0.151","0.142","0.151","0.140","6.34%"
"08/31/2011","0.142","0.145","0.150","0.142","3.65%"
"08/30/2011","0.137","0.134","0.138","0.134","3.79%"
"08/29/2011","0.132","0.133","0.134","0.132","0.00%"
"08/26/2011","0.132","0.133","0.135","0.132","-1.49%"
"08/25/2011","0.134","0.135","0.135","0.128","3.88%"
"08/24/2011","0.129","0.132","0.132","0.127","-1.53%"
"08/23/2011","0.131","0.131","0.135","0.131","-1.50%"
"08/22/2011","0.133","0.137","0.139","0.133","-5.67%"
"08/19/2011","0.141","0.144","0.146","0.141","-4.08%"
"08/18/2011","0.147","0.147","0.148","0.146","0.00%"
"08/17/2011","0.147","0.148","0.149","0.146","-1.34%"
"08/16/2011","0.149","0.150","0.150","0.147","-1.32%"
"08/15/2011","0.151","0.151","0.151","0.151","0.00%"
"08/12/2011","0.151","0.145","0.151","0.145","2.72%"
"08/11/2011","0.147","0.140","0.147","0.139","6.52%"
"08/10/2011","0.138","0.110","0.139","0.110","-1.43%"
"08/09/2011","0.140","0.140","0.140","0.134","0.72%"
"08/08/2011","0.139","0.140","0.140","0.136","-4.79%"
"08/05/2011","0.146","0.145","0.146","0.140","-1.35%"
"08/04/2011","0.148","0.145","0.150","0.141","-0.67%"
"08/03/2011","0.149","0.150","0.150","0.146","-3.87%"
"08/02/2011","0.155","0.155","0.159","0.153","-1.27%"
"08/01/2011","0.157","0.155","0.159","0.155","0.00%"
"07/29/2011","0.157","0.155","0.157","0.155","1.29%"
"07/28/2011","0.155","0.165","0.168","0.153","-3.12%"
"07/27/2011","0.160","0.155","0.164","0.155","0.00%"
"07/26/2011","0.160","0.165","0.165","0.158","0.00%"
"07/25/2011","0.160","0.159","0.161","0.157","0.00%"
"07/22/2011","0.160","0.160","0.172","0.158","0.00%"
"07/21/2011","0.160","0.157","0.163","0.152","6.67%"
"07/20/2011","0.150","0.149","0.155","0.148","0.67%"
"07/19/2011","0.149","0.150","0.179","0.148","-0.67%"
"07/15/2011","0.150","0.150","0.151","0.149","0.00%"
"07/14/2011","0.150","0.150","0.157","0.149","-3.23%"
"07/13/2011","0.155","0.160","0.160","0.155","0.00%"
"07/12/2011","0.155","0.160","0.160","0.155","-3.12%"
"07/11/2011","0.160","0.160","0.162","0.160","-3.03%"
"07/08/2011","0.165","0.165","0.165","0.164","0.00%"
"07/07/2011","0.165","0.170","0.170","0.164","0.00%"
"07/06/2011","0.165","0.165","0.166","0.164","0.00%"
"07/05/2011","0.165","0.165","0.166","0.165","0.00%"
"07/04/2011","0.165","0.170","0.170","0.165","0.00%"
"07/01/2011","0.165","0.175","0.178","0.165","-5.71%"
"06/30/2011","0.175","0.172","0.177","0.172","2.94%"
"06/29/2011","0.170","0.170","0.172","0.166","3.03%"
"06/28/2011","0.165","0.170","0.170","0.162","3.13%"
"06/27/2011","0.160","0.160","0.163","0.158","0.00%"
"06/24/2011","0.160","0.160","0.160","0.160","3.23%"
"06/23/2011","0.155","0.156","0.158","0.149","-1.90%"
"06/22/2011","0.158","0.169","0.169","0.157","-6.51%"
"06/21/2011","0.169","0.170","0.170","0.169","-0.59%"
"06/20/2011","0.170","0.173","0.174","0.165","-0.58%"
"06/17/2011","0.171","0.175","0.176","0.169","-1.16%"
"06/16/2011","0.173","0.178","0.180","0.173","-2.81%"
"06/15/2011","0.178","0.172","0.180","0.168","4.71%"
"06/14/2011","0.170","0.167","0.175","0.165","0.00%"
"06/13/2011","0.170","0.170","0.170","0.167","0.59%"
"06/10/2011","0.169","0.170","0.177","0.169","-2.87%"
"06/09/2011","0.174","0.170","0.175","0.170","-0.57%"
"06/08/2011","0.175","0.170","0.175","0.170","0.00%"
"06/07/2011","0.175","0.165","0.177","0.163","6.06%"
"06/06/2011","0.165","0.160","0.166","0.159","3.13%"
"06/03/2011","0.160","0.165","0.165","0.160","-3.03%"
"06/02/2011","0.165","0.175","0.175","0.160","-5.71%"
"06/01/2011","0.175","0.180","0.180","0.175","-2.78%"
"05/31/2011","0.180","0.180","0.180","0.176","2.86%"
"05/30/2011","0.175","0.179","0.179","0.169","-2.78%"
"05/27/2011","0.180","0.180","0.180","0.174","0.00%"
"05/26/2011","0.180","0.180","0.181","0.174","0.56%"
"05/25/2011","0.179","0.179","0.180","0.175","0.00%"
"05/24/2011","0.179","0.175","0.180","0.175","-0.56%"
"05/23/2011","0.180","0.179","0.180","0.175","1.12%"
"05/20/2011","0.178","0.180","0.180","0.178","-1.11%"
"05/19/2011","0.180","0.180","0.180","0.177","0.56%"
"05/18/2011","0.179","0.175","0.180","0.175","0.56%"
"05/17/2011","0.178","0.180","0.180","0.175","0.00%"
"05/16/2011","0.178","0.177","0.179","0.175","-1.11%"
"05/13/2011","0.180","0.179","0.181","0.177","0.00%"
"05/12/2011","0.180","0.180","0.184","0.175","-2.70%"
"05/11/2011","0.185","0.185","0.190","0.185","-2.63%"
"05/10/2011","0.190","0.190","0.192","0.188","0.00%"
"05/09/2011","0.190","0.185","0.195","0.185","2.70%"
"05/06/2011","0.185","0.195","0.195","0.184","-6.09%"
"05/02/2011","0.197","0.200","0.200","0.190","-1.50%"
"04/28/2011","0.200","0.205","0.205","0.195","-2.44%"
"04/27/2011","0.205","0.205","0.205","0.201","2.50%"
"04/26/2011","0.200","0.209","0.209","0.199","-4.76%"
"04/25/2011","0.210","0.199","0.210","0.198","5.00%"
"04/22/2011","0.200","0.205","0.205","0.199","0.00%"
"04/21/2011","0.200","0.203","0.203","0.198","0.00%"
"04/20/2011","0.200","0.197","0.204","0.197","1.01%"
"04/19/2011","0.198","0.202","0.207","0.198","-1.49%"
"04/18/2011","0.201","0.207","0.209","0.200","-1.47%"
"04/15/2011","0.204","0.203","0.206","0.202","0.00%"
"04/14/2011","0.204","0.205","0.205","0.198","2.00%"
"04/13/2011","0.200","0.200","0.201","0.198","0.00%"
"04/12/2011","0.200","0.200","0.205","0.200","-2.44%"
"04/11/2011","0.205","0.207","0.210","0.204","0.00%"
"04/08/2011","0.205","0.205","0.211","0.204","0.00%"
"04/07/2011","0.205","0.205","0.210","0.205","-2.38%"
"04/06/2011","0.210","0.210","0.215","0.208","0.48%"
"04/05/2011","0.209","0.210","0.215","0.208","-0.95%"
"04/04/2011","0.211","0.209","0.211","0.207","0.48%"
"04/01/2011","0.210","0.210","0.216","0.210","-2.33%"
"03/31/2011","0.215","0.212","0.220","0.209","2.38%"
"03/30/2011","0.210","0.210","0.214","0.210","-2.33%"
"03/29/2011","0.215","0.215","0.217","0.213","0.00%"
"03/28/2011","0.215","0.210","0.221","0.210","-0.46%"
"03/25/2011","0.216","0.215","0.219","0.215","0.47%"
"03/24/2011","0.215","0.219","0.225","0.209","0.47%"
"03/23/2011","0.214","0.213","0.225","0.212","0.00%"
"03/22/2011","0.214","0.215","0.220","0.211","1.42%"
"03/18/2011","0.211","0.240","0.240","0.211","-5.38%"
"03/17/2011","0.223","0.159","0.233","0.148","-0.89%"
"03/16/2011","0.225","0.220","0.257","0.218","6.64%"
"03/15/2011","0.211","0.173","0.220","0.171","20.57%"
"03/14/2011","0.175","0.185","0.200","0.173","-23.91%"
"03/11/2011","0.230","0.230","0.230","0.227","0.00%"
"03/10/2011","0.230","0.225","0.235","0.225","0.44%"
"03/09/2011","0.229","0.225","0.231","0.225","2.23%"
"03/08/2011","0.224","0.225","0.228","0.224","-0.44%"
"03/07/2011","0.225","0.232","0.235","0.225","-3.85%"
"03/04/2011","0.234","0.235","0.245","0.234","-0.43%"
"03/03/2011","0.235","0.240","0.240","0.230","-2.08%"
"03/02/2011","0.240","0.245","0.245","0.235","-2.04%"
"03/01/2011","0.245","0.250","0.251","0.245","0.00%"
"02/28/2011","0.245","0.240","0.245","0.240","0.00%"
"02/25/2011","0.245","0.240","0.245","0.240","7.46%"
"02/24/2011","0.228","0.224","0.237","0.224","1.79%"
"02/23/2011","0.224","0.224","0.226","0.220","-0.44%"
"02/22/2011","0.225","0.240","0.240","0.224","-4.26%"
"02/21/2011","0.235","0.227","0.235","0.227","3.98%"
"02/18/2011","0.226","0.235","0.240","0.226","-6.22%"
"02/17/2011","0.241","0.249","0.250","0.241","-2.82%"
"02/16/2011","0.248","0.235","0.250","0.235","5.53%"
"02/15/2011","0.235","0.232","0.237","0.232","0.00%"
"02/14/2011","0.235","0.235","0.241","0.235","-2.08%"
"02/10/2011","0.240","0.235","0.249","0.234","0.00%"
"02/09/2011","0.240","0.230","0.245","0.230","6.67%"
"02/08/2011","0.225","0.215","0.235","0.215","2.27%"
"02/07/2011","0.220","0.210","0.225","0.210","2.33%"
"02/04/2011","0.215","0.205","0.215","0.205","4.88%"
"02/03/2011","0.205","0.200","0.205","0.200","5.13%"
"02/02/2011","0.195","0.195","0.195","0.195","-2.50%"
"02/01/2011","0.200","0.195","0.205","0.195","0.00%"
"01/31/2011","0.200","0.195","0.205","0.195","2.56%"
"01/28/2011","0.195","0.205","0.205","0.195","-1.52%"
"01/27/2011","0.198","0.206","0.206","0.194","0.00%"
"01/26/2011","0.198","0.199","0.200","0.196","-1.00%"
"01/25/2011","0.200","0.195","0.204","0.195","2.56%"
"01/24/2011","0.195","0.183","0.195","0.182","5.41%"
"01/21/2011","0.185","0.183","0.190","0.183","-1.60%"
"01/20/2011","0.188","0.193","0.195","0.183","-4.08%"
"01/19/2011","0.196","0.195","0.200","0.193","0.51%"
"01/18/2011","0.195","0.194","0.195","0.193","0.00%"
"01/17/2011","0.195","0.185","0.197","0.184","5.41%"
"01/14/2011","0.185","0.179","0.186","0.175","4.52%"
"01/13/2011","0.177","0.175","0.184","0.175","0.57%"
"01/12/2011","0.176","0.170","0.176","0.169","4.14%"
"01/11/2011","0.169","0.170","0.170","0.168","-5.06%"
"01/07/2011","0.178","0.185","0.185","0.177","-4.30%"
"01/06/2011","0.186","0.175","0.186","0.175","6.29%"
"01/05/2011","0.175","0.180","0.181","0.174","-2.23%"
"01/04/2011","0.179","0.175","0.183","0.173","2.29%"
"12/30/2010","0.175","0.195","0.195","0.174","-12.50%"
"12/29/2010","0.200","0.200","0.205","0.200","-1.96%"
"12/28/2010","0.204","0.205","0.209","0.204","-2.86%"
"12/27/2010","0.210","0.225","0.225","0.210","-6.67%"
"12/24/2010","0.225","0.225","0.230","0.225","7.14%"
"12/22/2010","0.210","0.208","0.220","0.204","1.45%"
"12/21/2010","0.207","0.201","0.209","0.194","5.08%"
"12/20/2010","0.197","0.199","0.206","0.192","-1.50%"
"12/17/2010","0.200","0.215","0.215","0.198","-7.41%"
"12/16/2010","0.216","0.235","0.242","0.215","-4.42%"
"12/15/2010","0.226","0.241","0.249","0.226","-2.59%"
"12/14/2010","0.232","0.232","0.246","0.228","-0.85%"
"12/13/2010","0.234","0.225","0.238","0.216","6.36%"
"12/10/2010","0.220","0.221","0.236","0.217","-1.79%"
"12/09/2010","0.224","0.230","0.245","0.206","9.27%"
"12/08/2010","0.205","0.200","0.225","0.183","7.89%"
"12/07/2010","0.190","0.183","0.191","0.175","5.56%"
"12/06/2010","0.180","0.184","0.190","0.179","-5.26%"
"12/03/2010","0.190","0.183","0.191","0.181","1.60%"
"12/02/2010","0.187","0.210","0.210","0.182","-3.61%"
"12/01/2010","0.194","0.194","0.201","0.177","-0.51%"
"11/30/2010","0.195","0.210","0.211","0.192","-5.34%"
"11/29/2010","0.206","0.199","0.217","0.194","0.49%"
"11/26/2010","0.205","0.175","0.205","0.175","20.59%"
"11/25/2010","0.170","0.171","0.172","0.167","3.66%"
"11/24/2010","0.164","0.165","0.170","0.162","4.46%"
"11/22/2010","0.157","0.155","0.166","0.155","-1.87%"
"11/19/2010","0.160","0.155","0.167","0.155","0.00%"
"11/18/2010","0.160","0.165","0.165","0.156","3.23%"
"11/17/2010","0.155","0.145","0.155","0.145","1.97%"
"11/16/2010","0.152","0.155","0.163","0.152","-1.94%"
"11/15/2010","0.155","0.150","0.156","0.148","3.33%"
"11/12/2010","0.150","0.155","0.155","0.145","3.45%"
"11/11/2010","0.145","0.140","0.145","0.140","3.57%"
"11/10/2010","0.140","0.140","0.140","0.140","0.00%"
"11/09/2010","0.140","0.140","0.143","0.140","0.00%"
"11/08/2010","0.140","0.150","0.150","0.140","0.00%"
"11/05/2010","0.140","0.130","0.140","0.130","3.70%"
"11/04/2010","0.135","0.140","0.145","0.135","-3.57%"
"11/02/2010","0.140","0.140","0.140","0.140","0.00%"
"11/01/2010","0.140","0.140","0.140","0.140","-3.45%"
"10/29/2010","0.145","0.135","0.145","0.135","3.57%"
"10/28/2010","0.140","0.150","0.150","0.135","-5.41%"
"10/27/2010","0.148","0.140","0.148","0.139","2.07%"
"10/26/2010","0.145","0.140","0.145","0.139","0.00%"
"10/25/2010","0.145","0.138","0.145","0.136","3.57%"
"10/22/2010","0.140","0.135","0.141","0.134","3.70%"
"10/21/2010","0.135","0.137","0.137","0.135","0.00%"
"10/20/2010","0.135","0.112","0.140","0.112","-3.57%"
"10/19/2010","0.140","0.130","0.140","0.129","3.70%"
"10/18/2010","0.135","0.130","0.135","0.129","3.85%"
"10/15/2010","0.130","0.127","0.133","0.125","4.00%"
"10/14/2010","0.125","0.125","0.127","0.125","0.00%"
"10/13/2010","0.125","0.123","0.125","0.123","2.46%"
"10/12/2010","0.122","0.120","0.126","0.120","-2.40%"
"10/08/2010","0.125","0.120","0.125","0.120","0.00%"
"10/07/2010","0.125","0.120","0.125","0.115","8.70%"
"10/06/2010","0.115","0.120","0.120","0.115","-8.00%"
"10/05/2010","0.125","0.130","0.140","0.107","-3.85%"
"10/04/2010","0.130","0.135","0.135","0.130","-3.70%"
"10/01/2010","0.135","0.135","0.137","0.130","-3.57%"
"09/30/2010","0.140","0.140","0.140","0.135","0.00%"
"09/29/2010","0.140","0.140","0.140","0.140","0.00%"
"09/28/2010","0.140","0.143","0.143","0.134","-3.45%"
"09/27/2010","0.145","0.136","0.145","0.135","-3.33%"
"09/24/2010","0.150","0.130","0.150","0.130","15.38%"
"09/22/2010","0.130","0.131","0.138","0.130","-5.80%"
"09/21/2010","0.138","0.135","0.141","0.130","2.22%"
"09/17/2010","0.135","0.135","0.137","0.133","-2.17%"
"09/16/2010","0.138","0.135","0.142","0.130","-4.83%"
"09/15/2010","0.145","0.150","0.150","0.140","-3.33%"
"09/14/2010","0.150","0.155","0.160","0.150","-5.06%"
"09/13/2010","0.158","0.145","0.158","0.145","1.94%"
"09/10/2010","0.155","0.150","0.157","0.147","6.90%"
"09/09/2010","0.145","0.140","0.145","0.135","3.57%"
"09/08/2010","0.140","0.130","0.145","0.130","-3.45%"
"09/07/2010","0.145","0.155","0.157","0.145","-5.23%"
"09/06/2010","0.153","0.140","0.165","0.140","9.29%"
"09/03/2010","0.140","0.135","0.140","0.130","5.26%"
"09/02/2010","0.133","0.130","0.135","0.125","2.31%"
"09/01/2010","0.130","0.125","0.138","0.125","-2.26%"
"08/31/2010","0.133","0.128","0.135","0.125","-1.48%"
"08/30/2010","0.135","0.135","0.143","0.130","0.00%"
"08/27/2010","0.135","0.130","0.140","0.125","8.00%"
"08/26/2010","0.125","0.130","0.131","0.125","0.00%"
"08/25/2010","0.125","0.124","0.130","0.123","0.00%"
"08/24/2010","0.125","0.120","0.126","0.119","4.17%"
"08/23/2010","0.120","0.120","0.126","0.119","4.35%"
"08/20/2010","0.115","0.124","0.124","0.115","-8.00%"
"08/19/2010","0.125","0.127","0.127","0.120","0.00%"
"08/18/2010","0.125","0.140","0.140","0.125","-3.85%"
"08/17/2010","0.130","0.140","0.140","0.130","-7.14%"
"08/16/2010","0.140","0.139","0.143","0.139","-0.71%"
"08/13/2010","0.141","0.144","0.144","0.140","-2.08%"
"08/12/2010","0.144","0.144","0.144","0.141","0.00%"
"08/11/2010","0.144","0.145","0.146","0.143","-0.69%"
"08/10/2010","0.145","0.145","0.146","0.145","0.00%"
"08/09/2010","0.145","0.146","0.149","0.144","-2.68%"
"08/06/2010","0.149","0.148","0.149","0.147","-0.67%"
"08/05/2010","0.150","0.150","0.150","0.148","0.00%"
"08/04/2010","0.150","0.152","0.155","0.150","-4.46%"
"08/03/2010","0.157","0.155","0.157","0.155","1.95%"
"08/02/2010","0.154","0.155","0.155","0.154","-0.65%"
"07/30/2010","0.155","0.155","0.155","0.153","0.00%"
"07/29/2010","0.155","0.154","0.156","0.154","0.00%"
"07/28/2010","0.155","0.155","0.156","0.155","6.90%"
"07/27/2010","0.145","0.150","0.153","0.145","-2.68%"
"07/26/2010","0.149","0.150","0.152","0.147","2.76%"
"07/23/2010","0.145","0.147","0.152","0.145","-3.33%"
"07/22/2010","0.150","0.147","0.150","0.145","0.00%"
"07/21/2010","0.150","0.147","0.150","0.144","0.00%"
"07/20/2010","0.150","0.145","0.150","0.144","0.67%"
"07/16/2010","0.149","0.150","0.150","0.142","-0.67%"
"07/15/2010","0.150","0.150","0.150","0.147","3.45%"
"07/14/2010","0.145","0.150","0.152","0.145","-6.45%"
"07/13/2010","0.155","0.152","0.157","0.149","6.90%"
"07/12/2010","0.145","0.153","0.155","0.145","0.00%"
"07/09/2010","0.145","0.153","0.155","0.145","-3.97%"
"07/08/2010","0.151","0.152","0.155","0.150","1.34%"
"07/07/2010","0.149","0.150","0.165","0.144","-1.97%"
"07/06/2010","0.152","0.150","0.153","0.147","8.57%"
"07/05/2010","0.140","0.152","0.153","0.140","-5.41%"
"07/02/2010","0.148","0.155","0.155","0.146","2.07%"
"07/01/2010","0.145","0.155","0.157","0.145","-3.33%"
"06/30/2010","0.150","0.155","0.156","0.150","-3.23%"
"06/29/2010","0.155","0.160","0.165","0.155","-4.91%"
"06/28/2010","0.163","0.165","0.165","0.157","2.52%"
"06/25/2010","0.159","0.163","0.163","0.157","6.00%"
"06/24/2010","0.150","0.155","0.157","0.150","0.00%"
"06/23/2010","0.150","0.155","0.155","0.150","-3.23%"
"06/22/2010","0.155","0.160","0.160","0.155","-3.12%"