"Date","Price","Open","High","Low","Change %"
"07/20/2026","4.3804","4.4022","4.4048","4.3733","0.59%"
"07/17/2026","4.3547","4.3131","4.3586","4.3125","0.16%"
"07/16/2026","4.3477","4.3445","4.3802","4.3267","0.71%"
"07/15/2026","4.3172","4.3751","4.3770","4.3083","-1.01%"
"07/14/2026","4.3611","4.4437","4.4520","4.3166","0.10%"
"07/13/2026","4.3566","4.2806","4.3611","4.2736","2.94%"
"07/10/2026","4.2320","4.2327","4.2484","4.2207","-0.31%"
"07/09/2026","4.2452","4.2754","4.3081","4.2452","-2.18%"
"07/08/2026","4.3396","4.2184","4.3447","4.2184","3.70%"
"07/07/2026","4.1848","4.1360","4.1885","4.1291","1.14%"
"07/06/2026","4.1376","4.1138","4.1394","4.1126","0.19%"
"07/03/2026","4.1298","4.1279","4.1541","4.1242","0.08%"
"07/02/2026","4.1265","4.1458","4.1601","4.1117","-0.26%"
"07/01/2026","4.1374","4.1827","4.1877","4.1350","-0.63%"
"06/30/2026","4.1638","4.1186","4.1706","4.1100","0.74%"
"06/29/2026","4.1332","4.1369","4.1610","4.1227","0.08%"
"06/26/2026","4.1299","4.0972","4.1619","4.0892","0.24%"
"06/25/2026","4.1199","4.1451","4.1506","4.1033","-0.29%"
"06/24/2026","4.1319","4.1558","4.1632","4.1129","-0.96%"
"06/23/2026","4.1721","4.1861","4.1929","4.1610","-1.01%"
"06/22/2026","4.2146","4.2470","4.2654","4.1962","-1.00%"
"06/19/2026","4.2570","4.2362","4.2613","4.2221","1.45%"
"06/18/2026","4.1960","4.1784","4.2167","4.1760","1.07%"
"06/17/2026","4.1514","4.1223","4.1696","4.1223","-1.03%"
"06/16/2026","4.1947","4.1784","4.2135","4.1560","0.43%"
"06/15/2026","4.1769","4.1769","4.1896","4.1557","-1.60%"
"06/12/2026","4.2450","4.2410","4.2810","4.2120","-2.37%"
"06/11/2026","4.3480","4.3780","4.3870","4.3210","-0.59%"
"06/10/2026","4.3740","4.3390","4.3900","4.3340","0.74%"
"06/09/2026","4.3420","4.3560","4.3740","4.3310","-0.98%"
"06/08/2026","4.3850","4.3920","4.4110","4.3420","0.90%"
"06/05/2026","4.3460","4.3260","4.3760","4.3070","0.16%"
"06/04/2026","4.3390","4.3600","4.3730","4.3260","-0.96%"
"06/03/2026","4.3810","4.3600","4.3830","4.3360","1.51%"
"06/02/2026","4.3160","4.2660","4.3200","4.2630","-0.37%"
"06/01/2026","4.3320","4.2510","4.3470","4.2350","2.65%"
"05/29/2026","4.2200","4.2550","4.2560","4.2060","-0.47%"
"05/28/2026","4.2400","4.2940","4.3020","4.2340","-0.87%"
"05/27/2026","4.2770","4.2670","4.2790","4.2370","-0.72%"
"05/26/2026","4.3080","4.2990","4.3170","4.2700","-0.65%"
"05/25/2026","4.3360","4.3360","4.3360","4.3360","0.00%"
"05/22/2026","4.3360","4.3450","4.3670","4.3220","-1.07%"
"05/21/2026","4.3830","4.3740","4.4020","4.3270","0.39%"
"05/20/2026","4.3660","4.4440","4.4440","4.3580","-3.26%"
"05/19/2026","4.5130","4.4560","4.5200","4.4440","0.51%"
"05/18/2026","4.4900","4.5350","4.5490","4.4800","-1.58%"
"05/15/2026","4.5620","4.5310","4.5720","4.5270","2.98%"
"05/14/2026","4.4300","4.4770","4.4860","4.4240","-1.38%"
"05/13/2026","4.4920","4.5000","4.5540","4.4870","-1.12%"
"05/12/2026","4.5430","4.5720","4.5900","4.5280","1.47%"
"05/11/2026","4.4770","4.4260","4.4830","4.4220","2.10%"
"05/08/2026","4.3850","4.3980","4.4000","4.3390","-0.09%"
"05/07/2026","4.3890","4.3590","4.3900","4.3310","-0.05%"
"05/06/2026","4.3910","4.4640","4.4690","4.3390","-2.90%"
"05/05/2026","4.5220","4.5000","4.5710","4.4880","1.82%"
"05/04/2026","4.4410","4.4060","4.4520","4.4010","0.34%"
"05/01/2026","4.4260","4.4950","4.5000","4.4020","-0.90%"
"04/30/2026","4.4660","4.5600","4.5690","4.4530","-1.98%"
"04/29/2026","4.5560","4.4680","4.5820","4.4580","2.36%"
"04/28/2026","4.4510","4.4330","4.4760","4.4220","1.30%"
"04/27/2026","4.3940","4.3830","4.4060","4.3490","0.90%"
"04/24/2026","4.3550","4.4130","4.4460","4.3520","-0.50%"
"04/23/2026","4.3770","4.3310","4.4150","4.3310","0.85%"
"04/22/2026","4.3400","4.2580","4.3430","4.2530","1.35%"
"04/21/2026","4.2820","4.2060","4.2900","4.1910","2.20%"
"04/20/2026","4.1900","4.1660","4.1970","4.1530","1.67%"
"04/17/2026","4.1210","4.2010","4.2200","4.0820","-2.35%"
"04/16/2026","4.2200","4.1970","4.2660","4.1730","-0.19%"
"04/15/2026","4.2280","4.1950","4.2310","4.1910","0.33%"
"04/14/2026","4.2140","4.2610","4.2830","4.2140","-2.61%"
"04/13/2026","4.3270","4.2800","4.3280","4.2690","1.31%"
"04/10/2026","4.2710","4.2330","4.2730","4.2230","1.96%"
"04/09/2026","4.1890","4.2240","4.2650","4.1890","0.41%"
"04/08/2026","4.1720","4.1420","4.1930","4.1140","-5.40%"
"04/07/2026","4.4100","4.3720","4.4520","4.3270","2.25%"
"04/06/2026","4.3130","4.3180","4.3180","4.3130","0.51%"
"04/03/2026","4.2910","4.3070","4.3070","4.2910","-0.85%"
"04/02/2026","4.3280","4.3560","4.4170","4.3230","0.63%"
"04/01/2026","4.3010","4.2870","4.3410","4.2860","-2.49%"
"03/31/2026","4.4110","4.4130","4.4620","4.3880","-0.83%"
"03/30/2026","4.4480","4.4700","4.5070","4.4370","-0.78%"
"03/27/2026","4.4830","4.5600","4.6200","4.4760","-1.12%"
"03/26/2026","4.5340","4.4740","4.5390","4.4590","2.95%"
"03/25/2026","4.4040","4.4490","4.4530","4.3390","-1.56%"
"03/24/2026","4.4740","4.3690","4.4740","4.2990","1.43%"
"03/23/2026","4.4110","4.6070","4.7120","4.2960","-3.65%"
"03/20/2026","4.5780","4.4000","4.6160","4.3870","3.93%"
"03/19/2026","4.4050","4.1480","4.4860","4.1420","7.26%"
"03/18/2026","4.1070","4.0320","4.1460","3.9930","1.43%"
"03/17/2026","4.0490","4.0940","4.0970","4.0270","-1.24%"
"03/16/2026","4.1000","4.1210","4.1310","4.0380","-0.85%"
"03/13/2026","4.1350","4.1040","4.1390","4.0750","0.78%"
"03/12/2026","4.1030","4.0300","4.1190","3.9830","2.14%"
"03/11/2026","4.0170","3.9310","4.0410","3.9230","3.91%"
"03/10/2026","3.8660","3.9680","3.9680","3.8080","-2.89%"
"03/09/2026","3.9810","3.9670","4.2390","3.9520","2.76%"
"03/06/2026","3.8740","3.8110","4.0180","3.8110","1.73%"
"03/05/2026","3.8080","3.7390","3.8330","3.7300","2.59%"
"03/04/2026","3.7120","3.7660","3.7760","3.6880","-0.48%"
"03/03/2026","3.7300","3.6580","3.8400","3.6520","2.47%"
"03/02/2026","3.6400","3.5490","3.6930","3.5480","3.41%"
"02/27/2026","3.5200","3.5800","3.5840","3.5160","-1.21%"
"02/26/2026","3.5630","3.5890","3.5930","3.5510","-0.50%"
"02/25/2026","3.5810","3.6010","3.6010","3.5730","0.14%"
"02/24/2026","3.5760","3.5730","3.5960","3.5560","0.51%"
"02/23/2026","3.5580","3.5740","3.5820","3.5550","-0.53%"
"02/20/2026","3.5770","3.5670","3.6010","3.5550","0.14%"
"02/19/2026","3.5720","3.6090","3.6150","3.5660","-0.47%"
"02/18/2026","3.5890","3.6070","3.6360","3.5660","-0.11%"
"02/17/2026","3.5930","3.5670","3.5960","3.5580","0.25%"
"02/16/2026","3.5840","3.5930","3.6020","3.5690","-0.25%"
"02/13/2026","3.5930","3.6080","3.6140","3.5770","-0.36%"
"02/12/2026","3.6060","3.6240","3.6340","3.5920","-0.47%"
"02/11/2026","3.6230","3.6510","3.6620","3.6160","-0.71%"
"02/10/2026","3.6490","3.6070","3.6540","3.5970","0.83%"
"02/09/2026","3.6190","3.6720","3.6720","3.6120","-0.28%"
"02/06/2026","3.6290","3.6520","3.6630","3.6150","-1.06%"
"02/05/2026","3.6680","3.7600","3.7660","3.6200","-1.45%"
"02/04/2026","3.7220","3.7120","3.7370","3.6940","0.38%"
"02/03/2026","3.7080","3.7330","3.7380","3.6970","-0.03%"
"02/02/2026","3.7090","3.7400","3.7430","3.6980","-0.35%"
"01/30/2026","3.7220","3.7640","3.7660","3.7030","0.11%"
"01/29/2026","3.7180","3.7710","3.7770","3.6910","-0.83%"
"01/28/2026","3.7490","3.7460","3.7610","3.7280","0.11%"
"01/27/2026","3.7450","3.7640","3.7700","3.7220","-0.03%"
"01/26/2026","3.7460","3.7210","3.7480","3.6930","0.16%"
"01/23/2026","3.7400","3.6900","3.7460","3.6660","1.71%"
"01/22/2026","3.6770","3.6820","3.7510","3.6500","-0.35%"
"01/21/2026","3.6900","3.6610","3.6950","3.6460","0.33%"
"01/20/2026","3.6780","3.7040","3.7170","3.6640","-0.03%"
"01/19/2026","3.6790","3.6780","3.6840","3.6590","-0.05%"
"01/16/2026","3.6810","3.6900","3.6990","3.6650","0.16%"
"01/15/2026","3.6750","3.6460","3.6820","3.6340","1.24%"
"01/14/2026","3.6300","3.6620","3.6800","3.6110","-0.95%"
"01/13/2026","3.6650","3.6830","3.6870","3.6450","0.27%"
"01/12/2026","3.6550","3.6690","3.6740","3.6440","0.16%"
"01/09/2026","3.6490","3.6780","3.6830","3.6450","-0.25%"
"01/08/2026","3.6580","3.6930","3.7180","3.6570","-0.71%"
"01/07/2026","3.6840","3.6800","3.7020","3.6490","-0.43%"
"01/06/2026","3.7000","3.7500","3.7520","3.6620","-0.62%"
"01/05/2026","3.7230","3.7470","3.7520","3.6940","-0.43%"
"01/02/2026","3.7390","3.7850","3.7850","3.6960","0.67%"
"12/31/2025","3.7140","3.7330","3.7370","3.6930","-0.56%"
"12/30/2025","3.7350","3.7370","3.7380","3.7090","0.30%"
"12/29/2025","3.7240","3.7400","3.8190","3.7090","-0.43%"
"12/24/2025","3.7400","3.7600","3.7630","3.7310","-0.03%"
"12/23/2025","3.7410","3.7460","3.7600","3.7160","-0.19%"
"12/22/2025","3.7480","3.7800","3.7830","3.7390","-0.13%"
"12/19/2025","3.7530","3.7730","3.7850","3.7350","0.35%"
"12/18/2025","3.7400","3.7110","3.7740","3.6840","0.65%"
"12/17/2025","3.7160","3.7150","3.7460","3.6900","-1.22%"
"12/16/2025","3.7620","3.7650","3.8110","3.7530","0.13%"
"12/15/2025","3.7570","3.7460","3.8380","3.7230","0.16%"
"12/12/2025","3.7510","3.7670","3.7810","3.7480","-0.66%"
"12/11/2025","3.7760","3.7900","3.7930","3.7460","-0.40%"
"12/10/2025","3.7910","3.8050","3.8370","3.7810","-0.03%"
"12/09/2025","3.7920","3.8400","3.8400","3.7810","-0.45%"
"12/08/2025","3.8090","3.8360","3.8490","3.7730","0.37%"
"12/05/2025","3.7950","3.7410","3.8000","3.7240","1.63%"
"12/04/2025","3.7340","3.7640","3.7700","3.7060","-0.43%"
"12/03/2025","3.7500","3.7270","3.7670","3.7240","0.35%"
"12/02/2025","3.7370","3.7570","3.7780","3.7350","-0.48%"
"12/01/2025","3.7550","3.7810","3.7930","3.7520","0.29%"
"11/28/2025","3.7440","3.7820","3.7820","3.7290","-0.29%"
"11/27/2025","3.7550","3.7470","3.7860","3.7380","0.40%"
"11/26/2025","3.7400","3.7930","3.8150","3.6910","-0.72%"
"11/25/2025","3.7670","3.8000","3.8090","3.7400","-0.40%"
"11/24/2025","3.7820","3.7720","3.7930","3.7600","0.03%"
"11/21/2025","3.7810","3.7900","3.7970","3.7510","-0.42%"
"11/20/2025","3.7970","3.8330","3.8330","3.7790","-0.47%"
"11/19/2025","3.8150","3.7980","3.8350","3.7630","0.13%"
"11/18/2025","3.8100","3.8070","3.8150","3.7810","0.18%"
"11/17/2025","3.8030","3.8590","3.8650","3.8010","-1.30%"
"11/14/2025","3.8530","3.8800","3.9170","3.7760","2.17%"
"11/13/2025","3.7710","3.7500","3.7740","3.7160","0.88%"
"11/12/2025","3.7380","3.7560","3.7920","3.7270","0.16%"
"11/11/2025","3.7320","3.7730","3.7730","3.7160","-1.94%"
"11/10/2025","3.8060","3.8550","3.8560","3.7920","0.11%"
"11/07/2025","3.8020","3.8210","3.8290","3.7920","0.45%"
"11/06/2025","3.7850","3.8040","3.8170","3.7630","-0.60%"
"11/05/2025","3.8080","3.7780","3.8200","3.7660","0.53%"
"11/04/2025","3.7880","3.7750","3.7930","3.7450","-0.32%"
"11/03/2025","3.8000","3.7640","3.8100","3.7570","0.82%"
"10/31/2025","3.7690","3.8090","3.8090","3.7590","-0.71%"
"10/30/2025","3.7960","3.8100","3.8250","3.7750","0.77%"
"10/29/2025","3.7670","3.7720","3.7790","3.7560","-0.16%"
"10/28/2025","3.7730","3.7690","3.7850","3.7450","-0.26%"
"10/27/2025","3.7830","3.8300","3.8330","3.7730","-0.47%"
"10/24/2025","3.8010","3.7720","3.8050","3.7480","0.42%"
"10/23/2025","3.7850","3.7840","3.7970","3.7670","0.19%"
"10/22/2025","3.7780","3.8120","3.8150","3.7390","-1.97%"
"10/21/2025","3.8540","3.8440","3.8800","3.8320","0.00%"
"10/20/2025","3.8540","3.8930","3.8960","3.8540","-0.77%"
"10/17/2025","3.8840","3.8260","3.9010","3.8100","0.60%"
"10/16/2025","3.8610","3.8890","3.9050","3.8540","-0.72%"
"10/15/2025","3.8890","3.8850","3.8910","3.8530","-0.41%"
"10/14/2025","3.9050","3.9050","3.9200","3.8730","-1.21%"
"10/13/2025","3.9530","3.9610","3.9780","3.9320","-0.20%"
"10/10/2025","3.9610","4.0010","4.0260","3.9470","-1.42%"
"10/09/2025","4.0180","4.0160","4.0240","3.9950","0.37%"
"10/08/2025","4.0030","3.9870","4.0080","3.9770","0.25%"
"10/07/2025","3.9930","4.0110","4.0120","3.9790","-0.10%"
"10/06/2025","3.9970","4.0090","4.0100","3.9710","0.53%"
"10/03/2025","3.9760","3.9970","3.9970","3.9590","-0.50%"
"10/02/2025","3.9960","3.9720","4.0220","3.9680","0.60%"
"10/01/2025","3.9720","4.0280","4.0390","3.9520","-0.48%"
"09/30/2025","3.9910","3.9870","4.0190","3.9800","0.03%"
"09/29/2025","3.9900","4.0040","4.0200","3.9880","-0.94%"
"09/26/2025","4.0280","4.0280","4.0320","3.9790","0.10%"
"09/25/2025","4.0240","3.9660","4.0300","3.9540","1.64%"
"09/24/2025","3.9590","3.9510","3.9780","3.9340","-0.05%"
"09/23/2025","3.9610","3.9760","3.9890","3.9480","-0.65%"
"09/22/2025","3.9870","3.9830","3.9940","3.9600","0.10%"
"09/19/2025","3.9830","3.9910","4.0080","3.9560","0.30%"
"09/18/2025","3.9710","3.9820","3.9840","3.9380","0.10%"
"09/17/2025","3.9670","3.9660","3.9720","3.9420","-0.08%"
"09/16/2025","3.9700","3.9620","3.9960","3.9510","0.46%"
"09/15/2025","3.9520","3.9860","3.9970","3.9470","-0.98%"
"09/12/2025","3.9910","3.9570","3.9940","3.9300","1.42%"
"09/11/2025","3.9350","3.9670","3.9700","3.9200","-0.23%"
"09/10/2025","3.9440","3.9280","3.9680","3.9090","0.54%"
"09/09/2025","3.9230","3.9360","3.9400","3.9000","0.56%"
"09/08/2025","3.9010","3.9410","3.9590","3.8900","-0.41%"
"09/05/2025","3.9170","3.9280","3.9630","3.9050","-0.89%"
"09/04/2025","3.9520","3.9700","3.9750","3.9390","-0.28%"
"09/03/2025","3.9630","4.0050","4.0280","3.9430","-0.70%"
"09/02/2025","3.9910","3.9910","4.0210","3.9770","0.58%"
"09/01/2025","3.9680","3.9700","3.9820","3.9430","0.43%"
"08/29/2025","3.9510","3.9430","3.9760","3.9350","0.10%"
"08/28/2025","3.9470","3.9470","3.9720","3.9300","-0.53%"
"08/27/2025","3.9680","3.9950","4.0020","3.9500","-0.15%"
"08/26/2025","3.9740","3.9680","4.0080","3.9580","-5.09%"
"08/25/2025","4.1870","4.1870","4.1870","4.1870","6.13%"
"08/22/2025","3.9450","3.9760","4.0180","3.9330","-0.60%"
"08/21/2025","3.9690","3.9260","3.9860","3.9240","1.28%"
"08/20/2025","3.9190","3.9740","3.9900","3.9150","-1.56%"
"08/19/2025","3.9810","3.9750","3.9930","3.9530","0.25%"
"08/18/2025","3.9710","3.9350","3.9900","3.9020","0.81%"
"08/15/2025","3.9390","3.9080","3.9480","3.9040","0.69%"
"08/14/2025","3.9120","3.8690","3.9150","3.8580","1.14%"
"08/13/2025","3.8680","3.8780","3.8920","3.8550","-0.62%"
"08/12/2025","3.8920","3.8890","3.9160","3.8750","0.62%"
"08/11/2025","3.8680","3.8960","3.8990","3.8550","-1.00%"
"08/08/2025","3.9070","3.9110","3.9170","3.8820","0.62%"
"08/07/2025","3.8830","3.8340","3.8910","3.8180","1.38%"
"08/06/2025","3.8300","3.8650","3.8680","3.8030","0.00%"
"08/05/2025","3.8300","3.8100","3.8450","3.7960","0.87%"
"08/04/2025","3.7970","3.8000","3.8280","3.7800","0.05%"
"08/01/2025","3.7950","3.9130","3.9200","3.7910","-1.94%"
"07/31/2025","3.8700","3.8520","3.8970","3.8390","-0.31%"
"07/30/2025","3.8820","3.8840","3.9030","3.8550","-0.51%"
"07/29/2025","3.9020","3.9190","3.9360","3.8750","-0.33%"
"07/28/2025","3.9150","3.8850","3.9240","3.8550","0.75%"
"07/25/2025","3.8860","3.8730","3.9100","3.8690","0.41%"
"07/24/2025","3.8700","3.9000","3.9060","3.8590","-0.64%"
"07/23/2025","3.8950","3.8890","3.8960","3.8560","1.22%"
"07/22/2025","3.8480","3.8850","3.9030","3.8320","-0.36%"
"07/21/2025","3.8620","3.8960","3.8990","3.8550","-1.23%"
"07/18/2025","3.9100","3.9350","3.9390","3.9010","-0.03%"
"07/17/2025","3.9110","3.8880","3.9150","3.8780","1.14%"
"07/16/2025","3.8670","3.8540","3.8970","3.8430","0.78%"
"07/15/2025","3.8370","3.8130","3.8800","3.7920","0.39%"
"07/14/2025","3.8220","3.8650","3.8720","3.8090","-1.44%"
"07/11/2025","3.8780","3.8780","3.8980","3.8530","0.21%"
"07/10/2025","3.8700","3.8660","3.8950","3.8560","-0.15%"
"07/09/2025","3.8760","3.8750","3.9100","3.8590","-0.03%"
"07/08/2025","3.8770","3.8990","3.9070","3.8520","0.13%"
"07/07/2025","3.8720","3.8590","3.8830","3.8230","0.52%"
"07/04/2025","3.8520","3.8230","3.8740","3.8190","0.50%"
"07/03/2025","3.8330","3.8420","3.8810","3.7980","-1.12%"
"07/02/2025","3.8765","3.8390","3.9620","3.8220","1.27%"
"07/01/2025","3.8280","3.7950","3.8430","3.7720","0.43%"
"06/30/2025","3.8115","3.8510","3.8540","3.8030","-0.63%"
"06/27/2025","3.8355","3.8230","3.8590","3.8170","0.54%"
"06/26/2025","3.8150","3.8480","3.8590","3.8070","-0.97%"
"06/25/2025","3.8525","3.8620","3.8770","3.8420","-0.31%"
"06/24/2025","3.8645","3.8840","3.9160","3.8550","-0.39%"
"06/23/2025","3.8795","3.9500","3.9530","3.8840","-0.84%"
"06/20/2025","3.9125","3.8880","3.9440","3.8790","0.31%"
"06/19/2025","3.9005","3.9470","3.9490","3.8760","0.36%"
"06/18/2025","3.8865","3.9340","3.9420","3.8780","-0.99%"
"06/17/2025","3.9255","3.9360","3.9460","3.8840","0.62%"
"06/16/2025","3.9015","3.9680","3.9730","3.9020","-0.96%"
"06/13/2025","3.9395","3.8420","3.9590","3.8420","1.99%"
"06/12/2025","3.8625","3.8840","3.9060","3.8610","-1.08%"
"06/11/2025","3.9045","3.9440","3.9670","3.8990","-0.18%"
"06/10/2025","3.9115","3.9630","3.9850","3.9020","-2.16%"
"06/09/2025","3.9980","4.0170","4.0550","3.9790","-0.35%"
"06/06/2025","4.0120","4.0250","4.0570","3.9900","0.00%"
"06/05/2025","4.0120","4.0190","4.0410","3.9640","0.21%"
"06/04/2025","4.0035","4.0310","4.0510","3.9900","-0.62%"
"06/03/2025","4.0285","3.9960","4.0420","3.9710","0.12%"
"06/02/2025","4.0235","4.0570","4.0700","4.0060","0.17%"
"05/30/2025","4.0165","3.9970","4.0570","3.9900","0.65%"
"05/29/2025","3.9905","4.1050","4.1150","3.9980","-1.99%"
"05/28/2025","4.0715","4.0550","4.0850","4.0310","1.46%"
"05/27/2025","4.0130","3.9400","4.0500","3.9250","1.07%"
"05/23/2025","3.9705","4.0190","4.0690","3.9740","-1.40%"
"05/22/2025","4.0270","4.1090","4.1170","4.0270","-1.07%"
"05/21/2025","4.0705","4.0930","4.1010","4.0650","0.67%"
"05/20/2025","4.0435","4.0090","4.0740","3.9630","1.07%"
"05/19/2025","4.0005","4.0510","4.0620","3.9930","0.11%"
"05/16/2025","3.9960","3.9480","4.0140","3.9370","0.60%"
"05/15/2025","3.9720","4.0210","4.0310","3.9790","-1.08%"
"05/14/2025","4.0155","3.9830","4.0360","3.9670","0.98%"
"05/13/2025","3.9765","4.0190","4.0190","3.9580","-0.55%"
"05/12/2025","3.9985","3.9730","4.0110","3.9580","2.59%"
"05/09/2025","3.8975","3.9570","3.9690","3.8810","-0.74%"
"05/08/2025","3.9265","3.8020","3.9350","3.7910","3.33%"
"05/07/2025","3.8000","3.8200","3.8540","3.7940","-0.39%"
"05/06/2025","3.8150","3.8870","3.9230","3.8060","-1.04%"
"05/02/2025","3.8550","3.8210","3.8690","3.7650","0.80%"
"05/01/2025","3.8245","3.7810","3.8430","3.7630","0.76%"
"04/30/2025","3.7955","3.8390","3.8470","3.7970","-1.09%"
"04/29/2025","3.8375","3.8730","3.8760","3.8300","-0.70%"
"04/28/2025","3.8645","3.8730","3.8950","3.8570","0.29%"
"04/25/2025","3.8535","3.8960","3.9060","3.8610","-0.34%"
"04/24/2025","3.8665","3.9130","3.9200","3.8640","-1.31%"
"04/23/2025","3.9180","3.8310","3.9440","3.8150","2.39%"
"04/22/2025","3.8265","3.9470","3.9560","3.8240","-2.19%"
"04/17/2025","3.9120","3.9790","4.0110","3.9110","-1.27%"
"04/16/2025","3.9625","3.9110","3.9910","3.8860","0.13%"
"04/15/2025","3.9575","3.9990","4.0180","3.9480","-1.32%"
"04/14/2025","4.0105","4.0140","4.0420","3.9920","-1.09%"
"04/11/2025","4.0545","3.9060","4.0650","3.8760","4.07%"
"04/10/2025","3.8960","3.9290","4.0830","3.9000","-2.42%"
"04/09/2025","3.9925","4.0230","4.0640","3.8530","0.92%"
"04/08/2025","3.9560","4.0100","4.0210","3.9080","-0.63%"
"04/07/2025","3.9810","3.8860","4.0620","3.8110","1.43%"
"04/04/2025","3.9250","3.9630","3.9740","3.8800","-2.13%"
"04/03/2025","4.0105","4.1070","4.1220","4.0050","-3.63%"
"04/02/2025","4.1615","4.2070","4.2090","4.1300","-0.37%"
"04/01/2025","4.1770","4.1830","4.1970","4.1360","-0.29%"
"03/31/2025","4.1890","4.1800","4.2030","4.1500","-0.10%"
"03/28/2025","4.1930","4.2370","4.2520","4.2010","-1.68%"
"03/27/2025","4.2645","4.2760","4.3300","4.2650","-0.12%"
"03/26/2025","4.2695","4.2660","4.3020","4.2150","-0.57%"
"03/25/2025","4.2940","4.2790","4.3190","4.2670","0.90%"
"03/24/2025","4.2555","4.2770","4.2920","4.2090","-0.02%"
"03/21/2025","4.2565","4.2630","4.2830","4.2290","0.56%"
"03/20/2025","4.2330","4.2000","4.2720","4.1490","0.86%"
"03/19/2025","4.1970","4.1820","4.2210","4.1790","0.07%"
"03/18/2025","4.1940","4.2140","4.2440","4.1970","0.22%"
"03/17/2025","4.1850","4.1950","4.2100","4.1650","0.06%"
"03/14/2025","4.1825","4.1730","4.2250","4.1660","0.08%"
"03/13/2025","4.1790","4.2240","4.2590","4.1730","-0.95%"
"03/12/2025","4.2190","4.2000","4.2460","4.1580","1.20%"
"03/11/2025","4.1690","4.1830","4.2150","4.1550","-0.56%"
"03/10/2025","4.1925","4.2000","4.2180","4.1640","-0.06%"
"03/07/2025","4.1950","4.2410","4.2620","4.1610","-0.51%"
"03/06/2025","4.2165","4.3860","4.3960","4.2220","-1.02%"
"03/05/2025","4.2600","4.3040","4.3060","4.2140","1.95%"
"03/04/2025","4.1785","4.1980","4.2040","4.1270","-0.49%"
"03/03/2025","4.1990","4.2090","4.2570","4.1700","0.59%"
"02/28/2025","4.1745","4.1630","4.1990","4.1410","0.07%"
"02/27/2025","4.1715","4.1790","4.2010","4.1630","-0.05%"
"02/26/2025","4.1735","4.1800","4.1860","4.1400","0.02%"
"02/25/2025","4.1725","4.2030","4.2130","4.1480","-1.22%"
"02/24/2025","4.2240","4.2200","4.2530","4.2040","-0.09%"
"02/21/2025","4.2280","4.2750","4.2880","4.2270","-0.91%"
"02/20/2025","4.2670","4.2560","4.3040","4.2530","-0.08%"
"02/19/2025","4.2705","4.2570","4.2910","4.2510","0.90%"
"02/18/2025","4.2325","4.2440","4.2520","4.2080","0.81%"
"02/17/2025","4.1985","4.2610","4.2720","4.1860","0.05%"
"02/14/2025","4.1965","4.1870","4.2220","4.1680","0.45%"
"02/13/2025","4.1775","4.2190","4.2190","4.1560","-0.43%"
"02/12/2025","4.1955","4.1990","4.2520","4.1840","1.13%"
"02/11/2025","4.1485","4.1590","4.1970","4.1390","0.38%"
"02/10/2025","4.1330","4.1860","4.1870","4.1110","-0.83%"
"02/07/2025","4.1675","4.1700","4.2030","4.1240","0.24%"
"02/06/2025","4.1575","4.1470","4.1750","4.0700","0.53%"
"02/05/2025","4.1355","4.1540","4.1710","4.1200","-0.89%"
"02/04/2025","4.1725","4.1950","4.2170","4.1690","0.37%"
"02/03/2025","4.1570","4.2190","4.2240","4.1130","-1.26%"
"01/31/2025","4.2100","4.2540","4.2640","4.1980","-0.88%"
"01/30/2025","4.2475","4.3090","4.3090","4.2490","-1.77%"
"01/29/2025","4.3240","4.2840","4.3320","4.2730","0.41%"
"01/28/2025","4.3065","4.3000","4.3230","4.2760","0.56%"
"01/27/2025","4.2825","4.2890","4.3320","4.2700","-0.87%"
"01/24/2025","4.3200","4.3200","4.3680","4.2850","-0.17%"
"01/23/2025","4.3275","4.3460","4.3820","4.3110","-0.60%"
"01/22/2025","4.3535","4.3410","4.3690","4.3000","0.66%"
"01/21/2025","4.3250","4.3530","4.3900","4.3070","-0.83%"
"01/20/2025","4.3610","4.3630","4.4090","4.3540","-0.01%"
"01/17/2025","4.3615","4.3520","4.3740","4.3190","-0.45%"
"01/16/2025","4.3810","4.4600","4.4650","4.3550","-1.59%"
"01/15/2025","4.4520","4.5380","4.5390","4.4100","-2.97%"
"01/14/2025","4.5885","4.5620","4.6050","4.5460","-0.02%"
"01/13/2025","4.5895","4.5920","4.6000","4.5490","1.37%"
"01/10/2025","4.5275","4.5450","4.5710","4.5120","0.47%"
"01/09/2025","4.5065","4.6020","4.6370","4.4870","-0.02%"
"01/08/2025","4.5075","4.4610","4.5760","4.4390","1.01%"
"01/07/2025","4.4625","4.4380","4.4800","4.4230","0.80%"
"01/06/2025","4.4270","4.4500","4.4550","4.4040","0.56%"
"01/03/2025","4.4025","4.3790","4.4190","4.3670","-0.06%"
"01/02/2025","4.4050","4.3950","4.4110","4.3370","0.88%"
"12/31/2024","4.3665","4.4240","4.4390","4.3710","-1.58%"
"12/30/2024","4.4365","4.4580","4.4640","4.4160","-0.28%"
"12/27/2024","4.4490","4.4470","4.4720","4.4320","1.68%"
"12/24/2024","4.3755","4.3980","4.4490","4.3910","0.01%"
"12/23/2024","4.3750","4.3900","4.4160","4.3620","0.73%"
"12/20/2024","4.3435","4.4460","4.4570","4.3460","-1.84%"
"12/19/2024","4.4250","4.5490","4.5600","4.4210","-0.73%"
"12/18/2024","4.4575","4.4300","4.4930","4.4050","0.32%"
"12/17/2024","4.4435","4.4090","4.4540","4.3930","2.01%"
"12/16/2024","4.3560","4.2930","4.3710","4.2780","1.20%"
"12/13/2024","4.3045","4.2750","4.3110","4.2470","0.74%"
"12/12/2024","4.2730","4.2910","4.2920","4.2390","0.60%"
"12/11/2024","4.2475","4.2820","4.2930","4.2350","-0.62%"
"12/10/2024","4.2740","4.2680","4.2920","4.2450","0.68%"
"12/09/2024","4.2450","4.2530","4.2720","4.2180","-0.28%"
"12/06/2024","4.2570","4.2610","4.3020","4.2420","-0.30%"
"12/05/2024","4.2700","4.2380","4.2800","4.2200","0.92%"
"12/04/2024","4.2310","4.2660","4.2900","4.2130","0.12%"
"12/03/2024","4.2260","4.2200","4.2440","4.1750","0.63%"
"12/02/2024","4.1995","4.2290","4.2620","4.1990","-0.73%"
"11/29/2024","4.2305","4.2610","4.2810","4.2280","-0.91%"
"11/28/2024","4.2695","4.2920","4.3440","4.2740","-0.63%"
"11/27/2024","4.2965","4.2900","4.3250","4.2770","-0.70%"
"11/26/2024","4.3270","4.3400","4.3550","4.3180","0.24%"
"11/25/2024","4.3165","4.3090","4.3460","4.2820","-0.09%"
"11/22/2024","4.3205","4.3820","4.3930","4.3030","-1.22%"
"11/21/2024","4.3740","4.4120","4.4160","4.3530","-0.53%"
"11/20/2024","4.3975","4.4490","4.4700","4.3970","-0.18%"
"11/19/2024","4.4055","4.3910","4.4280","4.3550","-0.03%"
"11/18/2024","4.4070","4.4050","4.4600","4.3920","0.33%"
"11/15/2024","4.3925","4.4480","4.4540","4.3850","-0.51%"
"11/14/2024","4.4150","4.5420","4.5450","4.4150","-1.70%"
"11/13/2024","4.4915","4.5300","4.5390","4.4420","-0.26%"
"11/12/2024","4.5030","4.4280","4.5120","4.4230","2.17%"
"11/11/2024","4.4075","4.4080","4.4600","4.4010","-0.18%"
"11/08/2024","4.4155","4.4210","4.4380","4.3720","-0.71%"
"11/07/2024","4.4470","4.5140","4.5390","4.4200","-1.35%"
"11/06/2024","4.5080","4.5140","4.5390","4.4370","0.08%"
"11/05/2024","4.5045","4.4550","4.5280","4.4360","1.73%"
"11/04/2024","4.4280","4.4340","4.4470","4.3970","0.07%"
"11/01/2024","4.4250","4.4560","4.4810","4.3530","0.00%"
"10/31/2024","4.4250","4.3730","4.5390","4.3520","2.69%"
"10/30/2024","4.3090","4.2150","4.3660","4.1540","1.30%"
"10/29/2024","4.2535","4.2080","4.2600","4.2060","1.03%"
"10/28/2024","4.2100","4.2130","4.2250","4.1310","1.06%"
"10/25/2024","4.1660","4.1170","4.1680","4.1100","0.60%"
"10/24/2024","4.1410","4.1520","4.1630","4.0980","1.22%"
"10/23/2024","4.0910","4.0770","4.1170","4.0640","0.47%"
"10/22/2024","4.0720","4.0820","4.0880","4.0260","0.54%"
"10/21/2024","4.0500","4.0080","4.0510","3.9920","1.28%"
"10/18/2024","3.9990","4.0490","4.0620","3.9930","-0.87%"
"10/17/2024","4.0340","4.0410","4.0620","4.0190","0.35%"
"10/16/2024","4.0200","4.0720","4.0790","4.0090","-2.64%"
"10/15/2024","4.1290","4.1720","4.1760","4.1250","-1.24%"
"10/14/2024","4.1810","4.1860","4.2060","4.1550","0.19%"
"10/11/2024","4.1730","4.1910","4.2280","4.1650","-0.38%"
"10/10/2024","4.1890","4.2250","4.2600","4.1860","-0.02%"
"10/09/2024","4.1900","4.1860","4.2000","4.1550","-0.14%"
"10/08/2024","4.1960","4.2220","4.2370","4.1850","-0.69%"
"10/07/2024","4.2250","4.1700","4.2300","4.1590","2.18%"
"10/04/2024","4.1350","4.0050","4.1430","3.9860","4.13%"
"10/03/2024","3.9710","4.0150","4.0240","3.9470","-1.17%"
"10/02/2024","4.0180","3.9790","4.0480","3.9780","1.62%"
"10/01/2024","3.9540","3.9880","3.9880","3.9220","-0.88%"
"09/30/2024","3.9890","3.9470","4.0060","3.9340","1.24%"
"09/27/2024","3.9400","3.9590","3.9780","3.9240","-0.61%"
"09/26/2024","3.9640","3.9720","3.9830","3.9280","0.00%"
"09/25/2024","3.9640","3.9210","3.9760","3.8920","1.07%"
"09/24/2024","3.9220","3.9270","3.9720","3.9040","0.18%"
"09/23/2024","3.9150","3.9270","3.9510","3.8640","-0.18%"
"09/20/2024","3.9220","3.9270","3.9390","3.8970","-0.08%"
"09/19/2024","3.9250","3.9140","3.9440","3.8610","0.41%"
"09/18/2024","3.9090","3.8340","3.9150","3.8300","2.12%"
"09/17/2024","3.8280","3.7810","3.8490","3.7610","0.92%"
"09/16/2024","3.7930","3.7970","3.8060","3.7780","-0.26%"
"09/13/2024","3.8030","3.8000","3.8240","3.7830","-0.50%"
"09/12/2024","3.8220","3.8000","3.8330","3.7800","0.53%"
"09/11/2024","3.8020","3.8340","3.8420","3.7730","-1.53%"
"09/10/2024","3.8610","3.9120","3.9330","3.8570","-0.77%"
"09/09/2024","3.8910","3.9980","4.0060","3.8900","-1.64%"
"09/06/2024","3.9560","3.9740","4.0210","3.9360","-1.15%"
"09/05/2024","4.0020","4.0180","4.0340","3.9870","-0.87%"
"09/04/2024","4.0370","4.0630","4.0680","4.0210","-1.20%"
"09/03/2024","4.0860","4.1130","4.1280","4.0450","-0.99%"
"09/02/2024","4.1270","4.1360","4.1440","4.1200","0.34%"
"08/30/2024","4.1130","4.1210","4.1250","4.0750","-0.19%"
"08/29/2024","4.1210","4.1250","4.1350","4.0880","0.00%"
"08/28/2024","4.1210","4.1100","4.1290","4.0790","0.19%"
"08/27/2024","4.1130","4.1080","4.1360","4.1000","11.55%"
"08/23/2024","3.6870","3.7210","3.7510","3.6790","-1.15%"
"08/22/2024","3.7300","3.6770","3.7340","3.6510","1.86%"
"08/21/2024","3.6620","3.6910","3.7210","3.6600","-0.87%"
"08/20/2024","3.6940","3.6970","3.7230","3.6840","0.16%"
"08/19/2024","3.6880","3.6590","3.7120","3.6500","0.30%"
"08/16/2024","3.6770","3.6160","3.6960","3.6150","0.71%"
"08/15/2024","3.6510","3.5620","3.6650","3.5530","2.90%"
"08/14/2024","3.5480","3.5830","3.5860","3.5370","-1.61%"
"08/13/2024","3.6060","3.6340","3.6560","3.5880","-0.80%"
"08/12/2024","3.6350","3.6630","3.6780","3.6250","-0.16%"
"08/09/2024","3.6410","3.6660","3.6680","3.6150","-0.79%"
"08/08/2024","3.6700","3.6430","3.6860","3.6110","0.25%"
"08/07/2024","3.6610","3.6670","3.7100","3.6580","-0.05%"
"08/06/2024","3.6630","3.6410","3.6810","3.5950","1.30%"
"08/05/2024","3.6160","3.5680","3.6200","3.4710","0.19%"
"08/02/2024","3.6090","3.6590","3.6820","3.5820","-2.62%"
"08/01/2024","3.7060","3.7840","3.8140","3.6740","-2.76%"
"07/31/2024","3.8110","3.8530","3.8570","3.8050","-1.50%"
"07/30/2024","3.8690","3.8750","3.8960","3.8420","-0.33%"
"07/29/2024","3.8820","3.8990","3.9010","3.8460","-0.89%"
"07/26/2024","3.9170","3.9720","3.9920","3.8990","-0.79%"
"07/25/2024","3.9480","3.9970","4.0010","3.9080","-1.13%"
"07/24/2024","3.9930","4.0160","4.0340","3.9770","-0.72%"
"07/23/2024","4.0220","4.0630","4.0760","4.0150","-1.23%"
"07/22/2024","4.0720","3.9900","4.0730","3.9840","1.83%"
"07/19/2024","3.9990","4.0090","4.0420","3.9900","0.45%"
"07/18/2024","3.9810","3.9970","4.0120","3.9370","-0.55%"
"07/17/2024","4.0030","3.9850","4.1930","3.9850","0.73%"
"07/16/2024","3.9740","4.0550","4.0550","3.9730","-2.17%"
"07/15/2024","4.0620","4.0900","4.0920","4.0520","-0.39%"
"07/12/2024","4.0780","4.0820","4.1290","4.0570","0.64%"
"07/11/2024","4.0520","4.1310","4.1640","4.0480","-1.79%"
"07/10/2024","4.1260","4.0980","4.1350","4.0850","-0.17%"
"07/09/2024","4.1330","4.1330","4.1620","4.1190","0.15%"
"07/08/2024","4.1270","4.1670","4.1670","4.0960","-0.17%"
"07/05/2024","4.1340","4.1590","4.1790","4.1270","-1.08%"
"07/04/2024","4.1790","4.1660","4.1910","4.1600","0.48%"
"07/03/2024","4.1590","4.1590","4.2230","4.1350","-0.22%"
"07/02/2024","4.1680","4.1600","4.1920","4.1360","-0.64%"
"07/01/2024","4.1950","4.2510","4.2620","4.1890","-0.57%"
"06/28/2024","4.2190","4.2330","4.2640","4.1900","-0.38%"
"06/27/2024","4.2350","4.2550","4.2820","4.2180","-0.28%"
"06/26/2024","4.2470","4.2120","4.2580","4.2110","0.83%"
"06/25/2024","4.2120","4.1720","4.2180","4.1650","0.45%"
"06/24/2024","4.1930","4.1700","4.2010","4.1480","0.34%"
"06/21/2024","4.1790","4.1250","4.1950","4.1000","0.72%"
"06/20/2024","4.1490","4.2040","4.2180","4.1220","-0.88%"
"06/19/2024","4.1860","4.1510","4.2050","4.1470","0.72%"
"06/18/2024","4.1560","4.2000","4.2240","4.1510","-1.28%"
"06/17/2024","4.2100","4.1810","4.2170","4.1560","0.74%"
"06/14/2024","4.1790","4.2010","4.2090","4.1470","-0.83%"
"06/13/2024","4.2140","4.2310","4.2730","4.2080","0.12%"
"06/12/2024","4.2090","4.3200","4.3410","4.2020","-3.15%"
"06/11/2024","4.3460","4.3830","4.3870","4.3310","-1.54%"
"06/10/2024","4.4140","4.3940","4.4290","4.3930","0.89%"
"06/07/2024","4.3750","4.3320","4.4030","4.3110","1.32%"
"06/06/2024","4.3180","4.3730","4.3790","4.3060","-1.10%"
"06/05/2024","4.3660","4.3750","4.3920","4.3480","0.34%"
"06/04/2024","4.3510","4.3550","4.3950","4.3250","0.12%"
"06/03/2024","4.3460","4.3990","4.4110","4.3400","-1.65%"
"05/31/2024","4.4190","4.3740","4.5110","4.3700","1.31%"
"05/30/2024","4.3620","4.5500","4.5570","4.3620","-4.57%"
"05/29/2024","4.5710","4.5450","4.5710","4.5250","1.51%"
"05/28/2024","4.5030","4.4700","4.5110","4.4510","-0.04%"
"05/24/2024","4.5050","4.4930","4.5360","4.4700","0.13%"
"05/23/2024","4.4990","4.4430","4.5120","4.4180","1.17%"
"05/22/2024","4.4470","4.4240","4.4620","4.4140","3.25%"
"05/21/2024","4.3070","4.3500","4.3510","4.2990","-0.97%"
"05/20/2024","4.3490","4.3210","4.3520","4.3100","0.83%"
"05/17/2024","4.3130","4.2650","4.3180","4.2580","1.03%"
"05/16/2024","4.2690","4.2250","4.2690","4.2200","0.59%"
"05/15/2024","4.2440","4.2900","4.2940","4.2200","-1.85%"
"05/14/2024","4.3240","4.3280","4.3560","4.2880","-0.05%"
"05/13/2024","4.3260","4.3000","4.3290","4.2780","0.23%"
"05/10/2024","4.3160","4.2630","4.3170","4.1590","0.98%"
"05/09/2024","4.2740","4.3270","4.3460","4.2630","-0.93%"
"05/08/2024","4.3140","4.3300","4.3430","4.3080","0.35%"
"05/07/2024","4.2990","4.3180","4.3360","4.2940","-1.44%"
"05/03/2024","4.3620","4.4230","4.4460","4.3430","-1.33%"
"05/02/2024","4.4210","4.4770","4.4820","4.4170","-2.13%"
"05/01/2024","4.5170","4.5310","4.5510","4.4760","0.27%"
"04/30/2024","4.5050","4.4610","4.5170","4.4460","1.12%"
"04/29/2024","4.4550","4.4630","4.4700","4.4260","-0.60%"
"04/26/2024","4.4820","4.4780","4.5000","4.4520","-0.29%"
"04/25/2024","4.4950","4.4530","4.5260","4.4220","1.06%"
"04/24/2024","4.4480","4.3960","4.4760","4.3820","2.11%"
"04/23/2024","4.3560","4.3400","4.4060","4.3290","0.81%"
"04/22/2024","4.3210","4.4160","4.4220","4.3210","-1.68%"
"04/19/2024","4.3950","4.4390","4.4900","4.3840","-1.85%"
"04/18/2024","4.4780","4.4250","4.4790","4.4040","0.36%"
"04/17/2024","4.4620","4.4960","4.5360","4.4530","-0.34%"
"04/16/2024","4.4770","4.4410","4.5220","4.4180","1.45%"
"04/15/2024","4.4130","4.3890","4.4400","4.3630","1.57%"
"04/12/2024","4.3450","4.4300","4.4390","4.2990","-1.27%"
"04/11/2024","4.4010","4.3720","4.4420","4.3500","1.45%"
"04/10/2024","4.3380","4.2030","4.3420","4.1810","3.48%"
"04/09/2024","4.1920","4.2430","4.2430","4.1870","-0.80%"
"04/08/2024","4.2260","4.2400","4.2650","4.2210","-0.05%"
"04/05/2024","4.2280","4.1760","4.2430","4.1720","0.81%"
"04/04/2024","4.1940","4.1980","4.2240","4.1410","-0.52%"
"04/03/2024","4.2160","4.2440","4.2700","4.2010","-0.73%"
"04/02/2024","4.2470","4.2560","4.2790","4.1980","2.17%"
"03/28/2024","4.1570","4.1630","4.1960","4.1460","0.31%"
"03/27/2024","4.1440","4.1650","4.1900","4.1400","-0.55%"
"03/26/2024","4.1670","4.1700","4.1780","4.1410","-0.02%"
"03/25/2024","4.1680","4.1260","4.1750","4.1000","1.09%"
"03/22/2024","4.1230","4.1500","4.1570","4.1150","-1.20%"
"03/21/2024","4.1730","4.2140","4.2190","4.1030","-1.42%"
"03/20/2024","4.2330","4.2400","4.2520","4.1850","-0.66%"
"03/19/2024","4.2610","4.3080","4.3110","4.2380","-0.95%"
"03/18/2024","4.3020","4.3190","4.3290","4.1820","-0.49%"
"03/15/2024","4.3230","4.3210","4.3560","4.3130","0.56%"
"03/14/2024","4.2990","4.2970","4.3040","4.2300","1.18%"
"03/13/2024","4.2490","4.1970","4.2640","4.2010","0.93%"
"03/12/2024","4.2100","4.2190","4.2210","4.1640","-0.54%"
"03/11/2024","4.2330","4.2210","4.2460","4.2080","-0.45%"
"03/08/2024","4.2520","4.2660","4.2810","4.2080","-0.68%"
"03/07/2024","4.2810","4.2880","4.3050","4.2480","0.28%"
"03/06/2024","4.2690","4.2870","4.3290","4.2610","-0.35%"
"03/05/2024","4.2840","4.2920","4.3390","4.2480","-0.51%"
"03/04/2024","4.3060","4.2890","4.3230","4.2630","0.54%"
"03/01/2024","4.2830","4.3200","4.3390","4.2470","-0.58%"
"02/29/2024","4.3080","4.3320","4.4150","4.2990","-0.60%"
"02/28/2024","4.3340","4.3420","4.3450","4.3080","0.00%"
"02/27/2024","4.3340","4.3020","4.3350","4.2530","0.88%"
"02/26/2024","4.2960","4.2410","4.3030","4.2210","-4.93%"
"02/23/2024","4.5190","4.5970","4.6400","4.4980","-1.85%"
"02/22/2024","4.6040","4.6220","4.6690","4.5430","-0.50%"
"02/21/2024","4.6270","4.5610","4.6270","4.5470","1.96%"
"02/20/2024","4.5380","4.6020","4.6100","4.5270","-1.67%"
"02/19/2024","4.6150","4.6450","4.6540","4.6060","-0.35%"
"02/16/2024","4.6310","4.5950","4.6550","4.5820","1.47%"
"02/15/2024","4.5640","4.5150","4.5770","4.4830","0.22%"
"02/14/2024","4.5540","4.6300","4.6310","4.5500","-2.63%"
"02/13/2024","4.6770","4.5850","4.6800","4.5430","2.77%"
"02/12/2024","4.5510","4.5600","4.5950","4.5320","-0.94%"
"02/09/2024","4.5940","4.5830","4.6020","4.5060","1.10%"
"02/08/2024","4.5440","4.4710","4.5560","4.4470","1.43%"
"02/07/2024","4.4800","4.4330","4.5060","4.4320","0.86%"
"02/06/2024","4.4420","4.4830","4.5080","4.4220","-1.46%"
"02/05/2024","4.5080","4.2660","4.5430","4.2410","1.74%"
"02/02/2024","4.4310","4.2660","4.4490","4.2410","4.98%"
"02/01/2024","4.2210","4.2560","4.2970","4.1960","-0.14%"
"01/31/2024","4.2270","4.2780","4.3410","4.2070","-2.42%"
"01/30/2024","4.3320","4.2410","4.3450","4.2400","1.52%"
"01/29/2024","4.2670","4.3150","4.3430","4.2630","-1.89%"
"01/26/2024","4.3490","4.3490","4.3980","4.3200","-0.59%"
"01/25/2024","4.3750","4.4070","4.4590","4.3380","-0.52%"
"01/24/2024","4.3980","4.3390","4.4420","4.3170","0.73%"
"01/23/2024","4.3660","4.3210","4.3750","4.2970","1.30%"
"01/22/2024","4.3100","4.2690","4.3250","4.2570","0.12%"
"01/19/2024","4.3050","4.2770","4.3470","4.2220","0.09%"
"01/18/2024","4.3010","4.3620","4.3730","4.2830","-1.67%"
"01/17/2024","4.3740","4.2560","4.3890","4.2510","5.02%"
"01/16/2024","4.1650","4.1750","4.1800","4.1180","0.22%"
"01/15/2024","4.1560","4.2080","4.2200","4.1380","-0.55%"
"01/12/2024","4.1790","4.2260","4.2320","4.1530","-1.67%"
"01/11/2024","4.2500","4.1860","4.2700","4.1850","0.45%"
"01/10/2024","4.2310","4.1960","4.2340","4.1730","0.59%"
"01/09/2024","4.2060","4.2370","4.2490","4.1490","0.07%"
"01/08/2024","4.2030","4.2460","4.2820","4.1890","-1.55%"
"01/07/2024","4.2690","4.2070","4.2690","4.2070","-0.02%"
"01/06/2024","4.2700","4.2640","4.2700","4.2640","1.26%"
"01/05/2024","4.2170","4.2140","4.2930","4.1540","0.29%"
"01/04/2024","4.2050","4.0870","4.2080","4.0640","2.51%"
"01/03/2024","4.1020","4.0750","4.1480","4.0540","1.43%"
"01/02/2024","4.0440","4.0340","4.1000","4.0160","1.68%"
"12/29/2023","3.9770","4.0040","4.0540","3.9630","-0.82%"
"12/28/2023","4.0100","3.9660","4.0550","3.9600","1.08%"
"12/27/2023","3.9670","4.0350","4.0350","3.9610","-1.51%"
"12/22/2023","4.0280","4.0400","4.0840","4.0210","-1.03%"
"12/21/2023","4.0700","4.1050","4.1340","4.0400","-0.76%"
"12/20/2023","4.1010","4.1960","4.1960","4.0820","-4.41%"
"12/19/2023","4.2900","4.2820","4.3170","4.2410","-0.56%"
"12/18/2023","4.3140","4.2980","4.3550","4.2170","-0.23%"
"12/16/2023","4.3240","4.3240","4.3240","4.3240","0.84%"
"12/15/2023","4.2880","4.3420","4.3980","4.2470","-1.08%"
"12/14/2023","4.3350","4.2590","4.3600","4.1700","-0.78%"
"12/13/2023","4.3690","4.4400","4.4790","4.3630","-2.85%"
"12/12/2023","4.4970","4.5030","4.5310","4.4640","-2.22%"
"12/11/2023","4.5990","4.5820","4.6230","4.5470","-0.07%"
"12/10/2023","4.6020","4.6020","4.6020","4.6020","0.00%"
"12/09/2023","4.6020","4.6020","4.6020","4.6020","0.55%"
"12/08/2023","4.5770","4.5280","4.5990","4.5000","1.62%"
"12/07/2023","4.5040","4.5130","4.5570","4.4960","0.67%"
"12/06/2023","4.4740","4.4770","4.5480","4.4530","-0.36%"
"12/05/2023","4.4900","4.5380","4.5880","4.4480","-2.45%"
"12/04/2023","4.6030","4.5310","4.6100","4.5270","1.13%"
"12/03/2023","4.5515","4.5515","4.5515","4.5515","0.01%"
"12/02/2023","4.5510","4.5510","4.5510","4.5510","0.75%"
"12/01/2023","4.5170","4.6140","4.6220","4.5050","-1.61%"
"11/30/2023","4.5910","4.5430","4.6230","4.5190","0.92%"
"11/29/2023","4.5490","4.5690","4.6100","4.5010","-1.41%"
"11/28/2023","4.6140","4.6130","4.6560","4.5800","-0.50%"
"11/27/2023","4.6370","4.6850","4.7110","4.6290","-2.34%"
"11/26/2023","4.7480","4.7480","4.7480","4.7480","0.00%"
"11/25/2023","4.7480","4.7480","4.7480","4.7480","0.96%"
"11/24/2023","4.7030","4.7220","4.7660","4.6930","0.09%"
"11/23/2023","4.6990","4.6100","4.7290","4.5680","2.29%"
"11/22/2023","4.5940","4.5710","4.6160","4.5030","0.97%"
"11/21/2023","4.5500","4.4970","4.5680","4.4850","0.42%"
"11/20/2023","4.5310","4.5460","4.6110","4.5250","-0.78%"
"11/19/2023","4.5665","4.5665","4.5665","4.5665","0.01%"
"11/18/2023","4.5660","4.5660","4.5660","4.5660","0.53%"
"11/17/2023","4.5420","4.4930","4.5620","4.4200","0.04%"
"11/16/2023","4.5400","4.5670","4.5880","4.4930","-1.67%"
"11/15/2023","4.6170","4.5490","4.6240","4.5210","1.01%"
"11/14/2023","4.5710","4.6540","4.6880","4.5290","-1.99%"
"11/13/2023","4.6640","4.6520","4.7100","4.6130","-0.95%"
"11/12/2023","4.7085","4.7085","4.7085","4.7085","0.82%"
"11/10/2023","4.6700","4.6500","4.6840","4.5990","1.17%"
"11/09/2023","4.6160","4.6230","4.6920","4.5720","-0.30%"
"11/08/2023","4.6300","4.6390","4.6730","4.5780","-0.09%"
"11/07/2023","4.6340","4.7140","4.7140","4.5930","-1.91%"
"11/06/2023","4.7240","4.7120","4.7320","4.6800","0.08%"
"11/04/2023","4.7200","4.7200","4.7200","4.7200","1.11%"
"11/03/2023","4.6680","4.7220","4.7770","4.6370","-1.44%"
"11/02/2023","4.7360","4.7660","4.7770","4.6550","-1.21%"
"11/01/2023","4.7940","4.8140","4.8250","4.7090","0.19%"
"10/31/2023","4.7850","4.7190","4.7880","4.7090","0.17%"
"10/30/2023","4.7770","4.7230","4.8150","4.7070","-0.91%"
"10/29/2023","4.8210","4.8210","4.8210","4.8210","0.57%"
"10/28/2023","4.7935","4.7935","4.7935","4.7935","0.92%"
"10/27/2023","4.7500","4.7860","4.8150","4.7350","-1.49%"
"10/26/2023","4.8220","4.8850","4.8960","4.7740","-0.33%"
"10/25/2023","4.8380","4.7740","4.8700","4.7670","1.07%"
"10/24/2023","4.7870","4.7620","4.8650","4.7420","-0.75%"
"10/23/2023","4.8230","4.9170","4.9300","4.8150","-2.07%"
"10/22/2023","4.9250","4.9250","4.9250","4.9250","0.00%"
"10/21/2023","4.9250","4.9250","4.9250","4.9250","0.92%"
"10/20/2023","4.8800","4.9530","4.9650","4.8600","-1.47%"
"10/19/2023","4.9530","5.0670","5.0720","4.9510","-1.06%"
"10/18/2023","5.0060","4.9190","5.0120","4.9030","2.73%"
"10/17/2023","4.8730","4.9220","4.9440","4.8500","-0.71%"
"10/16/2023","4.9080","4.8780","4.9190","4.8700","0.36%"
"10/15/2023","4.8905","4.8905","4.8905","4.8905","0.00%"
"10/14/2023","4.8905","4.8905","4.8905","4.8905","0.90%"
"10/13/2023","4.8470","4.8390","4.8730","4.7810","0.06%"
"10/12/2023","4.8440","4.7430","4.8640","4.7380","1.04%"
"10/11/2023","4.7940","4.8090","4.8410","4.7280","-0.02%"
"10/10/2023","4.7950","4.8280","4.9160","4.7800","-0.81%"
"10/09/2023","4.8340","4.8640","4.8910","4.8140","-2.30%"
"10/08/2023","4.9480","4.9475","4.9480","4.9270","0.01%"
"10/07/2023","4.9475","4.9475","4.9475","4.9475","1.36%"
"10/06/2023","4.8810","4.8890","4.9830","4.8730","0.10%"
"10/05/2023","4.8760","4.9470","4.9860","4.8730","-0.77%"
"10/04/2023","4.9140","5.0510","5.0610","4.9070","-1.40%"
"10/03/2023","4.9840","4.9530","5.0020","4.8950","0.02%"
"10/02/2023","4.9830","4.9250","4.9930","4.8840","0.33%"
"10/01/2023","4.9665","4.9665","4.9665","4.9665","0.00%"
"09/30/2023","4.9665","4.9665","4.9665","4.9665","1.19%"
"09/29/2023","4.9080","4.8870","4.9410","4.8560","-0.57%"
"09/28/2023","4.9360","4.8810","5.0250","4.8810","1.42%"
"09/27/2023","4.8670","4.7700","4.8910","4.7630","1.31%"
"09/26/2023","4.8040","4.8360","4.8460","4.7460","-0.15%"
"09/25/2023","4.8110","4.8070","4.8550","4.7750","-0.52%"
"09/24/2023","4.8360","4.8360","4.8360","4.8360","0.00%"
"09/23/2023","4.8360","4.8360","4.8360","4.8360","0.94%"
"09/22/2023","4.7910","4.8530","4.8580","4.7760","-1.34%"
"09/21/2023","4.8560","4.8990","4.9480","4.8370","0.27%"
"09/20/2023","4.8430","4.9350","4.9350","4.8300","-3.12%"
"09/19/2023","4.9990","5.0420","5.0470","4.9750","-0.60%"
"09/18/2023","5.0290","5.0350","5.0840","5.0090","-1.07%"
"09/17/2023","5.0835","5.0835","5.0835","5.0835","0.00%"
"09/16/2023","5.0835","5.0835","5.0835","5.0835","1.06%"
"09/15/2023","5.0300","4.9540","5.0350","4.9540","1.68%"
"09/14/2023","4.9470","4.9690","4.9960","4.8780","-0.66%"
"09/13/2023","4.9800","5.0250","5.0470","4.9500","-0.88%"
"09/12/2023","5.0240","5.0790","5.0800","4.9950","-1.02%"
"09/11/2023","5.0760","5.1030","5.1280","5.0680","-1.11%"
"09/10/2023","5.1330","5.1330","5.1330","5.1330","0.00%"
"09/09/2023","5.1330","5.1330","5.1330","5.1330","1.14%"
"09/08/2023","5.0750","5.1010","5.1430","5.0590","-1.07%"
"09/07/2023","5.1300","5.2080","5.2120","5.1270","-1.89%"
"09/06/2023","5.2290","5.2730","5.2950","5.2210","-0.66%"
"09/05/2023","5.2640","5.2140","5.2830","5.1750","0.78%"
"09/04/2023","5.2230","5.1710","5.2230","5.1660","0.39%"
"09/03/2023","5.2025","5.2025","5.2025","5.2025","0.00%"
"09/02/2023","5.2025","5.2025","5.2025","5.2025","0.59%"
"09/01/2023","5.1720","5.1590","5.1810","5.0960","0.52%"
"08/31/2023","5.1450","5.2350","5.2520","5.1250","-1.59%"
"08/30/2023","5.2280","5.2630","5.3010","5.1900","-0.08%"
"08/29/2023","5.2320","5.2560","5.3220","5.2270","-0.80%"
"08/28/2023","5.2740","5.2640","5.3390","5.2430","-1.16%"
"08/27/2023","5.3360","5.3360","5.3360","5.3360","0.00%"
"08/26/2023","5.3360","5.3360","5.3360","5.3360","6.74%"
"08/25/2023","4.9990","4.9930","5.0650","4.9690","0.85%"
"08/24/2023","4.9570","4.9120","5.0070","4.8980","-0.06%"
"08/23/2023","4.9600","5.1250","5.1520","4.9240","-3.48%"
"08/22/2023","5.1390","5.2220","5.2520","5.1310","-1.80%"
"08/21/2023","5.2330","5.2220","5.2520","5.1480","-0.45%"
"08/20/2023","5.2565","5.2565","5.2565","5.2565","0.20%"
"08/19/2023","5.2460","5.2435","5.2460","5.2435","1.06%"
"08/18/2023","5.1910","5.1820","5.2480","5.1710","-1.48%"
"08/17/2023","5.2690","5.2280","5.2810","5.1890","1.56%"
"08/16/2023","5.1880","5.1150","5.1930","5.0750","1.31%"
"08/15/2023","5.1210","5.1020","5.1920","5.0960","1.17%"
"08/14/2023","5.0620","5.0300","5.0740","4.9900","-0.11%"
"08/13/2023","5.0675","5.0675","5.0675","5.0675","-0.18%"
"08/12/2023","5.0765","5.0840","5.0840","5.0765","1.31%"
"08/11/2023","5.0110","4.9400","5.0190","4.8920","2.54%"
"08/10/2023","4.8870","4.9470","4.9700","4.8380","-0.59%"
"08/09/2023","4.9160","4.9340","4.9620","4.8990","0.82%"
"08/08/2023","4.8760","4.8880","4.9220","4.8360","-1.26%"
"08/07/2023","4.9380","4.9010","4.9940","4.9010","-0.23%"
"08/06/2023","4.9495","4.9495","4.9495","4.9495","1.28%"
"08/05/2023","4.8870","4.9355","4.9355","4.8870","0.45%"
"08/04/2023","4.8650","4.9720","5.0040","4.8000","-1.92%"
"08/03/2023","4.9600","5.0340","5.0440","4.8450","-0.66%"
"08/02/2023","4.9930","5.0310","5.0550","4.9610","-1.21%"
"08/01/2023","5.0540","4.9660","5.0600","4.9620","1.51%"
"07/31/2023","4.9790","5.0040","5.0160","4.9440","-0.87%"
"07/30/2023","5.0225","5.0225","5.0225","5.0225","-0.23%"
"07/29/2023","5.0340","5.0340","5.0340","5.0340","1.17%"
"07/28/2023","4.9760","5.0930","5.1010","4.9290","-0.88%"
"07/27/2023","5.0200","4.9970","5.0580","4.9440","-0.08%"
"07/26/2023","5.0240","4.9620","5.0410","4.9280","1.27%"
"07/25/2023","4.9610","4.9540","4.9970","4.9110","0.61%"
"07/24/2023","4.9310","4.9370","4.9460","4.8090","-1.10%"
"07/23/2023","4.9860","4.9860","4.9860","4.9860","-0.14%"
"07/22/2023","4.9930","4.9930","4.9930","4.9930","1.28%"
"07/21/2023","4.9300","4.9590","5.0110","4.9110","-0.90%"
"07/20/2023","4.9750","4.8510","4.9850","4.7280","1.55%"
"07/19/2023","4.8990","4.9950","5.0020","4.8000","-3.68%"
"07/18/2023","5.0860","5.1270","5.1380","5.0750","-1.34%"
"07/17/2023","5.1550","5.1900","5.2160","5.0430","-1.48%"
"07/16/2023","5.2325","5.2325","5.2325","5.2325","-0.35%"
"07/15/2023","5.2510","5.2510","5.2510","5.2510","1.04%"
"07/14/2023","5.1970","5.1600","5.2010","5.0660","1.23%"
"07/13/2023","5.1340","5.1920","5.2010","5.0420","-1.63%"
"07/12/2023","5.2190","5.3770","5.4070","5.2140","-3.69%"
"07/11/2023","5.4190","5.3190","5.4230","5.2560","0.99%"
"07/10/2023","5.3660","5.3950","5.4460","5.2510","-1.45%"
"07/09/2023","5.4450","5.4395","5.4450","5.4395","0.08%"
"07/08/2023","5.4405","5.4405","5.4405","5.4405","1.14%"
"07/07/2023","5.3790","5.4780","5.4910","5.3430","-2.32%"
"07/06/2023","5.5070","5.4060","5.5600","5.3950","2.27%"
"07/05/2023","5.3850","5.3270","5.3850","5.2620","1.30%"
"07/04/2023","5.3160","5.3470","5.3690","5.2760","-0.52%"
"07/03/2023","5.3440","5.2680","5.4060","5.2470","0.18%"
"07/02/2023","5.3345","5.3345","5.3345","5.3345","0.11%"
"07/01/2023","5.3285","5.3135","5.3285","5.3135","1.24%"
"06/30/2023","5.2630","5.2350","5.3220","5.2330","0.86%"
"06/29/2023","5.2180","5.1620","5.2690","5.1480","1.64%"
"06/28/2023","5.1340","5.2590","5.3080","5.0030","-2.27%"
"06/27/2023","5.2530","5.1550","5.2730","5.1420","2.14%"
"06/26/2023","5.1430","5.1730","5.1810","5.1040","-1.30%"
"06/25/2023","5.2110","5.2110","5.2110","5.2110","-0.49%"
"06/24/2023","5.2365","5.2385","5.2385","5.2365","1.17%"
"06/23/2023","5.1760","5.0660","5.1860","4.9370","2.07%"
"06/22/2023","5.0710","5.0410","5.1090","4.9700","0.56%"
"06/21/2023","5.0430","5.0510","5.1230","4.9320","2.00%"
"06/20/2023","4.9440","5.0650","5.0880","4.9250","-2.73%"
"06/19/2023","5.0830","4.9160","5.0850","4.9120","1.94%"
"06/18/2023","4.9865","4.9865","4.9865","4.9865","0.09%"
"06/17/2023","4.9820","4.9820","4.9820","4.9820","1.01%"
"06/16/2023","4.9320","4.9170","4.9860","4.8790","0.78%"
"06/15/2023","4.8940","4.8520","4.9390","4.7130","1.51%"
"06/14/2023","4.8210","4.9010","4.9090","4.8010","-1.31%"
"06/13/2023","4.8850","4.6700","4.8940","4.6510","5.37%"
"06/12/2023","4.6360","4.5440","4.6670","4.5340","1.54%"
"06/11/2023","4.5655","4.5655","4.5655","4.5655","-0.79%"
"06/10/2023","4.6020","4.5785","4.6020","4.5785","1.48%"
"06/09/2023","4.5350","4.5220","4.5660","4.4700","0.78%"
"06/08/2023","4.5000","4.5940","4.6020","4.4420","-1.55%"
"06/07/2023","4.5710","4.4660","4.5740","4.4110","2.10%"
"06/06/2023","4.4770","4.4510","4.5110","4.3890","0.95%"
"06/05/2023","4.4350","4.4120","4.4640","4.3930","0.98%"
"06/04/2023","4.3920","4.3920","4.3920","4.3920","-0.07%"
"06/03/2023","4.3950","4.3950","4.3950","4.3950","0.80%"
"06/02/2023","4.3600","4.3020","4.3880","4.2930","1.18%"
"06/01/2023","4.3090","4.3510","4.3780","4.2500","-0.48%"
"05/31/2023","4.3300","4.3760","4.4250","4.2860","-2.24%"
"05/30/2023","4.4290","4.4150","4.5370","4.3600","-1.80%"
"05/29/2023","4.5100","4.5380","4.5820","4.4660","-0.87%"
"05/28/2023","4.5495","4.5495","4.5495","4.5495","0.66%"
"05/27/2023","4.5195","4.5195","4.5195","4.5195","0.59%"
"05/26/2023","4.4930","4.5380","4.5820","4.4660","-1.12%"
"05/25/2023","4.5440","4.3840","4.5530","4.3830","4.01%"
"05/24/2023","4.3690","4.3050","4.4110","4.3040","5.63%"
"05/23/2023","4.1360","4.0630","4.1750","4.0490","1.97%"
"05/22/2023","4.0560","3.9530","4.0580","3.9080","1.37%"
"05/21/2023","4.0010","4.0010","4.0010","4.0010","0.25%"
"05/20/2023","3.9910","3.9910","3.9910","3.9910","1.14%"
"05/19/2023","3.9460","3.9630","4.0550","3.9160","-0.35%"
"05/18/2023","3.9600","3.8780","3.9700","3.8760","2.38%"
"05/17/2023","3.8680","3.7910","3.8690","3.7800","1.42%"
"05/16/2023","3.8140","3.7770","3.8160","3.7260","-0.34%"
"05/15/2023","3.8270","3.8260","3.8410","3.7870","0.30%"
"05/14/2023","3.8155","3.8155","3.8155","3.8155","-0.18%"
"05/13/2023","3.8225","3.8225","3.8225","3.8225","0.62%"
"05/12/2023","3.7990","3.7490","3.8090","3.7090","1.96%"
"05/11/2023","3.7260","3.8090","3.8330","3.7020","-2.56%"
"05/10/2023","3.8240","3.8700","3.8920","3.8150","-0.96%"
"05/09/2023","3.8610","3.8040","3.8680","3.7870","1.43%"
"05/08/2023","3.8065","3.8065","3.8065","3.8065","0.11%"
"05/07/2023","3.8025","3.8025","3.8025","3.8025","0.18%"
"05/06/2023","3.7955","3.7955","3.7955","3.7955","0.46%"
"05/05/2023","3.7780","3.7190","3.7980","3.7030","2.80%"
"05/04/2023","3.6750","3.7680","3.8030","3.6600","-2.55%"
"05/03/2023","3.7710","3.7300","3.7960","3.7100","0.86%"
"05/02/2023","3.7390","3.8610","3.8900","3.7200","-1.14%"
"05/01/2023","3.7820","3.8170","3.8330","3.7670","-0.67%"
"04/30/2023","3.8075","3.8075","3.8075","3.8075","-0.08%"
"04/29/2023","3.8105","3.8105","3.8105","3.8105","0.81%"
"04/28/2023","3.7800","3.8170","3.8330","3.7670","-0.79%"
"04/27/2023","3.8100","3.7690","3.8130","3.7250","1.57%"
"04/26/2023","3.7510","3.7100","3.7670","3.6840","0.46%"
"04/25/2023","3.7340","3.7750","3.7870","3.7040","-1.89%"
"04/24/2023","3.8060","3.7340","3.8080","3.7080","0.83%"
"04/23/2023","3.7745","3.7745","3.7745","3.7745","0.35%"
"04/22/2023","3.7615","3.7615","3.7615","3.7615","0.60%"
"04/21/2023","3.7390","3.6990","3.7600","3.6900","0.40%"
"04/20/2023","3.7240","3.7960","3.8230","3.7200","-2.62%"
"04/19/2023","3.8240","3.7400","3.8400","3.7390","3.74%"
"04/18/2023","3.6860","3.6340","3.6970","3.6340","2.05%"
"04/17/2023","3.6120","3.5930","3.6250","3.5640","-0.12%"
"04/16/2023","3.6165","3.6170","3.6170","3.6165","-0.23%"
"04/15/2023","3.6250","3.6250","3.6250","3.6250","0.50%"
"04/14/2023","3.6070","3.5210","3.6130","3.4960","2.73%"
"04/13/2023","3.5110","3.4910","3.5440","3.4530","0.06%"
"04/12/2023","3.5090","3.4670","3.5520","3.4020","0.92%"
"04/11/2023","3.4770","3.4340","3.4910","3.4170","3.54%"
"04/10/2023","3.3580","3.3360","3.3700","3.2930","-0.56%"
"04/09/2023","3.3770","3.3515","3.3770","3.3515","0.76%"
"04/08/2023","3.3515","3.3515","3.3515","3.3515","0.56%"
"04/07/2023","3.3330","3.3360","3.3700","3.2930","-0.71%"
"04/06/2023","3.3570","3.3360","3.3700","3.2930","0.90%"
"04/05/2023","3.3270","3.3780","3.4320","3.2900","-0.78%"
"04/04/2023","3.3530","3.3890","3.4560","3.3390","-1.06%"
"04/03/2023","3.3890","3.4630","3.5290","3.3520","-2.92%"
"04/02/2023","3.4910","3.4910","3.4910","3.4910","1.60%"
"04/01/2023","3.4360","3.4360","3.4360","3.4360","-0.15%"
"03/31/2023","3.4410","3.4540","3.5180","3.4380","-0.35%"
"03/30/2023","3.4530","3.3460","3.4700","3.3360","1.41%"
"03/29/2023","3.4050","3.3810","3.4490","3.3480","1.10%"
"03/28/2023","3.3680","3.3510","3.4210","3.3290","1.48%"
"03/27/2023","3.3190","3.2500","3.3940","3.2420","3.52%"
"03/26/2023","3.2060","3.2060","3.2060","3.2060","-0.34%"
"03/25/2023","3.2170","3.2170","3.2170","3.2170","0.00%"
"03/24/2023","3.2170","3.4030","3.4600","3.0160","-2.01%"
"03/23/2023","3.2830","3.4030","3.4600","3.2690","-6.12%"
"03/22/2023","3.4970","3.3510","3.5450","3.3510","6.62%"
"03/21/2023","3.2800","3.2490","3.3180","3.2370","1.86%"
"03/20/2023","3.2200","3.1180","3.3600","3.0980","-0.28%"
"03/19/2023","3.2290","3.2290","3.2290","3.2290","-0.84%"
"03/18/2023","3.2565","3.2565","3.2565","3.2565","0.73%"
"03/17/2023","3.2330","3.3700","3.4080","3.1450","-5.61%"
"03/16/2023","3.4250","3.3790","3.4270","3.2430","4.13%"
"03/15/2023","3.2890","3.5210","3.5360","3.2200","-4.94%"
"03/14/2023","3.4600","3.3400","3.5320","3.3080","3.13%"
"03/13/2023","3.3550","3.5930","3.6100","3.1480","-7.42%"
"03/12/2023","3.6240","3.6240","3.6240","3.6240","-0.30%"
"03/11/2023","3.6350","3.6350","3.6350","3.6350","0.11%"
"03/10/2023","3.6310","3.6920","3.7340","3.5760","-4.75%"
"03/09/2023","3.8120","3.8270","3.8520","3.7700","0.66%"
"03/08/2023","3.7870","3.8030","3.8710","3.7490","-0.24%"
"03/07/2023","3.7960","3.7550","3.8580","3.7420","0.74%"
"03/06/2023","3.7680","3.6570","3.7730","3.6530","0.96%"
"03/05/2023","3.7320","3.7320","3.7320","3.7320","0.62%"
"03/04/2023","3.7090","3.7090","3.7090","3.7090","0.49%"
"03/03/2023","3.6910","3.6850","3.7170","3.6380","-0.05%"
"03/02/2023","3.6930","3.7100","3.7120","3.6190","0.79%"
"03/01/2023","3.6640","3.7320","3.7520","3.5750","-0.49%"
"02/28/2023","3.6820","3.7230","3.7560","3.6600","0.30%"
"02/27/2023","3.6710","3.6070","3.7020","3.5820","1.06%"
"02/26/2023","3.6325","3.6325","3.6325","3.6325","-0.22%"
"02/25/2023","3.6405","3.6405","3.6405","3.6405","-9.51%"
"02/24/2023","4.0230","3.8760","4.0600","3.8630","2.97%"
"02/23/2023","3.9070","3.9410","3.9930","3.8980","-0.15%"
"02/22/2023","3.9130","3.9260","4.0010","3.8990","-0.18%"
"02/21/2023","3.9200","3.7640","3.9490","3.7560","4.70%"
"02/20/2023","3.7440","3.8040","3.8070","3.7410","-1.95%"
"02/19/2023","3.8185","3.8185","3.8185","3.8185","0.65%"
"02/18/2023","3.7940","3.7940","3.7940","3.7940","0.16%"
"02/17/2023","3.7880","3.8750","3.8990","3.7820","-0.03%"
"02/16/2023","3.7890","3.7560","3.8500","3.7070","0.74%"
"02/15/2023","3.7610","3.7270","3.7670","3.6800","-1.16%"
"02/14/2023","3.8050","3.6030","3.8170","3.6030","4.68%"
"02/13/2023","3.6350","3.6370","3.6800","3.6270","0.04%"
"02/12/2023","3.6335","3.6335","3.6335","3.6335","0.29%"
"02/11/2023","3.6230","3.6230","3.6230","3.6230","-0.03%"
"02/10/2023","3.6240","3.5360","3.6320","3.5360","3.51%"
"02/09/2023","3.5010","3.4480","3.5250","3.3950","1.18%"
"02/08/2023","3.4600","3.4900","3.5260","3.4590","-1.31%"
"02/07/2023","3.5060","3.4380","3.5220","3.4260","1.98%"
"02/06/2023","3.4380","3.2720","3.4630","3.2700","5.62%"
"02/05/2023","3.2550","3.2550","3.2550","3.2550","0.73%"
"02/04/2023","3.2315","3.2315","3.2315","3.2315","0.23%"
"02/03/2023","3.2240","3.1350","3.2770","3.1340","2.15%"
"02/02/2023","3.1560","3.3790","3.4000","3.1290","-7.69%"
"02/01/2023","3.4190","3.4280","3.4670","3.3920","-0.98%"
"01/31/2023","3.4530","3.4100","3.4900","3.4000","-0.32%"
"01/30/2023","3.4640","3.4530","3.5340","3.4420","-0.45%"
"01/29/2023","3.4795","3.4795","3.4795","3.4795","0.03%"
"01/28/2023","3.4785","3.4785","3.4785","3.4785","0.19%"
"01/27/2023","3.4720","3.4510","3.5030","3.4410","0.70%"
"01/26/2023","3.4480","3.3690","3.4640","3.3690","1.44%"
"01/25/2023","3.3990","3.4100","3.4430","3.3140","1.13%"
"01/24/2023","3.3610","3.4100","3.4430","3.3580","-2.58%"
"01/23/2023","3.4500","3.4680","3.5300","3.4280","-0.42%"
"01/22/2023","3.4645","3.4645","3.4645","3.4645","-0.50%"
"01/21/2023","3.4820","3.4820","3.4820","3.4820","0.06%"
"01/20/2023","3.4800","3.4830","3.4990","3.3250","0.78%"
"01/19/2023","3.4530","3.4580","3.5240","3.3960","-0.55%"
"01/18/2023","3.4720","3.4300","3.5180","3.3910","0.43%"
"01/17/2023","3.4570","3.5220","3.5900","3.4490","-1.03%"
"01/16/2023","3.4930","3.4670","3.7350","3.4610","0.84%"
"01/15/2023","3.4640","3.4640","3.4640","3.4640","-0.69%"
"01/14/2023","3.4880","3.4880","3.4880","3.4880","0.46%"
"01/13/2023","3.4720","3.4170","3.4860","3.2410","1.37%"
"01/12/2023","3.4250","3.4910","3.5030","3.2150","-2.70%"
"01/11/2023","3.5200","3.4240","3.5290","3.3710","1.62%"
"01/10/2023","3.4640","3.4540","3.4860","3.4320","0.67%"
"01/09/2023","3.4410","3.4120","3.5030","3.4120","1.03%"
"01/06/2023","3.4060","3.4850","3.6910","3.3940","-2.69%"
"01/05/2023","3.5000","3.4470","3.6250","3.4290","1.98%"
"01/04/2023","3.4320","3.4890","3.6970","3.4240","-3.84%"
"01/03/2023","3.5690","3.5320","3.6260","3.4520","-3.72%"
"12/30/2022","3.7070","3.5910","3.7500","3.5840","2.69%"
"12/29/2022","3.6100","3.5600","3.6690","3.5600","0.70%"
"12/28/2022","3.5850","3.7420","3.7860","3.5840","-2.20%"
"12/26/2022","3.6655","3.6655","3.6655","3.6655","0.00%"
"12/25/2022","3.6655","3.6655","3.6655","3.6655","0.00%"
"12/24/2022","3.6655","3.6655","3.6655","3.6655","0.78%"
"12/23/2022","3.6370","3.5980","3.6880","3.5980","0.55%"
"12/22/2022","3.6170","3.6510","3.7200","3.6000","-1.42%"
"12/21/2022","3.6690","3.6670","3.7100","3.6360","-0.22%"
"12/20/2022","3.6770","3.7470","3.7990","3.6730","0.41%"
"12/19/2022","3.6620","3.4900","3.6640","3.4790","4.57%"
"12/18/2022","3.5020","3.5020","3.5020","3.5020","1.10%"
"12/17/2022","3.4640","3.4640","3.4640","3.4640","-0.17%"
"12/16/2022","3.4700","3.4330","3.5540","3.4220","2.51%"
"12/15/2022","3.3850","3.4390","3.4440","3.3300","-1.54%"
"12/14/2022","3.4380","3.4750","3.5140","3.2980","-2.02%"
"12/13/2022","3.5090","3.4790","3.5190","3.4210","1.15%"
"12/12/2022","3.4690","3.3850","3.5110","3.3640","1.82%"
"12/09/2022","3.4070","3.3190","3.4080","3.3170","2.65%"
"12/08/2022","3.3190","3.2340","3.3230","3.2210","2.34%"
"12/07/2022","3.2430","3.2260","3.3380","3.2230","-0.40%"
"12/06/2022","3.2560","3.3020","3.3520","3.2000","-1.60%"
"12/05/2022","3.3090","3.3000","3.3480","3.2630","-0.09%"
"12/02/2022","3.3120","3.2210","3.3470","3.1700","2.29%"
"12/01/2022","3.2380","3.1800","3.2760","3.1800","-1.28%"
"11/30/2022","3.2800","3.2490","3.4980","3.2320","1.52%"
"11/29/2022","3.2310","3.2290","3.4800","3.2000","-1.55%"
"11/28/2022","3.2820","3.2310","3.3540","3.2020","0.08%"
"11/27/2022","3.2795","3.2795","3.2795","3.2795","0.14%"
"11/26/2022","3.2750","3.2750","3.2750","3.2750","0.34%"
"11/25/2022","3.2640","3.2350","3.3420","3.2000","2.16%"
"11/24/2022","3.1950","3.0320","3.2020","3.0180","2.60%"
"11/23/2022","3.1140","3.1350","3.1850","3.0900","-0.35%"
"11/22/2022","3.1250","3.1780","3.2500","3.1220","-2.77%"
"11/21/2022","3.2140","3.1790","3.3790","3.1600","0.97%"
"11/18/2022","3.1830","3.0880","3.4610","3.0830","2.74%"
"11/17/2022","3.0980","2.9410","3.1590","2.9250","3.61%"
"11/16/2022","2.9900","3.0910","3.1920","2.9550","-4.78%"
"11/15/2022","3.1400","3.1050","3.2430","3.0830","0.87%"
"11/14/2022","3.1130","3.1380","3.3450","3.0580","-0.45%"
"11/11/2022","3.1270","3.1140","3.2420","3.0600","1.36%"
"11/10/2022","3.0850","3.2190","3.4640","3.0340","-4.13%"
"11/09/2022","3.2180","3.2580","3.2990","3.1970","-0.40%"
"11/08/2022","3.2310","3.2140","3.2870","3.1710","0.78%"
"11/07/2022","3.2060","3.0590","3.2180","2.9990","4.87%"
"11/04/2022","3.0570","3.0540","3.1250","3.0140","-0.62%"
"11/03/2022","3.0760","3.0710","3.2570","2.8980","1.85%"
"11/02/2022","3.0200","3.2490","3.4240","3.0190","-4.43%"
"11/01/2022","3.1600","3.2490","3.3090","3.1490","-3.48%"
"10/31/2022","3.2740","3.2140","3.3300","3.2040","1.46%"
"10/28/2022","3.2270","3.1440","3.2970","3.1060","4.64%"
"10/27/2022","3.0840","3.2750","3.3240","3.0840","-5.83%"
"10/26/2022","3.2750","3.5320","3.5320","3.2240","-1.47%"
"10/25/2022","3.3240","3.4110","3.4670","3.3070","-2.49%"
"10/24/2022","3.4090","3.6050","3.6070","3.3830","-7.62%"
"10/21/2022","3.6900","3.8240","3.9020","3.6550","3.65%"
"10/20/2022","3.5600","3.7050","3.7310","3.4080","2.74%"
"10/19/2022","3.4650","3.7950","3.7950","3.4470","-2.31%"
"10/18/2022","3.5470","3.7210","3.7350","3.5170","-0.34%"
"10/17/2022","3.5590","3.9470","3.9470","3.5300","-8.20%"
"10/14/2022","3.8770","3.5570","3.9940","3.5470","2.32%"
"10/13/2022","3.7890","3.9640","4.0300","3.6690","-5.51%"
"10/12/2022","4.0100","4.3880","4.4090","3.9970","-4.09%"
"10/11/2022","4.1810","4.4340","4.4340","4.1810","-3.95%"
"10/10/2022","4.3530","4.1750","4.4990","4.1680","7.11%"
"10/07/2022","4.0640","4.1760","4.1840","4.0640","-1.00%"
"10/06/2022","4.1050","4.0440","4.2340","4.0250","2.83%"
"10/05/2022","3.9920","4.0500","4.1070","3.9420","2.73%"
"10/04/2022","3.8860","3.9550","4.0180","3.7510","-2.90%"
"10/03/2022","4.0020","4.3800","4.3800","3.9670","-6.95%"
"09/30/2022","4.3010","4.2860","4.4030","4.0660","-1.10%"
"09/29/2022","4.3490","4.3530","4.6200","4.3040","2.47%"
"09/28/2022","4.2440","4.6220","4.7100","4.2440","-10.03%"
"09/27/2022","4.7170","4.4450","4.7610","4.2150","5.01%"
"09/26/2022","4.4920","4.1490","4.5730","4.1420","14.83%"
"09/23/2022","3.9120","3.5350","4.0050","3.4820","11.80%"
"09/22/2022","3.4990","3.4040","3.5730","3.3670","2.19%"
"09/21/2022","3.4240","3.2980","3.4240","3.2730","4.01%"
"09/20/2022","3.2920","3.1680","3.3560","3.1680","5.18%"
"09/19/2022","3.1300","3.1300","3.1325","3.1295","1.10%"
"09/16/2022","3.0960","3.1230","3.1610","3.0760","-0.32%"
"09/15/2022","3.1060","3.1200","3.1620","3.0210","-0.38%"
"09/14/2022","3.1180","3.0640","3.1430","3.0370","0.10%"
"09/13/2022","3.1150","3.0330","3.1590","2.9790","2.70%"
"09/12/2022","3.0330","3.0670","3.0990","2.9850","0.17%"
"09/09/2022","3.0280","3.0400","3.0800","2.9680","-1.59%"
"09/08/2022","3.0770","2.9220","3.0980","2.9200","2.53%"
"09/07/2022","3.0010","3.1830","3.1830","2.9250","-5.51%"
"09/06/2022","3.1760","3.2060","3.2720","3.1310","-0.84%"
"09/05/2022","3.2030","3.1780","3.2440","3.1420","2.89%"
"09/02/2022","3.1130","3.0760","3.1690","3.0490","0.81%"
"09/01/2022","3.0880","3.0880","3.1270","3.0340","2.66%"
"08/31/2022","3.0080","2.9270","3.0760","2.9010","3.90%"
"08/30/2022","2.8950","2.9190","3.0720","2.8940","2.84%"
"08/29/2022","2.8150","2.8120","2.8210","2.8120","-0.18%"
"08/28/2022","2.8200","2.8200","2.8200","2.8200","0.00%"
"08/27/2022","2.8200","2.8205","2.8205","2.8200","1.26%"
"08/26/2022","2.7850","2.8000","2.8430","2.7140","0.07%"
"08/25/2022","2.7830","2.9290","2.9290","2.7730","-5.56%"
"08/24/2022","2.9470","2.7480","2.9590","2.7480","8.67%"
"08/23/2022","2.7120","2.6100","2.7670","2.5690","4.19%"
"08/22/2022","2.6030","2.5200","2.6400","2.4790","2.68%"
"08/19/2022","2.5350","2.4920","2.6040","2.4920","3.01%"
"08/18/2022","2.4610","2.4230","2.4610","2.3740","2.46%"
"08/17/2022","2.4020","2.1970","2.4530","2.1970","11.20%"
"08/16/2022","2.1600","2.0320","2.1900","2.0280","6.14%"
"08/15/2022","2.0350","2.0400","2.0730","2.0080","-1.69%"
"08/12/2022","2.0700","2.0270","2.0830","2.0160","2.78%"
"08/11/2022","2.0140","1.9490","2.0460","1.9320","4.62%"
"08/10/2022","1.9250","1.9260","2.0000","1.8900","0.05%"
"08/09/2022","1.9240","1.8580","1.9380","1.8380","1.32%"
"08/08/2022","1.8990","1.8940","1.9110","1.8400","-3.36%"
"08/05/2022","1.9650","1.8900","2.0150","1.8290","5.25%"
"08/04/2022","1.8670","1.8590","1.9300","1.7510","1.08%"
"08/03/2022","1.8470","1.7450","1.8980","1.7450","4.76%"
"08/02/2022","1.7630","1.6280","1.7630","1.5690","4.69%"
"08/01/2022","1.6840","1.7260","1.7770","1.6510","-1.43%"
"07/31/2022","1.7085","1.7085","1.7085","1.7085","-0.32%"
"07/29/2022","1.7140","1.7230","1.7790","1.6910","0.41%"
"07/28/2022","1.7070","1.9220","1.9420","1.6800","-8.62%"
"07/27/2022","1.8680","1.8510","1.8940","1.8270","2.52%"
"07/26/2022","1.8220","1.8120","1.8470","1.7790","-0.65%"
"07/25/2022","1.8340","1.8340","1.8800","1.8220","-0.38%"
"07/22/2022","1.8410","1.9590","1.9740","1.8290","-7.77%"
"07/21/2022","1.9960","2.0740","2.1680","1.9730","-4.95%"
"07/20/2022","2.1000","1.9220","2.1060","1.9060","1.40%"
"07/19/2022","2.0710","1.9220","2.0860","1.9060","4.81%"
"07/18/2022","1.9760","1.9380","2.0170","1.9130","3.75%"
"07/16/2022","1.9045","1.9045","1.9045","1.9045","-0.60%"
"07/15/2022","1.9160","1.8710","1.9580","1.8510","-1.54%"
"07/14/2022","1.9460","1.7880","1.9890","1.7880","7.04%"
"07/13/2022","1.8180","1.8370","1.8910","1.7790","0.61%"
"07/12/2022","1.8070","1.8720","1.8720","1.7100","-3.88%"
"07/11/2022","1.8800","1.8980","1.9170","1.8390","-2.08%"
"07/08/2022","1.9200","1.8200","1.9380","1.7860","5.15%"
"07/07/2022","1.8260","1.7590","1.8680","1.7590","3.99%"
"07/06/2022","1.7560","1.7400","1.7860","1.6430","4.09%"
"07/05/2022","1.6870","1.7850","1.8220","1.6750","-6.49%"
"07/04/2022","1.8040","1.7120","1.8270","1.6860","6.81%"
"07/01/2022","1.6890","1.8260","1.8700","1.5870","-10.06%"
"06/30/2022","1.8780","1.9970","2.0110","1.8750","-8.66%"
"06/29/2022","2.0560","2.1130","2.1510","2.0320","-3.06%"
"06/28/2022","2.1210","2.0330","2.1640","2.0080","4.95%"
"06/27/2022","2.0210","1.9380","2.0470","1.9320","4.55%"
"06/24/2022","1.9330","1.9120","2.0070","1.8760","0.00%"
"06/23/2022","1.9330","2.1560","2.1610","1.9030","-9.12%"
"06/22/2022","2.1270","2.2690","2.2690","2.0820","-8.00%"
"06/21/2022","2.3120","2.3030","2.3510","2.2610","0.30%"
"06/20/2022","2.3050","2.2100","2.3230","2.1940","4.82%"
"06/17/2022","2.1990","2.1090","2.2460","2.0530","2.71%"
"06/16/2022","2.1410","1.9260","2.2740","1.8960","9.29%"
"06/15/2022","1.9590","2.0760","2.0760","1.9150","-8.67%"
"06/14/2022","2.1450","2.0920","2.1660","2.0190","0.66%"
"06/13/2022","2.1310","2.0730","2.1520","2.0400","4.05%"
"06/11/2022","2.0480","2.0480","2.0480","2.0480","-0.68%"
"06/10/2022","2.0620","1.8560","2.0660","1.8430","11.76%"
"06/09/2022","1.8450","1.8010","1.8880","1.7710","3.94%"
"06/08/2022","1.7750","1.7400","1.7990","1.7400","1.84%"
"06/07/2022","1.7430","1.8090","1.8200","1.7330","-1.25%"
"06/06/2022","1.7650","1.7300","1.8150","1.7180","6.55%"
"06/03/2022","1.6565","1.6560","1.6760","1.6560","0.03%"
"06/02/2022","1.6560","1.6670","1.6670","1.6505","-0.72%"
"06/01/2022","1.6680","1.5110","1.6840","1.5110","5.70%"
"05/31/2022","1.5780","1.4890","1.6140","1.4600","6.12%"
"05/30/2022","1.4870","1.4690","1.5100","1.4690","3.91%"
"05/28/2022","1.4310","1.4315","1.4315","1.4310","0.14%"
"05/27/2022","1.4290","1.4230","1.4540","1.3880","-1.58%"
"05/26/2022","1.4520","1.4050","1.4730","1.3670","1.04%"
"05/25/2022","1.4370","1.4690","1.4800","1.4180","-1.10%"
"05/24/2022","1.4530","1.5670","1.5740","1.4060","-7.39%"
"05/23/2022","1.5690","1.5250","1.5890","1.4930","4.74%"
"05/21/2022","1.4980","1.4980","1.4980","1.4980","-0.53%"
"05/20/2022","1.5060","1.4960","1.5620","1.4940","-0.33%"
"05/19/2022","1.5110","1.4610","1.5150","1.4060","3.35%"
"05/18/2022","1.4620","1.4630","1.5270","1.3830","1.60%"
"05/17/2022","1.4390","1.4390","1.4390","1.4390","16.71%"
"05/16/2022","1.2330","1.2360","1.3120","1.2260","-0.88%"
"05/13/2022","1.2440","1.2260","1.2680","1.2110","4.89%"
"05/12/2022","1.1860","1.2170","1.2430","1.1860","-8.49%"
"05/11/2022","1.2960","1.3120","1.4180","1.2850","-3.07%"
"05/10/2022","1.3370","1.3840","1.3910","1.2800","-3.12%"
"05/09/2022","1.3800","1.5000","1.5420","1.3800","-7.75%"
"05/07/2022","1.4960","1.4960","1.4960","1.4960","-1.12%"
"05/06/2022","1.5130","1.5400","1.5510","1.4790","-3.07%"
"05/05/2022","1.5610","1.6340","1.6480","1.4180","-5.22%"
"05/04/2022","1.6470","1.6870","1.7070","1.6260","0.00%"
"05/03/2022","1.6470","1.6700","1.7010","1.6130","4.24%"
"05/02/2022","1.5800","1.5350","1.6320","1.5090","-1.74%"
"04/29/2022","1.6080","1.5350","1.6100","1.5090","4.21%"
"04/28/2022","1.5430","1.4930","1.5710","1.4860","3.28%"
"04/27/2022","1.4940","1.5860","1.5980","1.4900","-0.47%"
"04/26/2022","1.5010","1.5860","1.5980","1.4900","-4.15%"
"04/25/2022","1.5660","1.6580","1.6760","1.5540","-8.90%"
"04/22/2022","1.7190","1.7190","1.7880","1.7000","-3.70%"
"04/21/2022","1.7850","1.6170","1.7850","1.5800","13.69%"
"04/20/2022","1.5700","1.6160","1.6160","1.5230","-1.26%"
"04/19/2022","1.5900","1.5940","1.6250","1.5690","1.34%"
"04/14/2022","1.5690","1.5120","1.5750","1.4700","4.53%"
"04/13/2022","1.5010","1.5310","1.6110","1.4950","-0.79%"
"04/12/2022","1.5130","1.5820","1.6350","1.5010","-2.83%"
"04/11/2022","1.5570","1.5230","1.5750","1.5070","4.53%"
"04/09/2022","1.4895","1.4895","1.4895","1.4895","-0.37%"
"04/08/2022","1.4950","1.4640","1.5280","1.4560","2.12%"
"04/07/2022","1.4640","1.4590","1.5150","1.4240","-0.07%"
"04/06/2022","1.4650","1.4580","1.5520","1.4580","0.55%"
"04/05/2022","1.4570","1.3850","1.4950","1.3740","6.58%"
"04/04/2022","1.3670","1.3670","1.4140","1.3420","-1.09%"
"04/01/2022","1.3820","1.3900","1.4390","1.3670","1.69%"
"03/31/2022","1.3590","1.3780","1.3960","1.3390","-1.59%"
"03/30/2022","1.3810","1.3540","1.4210","1.3330","0.58%"
"03/29/2022","1.3730","1.3750","1.4480","1.3540","0.88%"
"03/28/2022","1.3610","1.4220","1.5150","1.3450","-3.71%"
"03/26/2022","1.4135","1.4130","1.4135","1.4130","0.18%"
"03/25/2022","1.4110","1.3310","1.4200","1.3140","3.75%"
"03/24/2022","1.3600","1.3600","1.4190","1.3290","0.22%"
"03/23/2022","1.3570","1.4050","1.4120","1.2980","-4.10%"
"03/22/2022","1.4150","1.3410","1.4160","1.3280","6.79%"
"03/21/2022","1.3250","1.2430","1.3250","1.2150","9.69%"
"03/18/2022","1.2080","1.3080","1.3150","1.1990","-7.50%"
"03/17/2022","1.3060","1.4060","1.4720","1.2710","-6.58%"
"03/16/2022","1.3980","1.4030","1.4320","1.3800","2.19%"
"03/15/2022","1.3680","1.4000","1.4080","1.3560","-1.72%"
"03/14/2022","1.3920","1.3670","1.4270","1.3670","4.90%"
"03/11/2022","1.3270","1.3520","1.3970","1.3240","-2.14%"
"03/10/2022","1.3560","1.4250","1.4250","1.3490","-4.10%"
"03/09/2022","1.4140","1.3250","1.4310","1.2990","5.76%"
"03/08/2022","1.3370","1.0540","1.3400","1.0540","14.18%"
"03/07/2022","1.1710","1.0300","1.1940","1.0300","11.42%"
"03/06/2022","1.0510","1.0510","1.0510","1.0510","-0.85%"
"03/04/2022","1.0600","1.1010","1.1500","1.0550","-6.69%"
"03/03/2022","1.1360","1.0770","1.1950","1.0700","6.77%"
"03/02/2022","1.0640","0.8010","1.0760","0.8010","32.50%"
"03/01/2022","0.8030","1.0230","1.0520","0.7840","-23.74%"
"02/28/2022","1.0530","1.1510","1.1800","1.0510","-11.96%"
"02/26/2022","1.1960","1.1955","1.1960","1.1955","-0.75%"
"02/25/2022","1.2050","1.3280","1.3280","1.1820","-3.52%"
"02/24/2022","1.2490","1.2590","1.2800","1.1990","-4.44%"
"02/23/2022","1.3070","1.3570","1.3640","1.2900","-2.68%"
"02/22/2022","1.3430","1.2630","1.3620","1.2410","4.35%"
"02/21/2022","1.2870","1.2910","1.3170","1.2530","1.10%"
"02/20/2022","1.2730","1.2730","1.2730","1.2730","0.24%"
"02/18/2022","1.2700","1.4050","1.4050","1.2640","-4.58%"
"02/17/2022","1.3310","1.4170","1.4170","1.3040","-5.87%"
"02/16/2022","1.4140","1.5650","1.5650","1.4050","-8.36%"
"02/15/2022","1.5430","1.5150","1.5560","1.4980","1.65%"
"02/14/2022","1.5180","1.3950","1.5220","1.3600","6.83%"
"02/11/2022","1.4210","1.3760","1.4330","1.3590","5.10%"
"02/10/2022","1.3520","1.3050","1.3540","1.2730","4.81%"
"02/09/2022","1.2900","1.3170","1.3210","1.2810","-3.15%"
"02/08/2022","1.3320","1.2930","1.3670","1.2700","4.23%"
"02/07/2022","1.2780","1.2730","1.3010","1.2530","0.95%"
"02/04/2022","1.2660","1.1680","1.2780","1.1620","9.52%"
"02/03/2022","1.1560","1.0520","1.1690","1.0310","11.05%"
"02/02/2022","1.0410","1.0620","1.0790","1.0280","-2.07%"
"02/01/2022","1.0630","1.0600","1.0970","1.0250","1.82%"
"01/31/2022","1.0440","1.0150","1.0580","0.9660","7.85%"
"01/28/2022","0.9680","0.9950","1.0100","0.9610","1.04%"
"01/27/2022","0.9580","0.9690","0.9960","0.9480","4.02%"
"01/26/2022","0.9210","0.9180","0.9370","0.9000","1.99%"
"01/25/2022","0.9030","0.9020","0.9180","0.8730","2.50%"
"01/24/2022","0.8810","0.8960","0.8990","0.8430","0.46%"
"01/21/2022","0.8770","0.8660","0.8910","0.8530","-2.99%"
"01/20/2022","0.9040","0.9260","0.9310","0.8910","-1.20%"
"01/19/2022","0.9150","0.9220","0.9580","0.9030","5.41%"
"01/18/2022","0.8680","0.8600","0.8750","0.8360","2.72%"
"01/17/2022","0.8450","0.8010","0.8480","0.7950","6.02%"
"01/14/2022","0.7970","0.7780","0.8050","0.7630","4.46%"
"01/13/2022","0.7630","0.8180","0.8320","0.7590","-5.33%"
"01/12/2022","0.8060","0.7980","0.8530","0.7980","-4.05%"
"01/11/2022","0.8400","0.8350","0.8620","0.8280","-0.24%"
"01/10/2022","0.8420","0.8530","0.8570","0.8260","0.84%"
"01/07/2022","0.8350","0.8240","0.8360","0.7950","2.33%"
"01/06/2022","0.8160","0.8250","0.8280","0.7870","7.79%"
"01/05/2022","0.7570","0.7680","0.7750","0.7370","-1.17%"
"01/04/2022","0.7660","0.7250","0.7890","0.7170","11.99%"
"01/03/2022","0.6840","0.6870","0.6910","0.6460","2.40%"
"01/01/2022","0.6680","0.6680","0.6680","0.6680","-1.62%"
"12/31/2021","0.6790","0.6870","0.6910","0.6460","-1.02%"
"12/30/2021","0.6860","0.7050","0.7180","0.6650","-3.92%"
"12/29/2021","0.7140","0.6750","0.7270","0.6720","10.78%"
"12/27/2021","0.6445","0.6445","0.6445","0.6445","-4.38%"
"12/24/2021","0.6740","0.6690","0.7050","0.6500","1.51%"
"12/23/2021","0.6640","0.6780","0.6970","0.6520","1.68%"
"12/22/2021","0.6530","0.6320","0.6680","0.6090","4.98%"
"12/21/2021","0.6220","0.5760","0.6260","0.5490","14.13%"
"12/20/2021","0.5450","0.4990","0.5520","0.4710","4.81%"
"12/17/2021","0.5200","0.4930","0.5340","0.4880","2.77%"
"12/16/2021","0.5060","0.4930","0.5850","0.4750","3.69%"
"12/15/2021","0.4880","0.4630","0.5170","0.4610","10.66%"
"12/14/2021","0.4410","0.4100","0.4540","0.3990","11.65%"
"12/13/2021","0.3950","0.4370","0.4390","0.3940","-6.84%"
"12/10/2021","0.4240","0.4550","0.4550","0.4020","-2.53%"
"12/09/2021","0.4350","0.4320","0.4420","0.3940","-5.64%"
"12/08/2021","0.4610","0.4680","0.4860","0.4100","-0.65%"
"12/07/2021","0.4640","0.5020","0.5160","0.4520","0.00%"
"12/06/2021","0.4640","0.4890","0.5020","0.4620","-2.32%"
"12/03/2021","0.4750","0.5390","0.5470","0.4720","-10.55%"
"12/02/2021","0.5310","0.5340","0.5420","0.5040","0.38%"
"12/01/2021","0.5290","0.5110","0.6030","0.5020","10.44%"
"11/30/2021","0.4790","0.4700","0.5080","0.4330","-2.64%"
"11/29/2021","0.4920","0.4850","0.5400","0.4760","6.72%"
"11/26/2021","0.4610","0.5180","0.5270","0.4400","-19.12%"
"11/25/2021","0.5700","0.5980","0.6000","0.5670","-2.06%"
"11/24/2021","0.5820","0.5960","0.6290","0.5660","-2.02%"
"11/23/2021","0.5940","0.5660","0.5980","0.5360","11.65%"
"11/22/2021","0.5320","0.5120","0.5520","0.4690","11.76%"
"11/20/2021","0.4760","0.4760","0.4760","0.4760","-2.46%"
"11/19/2021","0.4880","0.5660","0.5720","0.4660","-8.10%"
"11/18/2021","0.5310","0.5370","0.5530","0.5160","-6.18%"
"11/17/2021","0.5660","0.6330","0.6330","0.5630","-7.52%"
"11/16/2021","0.6120","0.5810","0.6120","0.5500","8.90%"
"11/15/2021","0.5620","0.4920","0.5680","0.4800","7.05%"
"11/12/2021","0.5250","0.5640","0.5760","0.5070","-7.41%"
"11/11/2021","0.5670","0.6020","0.6020","0.5600","-2.24%"
"11/10/2021","0.5800","0.4900","0.5820","0.4700","27.75%"
"11/09/2021","0.4540","0.4240","0.4710","0.4080","8.61%"
"11/08/2021","0.4180","0.4100","0.4460","0.3980","0.97%"
"11/05/2021","0.4140","0.5000","0.5010","0.3930","-16.36%"
"11/04/2021","0.4950","0.7040","0.7040","0.4750","-29.59%"
"11/03/2021","0.7030","0.6750","0.7160","0.6360","4.77%"
"11/02/2021","0.6710","0.6700","0.6860","0.6510","-3.45%"
"11/01/2021","0.6950","0.7310","0.7600","0.6940","-2.11%"
"10/29/2021","0.7100","0.8430","0.8430","0.6490","10.25%"
"10/28/2021","0.6440","0.5700","0.6830","0.5570","15.83%"
"10/27/2021","0.5560","0.6150","0.6370","0.5330","-11.61%"
"10/26/2021","0.6290","0.6510","0.6590","0.6200","-2.63%"
"10/25/2021","0.6460","0.6800","0.6910","0.6220","-2.56%"
"10/23/2021","0.6630","0.6630","0.6630","0.6630","-1.63%"
"10/22/2021","0.6740","0.7080","0.7130","0.6630","-4.94%"
"10/21/2021","0.7090","0.6930","0.7440","0.6800","2.46%"
"10/20/2021","0.6920","0.7510","0.7510","0.6680","-5.85%"
"10/19/2021","0.7350","0.6930","0.7380","0.6890","3.09%"
"10/18/2021","0.7130","0.5980","0.7510","0.5980","21.67%"
"10/15/2021","0.5860","0.5380","0.5870","0.5340","14.23%"
"10/14/2021","0.5130","0.5960","0.5990","0.5120","-10.94%"
"10/13/2021","0.5760","0.5500","0.5850","0.5210","3.41%"
"10/12/2021","0.5570","0.6040","0.6040","0.5520","-6.54%"
"10/11/2021","0.5960","0.5880","0.6180","0.5830","10.27%"
"10/09/2021","0.5405","0.5405","0.5405","0.5405","1.41%"
"10/08/2021","0.5330","0.5000","0.5430","0.5000","10.81%"
"10/07/2021","0.4810","0.4650","0.4920","0.4330","1.91%"
"10/06/2021","0.4720","0.4930","0.5180","0.4540","3.28%"
"10/05/2021","0.4570","0.4210","0.4660","0.4010","12.29%"
"10/04/2021","0.4070","0.3980","0.4320","0.3840","1.75%"
"10/01/2021","0.4000","0.3910","0.4280","0.3850","-2.68%"
"09/30/2021","0.4110","0.4360","0.4600","0.4090","0.49%"
"09/29/2021","0.4090","0.4070","0.4130","0.3800","0.00%"
"09/28/2021","0.4090","0.4190","0.4770","0.4010","4.60%"
"09/27/2021","0.3910","0.3920","0.4190","0.3820","2.09%"
"09/24/2021","0.3830","0.4210","0.4370","0.3710","-1.79%"
"09/23/2021","0.3900","0.2980","0.3910","0.2840","39.78%"
"09/22/2021","0.2790","0.2900","0.2920","0.2700","-1.06%"
"09/21/2021","0.2820","0.2780","0.2870","0.2560","10.59%"
"09/20/2021","0.2550","0.2940","0.2940","0.2550","-12.97%"
"09/17/2021","0.2930","0.2940","0.3100","0.2780","2.45%"
"09/16/2021","0.2860","0.2840","0.2880","0.2640","7.92%"
"09/15/2021","0.2650","0.2590","0.2680","0.2380","12.77%"
"09/14/2021","0.2350","0.2470","0.2650","0.2200","2.17%"
"09/13/2021","0.2300","0.2500","0.2500","0.2190","-3.77%"
"09/11/2021","0.2390","0.2390","0.2390","0.2390","-0.42%"
"09/10/2021","0.2400","0.2300","0.2450","0.2150","5.26%"
"09/09/2021","0.2280","0.2230","0.2520","0.2140","8.06%"
"09/08/2021","0.2110","0.2060","0.2190","0.1880","9.33%"
"09/07/2021","0.1930","0.1950","0.2150","0.1890","6.04%"
"09/06/2021","0.1820","0.1980","0.2060","0.1770","-8.54%"
"09/03/2021","0.1990","0.1900","0.2170","0.1810","1.53%"
"09/02/2021","0.1960","0.2020","0.2070","0.1860","-4.39%"
"09/01/2021","0.2050","0.2370","0.2370","0.1980","29.75%"
"08/31/2021","0.1580","0.1170","0.1670","0.0580","36.21%"
"08/30/2021","0.1160","0.1160","0.1160","0.1160","0.00%"
"08/29/2021","0.1160","0.1100","0.1160","0.1100","5.45%"
"08/28/2021","0.1100","0.1100","0.1100","0.1100","-11.29%"
"08/27/2021","0.1240","0.1380","0.1590","0.1220","-16.22%"
"08/26/2021","0.1480","0.1660","0.1730","0.1380","-3.27%"
"08/25/2021","0.1530","0.1380","0.1700","0.1300","19.53%"
"08/24/2021","0.1280","0.1420","0.1450","0.1140","10.34%"
"08/23/2021","0.1160","0.1080","0.1350","0.1080","27.47%"
"08/22/2021","0.0910","0.0910","0.0910","0.0910","-2.15%"
"08/21/2021","0.0930","0.0930","0.0930","0.0930","-6.06%"
"08/20/2021","0.0990","0.1100","0.1150","0.0670","-16.10%"
"08/19/2021","0.1180","0.1350","0.1350","0.1060","-18.62%"
"08/18/2021","0.1450","0.1530","0.1530","0.1310","-5.23%"
"08/17/2021","0.1530","0.1350","0.1660","0.1170","6.25%"
"08/16/2021","0.1440","0.1280","0.1640","0.1150","7.87%"
"08/15/2021","0.1335","0.1335","0.1335","0.1335","3.49%"
"08/14/2021","0.1290","0.1290","0.1290","0.1290","-5.15%"
"08/13/2021","0.1360","0.1550","0.1660","0.1190","-13.92%"
"08/12/2021","0.1580","0.1280","0.1690","0.1220","27.42%"
"08/11/2021","0.1240","0.1740","0.1760","0.1230","-19.48%"
"08/10/2021","0.1540","0.1370","0.1600","0.1240","12.41%"
"08/09/2021","0.1370","0.1430","0.1490","0.1160","-1.44%"
"08/07/2021","0.1390","0.1390","0.1390","0.1390","-2.80%"
"08/06/2021","0.1430","0.1090","0.1620","0.1070","57.14%"
"08/05/2021","0.0910","0.0810","0.1080","0.0650","30.00%"
"08/04/2021","0.0700","0.0620","0.0870","0.0480","22.81%"
"08/03/2021","0.0570","0.0530","0.0630","0.0350","78.12%"
"08/02/2021","0.0320","0.0710","0.0750","0.0280","-37.86%"
"07/31/2021","0.0515","0.0515","0.0515","0.0515","-15.57%"
"07/30/2021","0.0610","0.0700","0.0820","0.0500","-18.67%"
"07/29/2021","0.0750","0.0920","0.1140","0.0680","-15.73%"
"07/28/2021","0.0890","0.0830","0.1050","0.0650","17.11%"
"07/27/2021","0.0760","0.0840","0.0970","0.0640","-6.17%"
"07/26/2021","0.0810","0.0610","0.1030","0.0550","0.62%"
"07/25/2021","0.0805","0.0805","0.0805","0.0805","13.38%"
"07/24/2021","0.0710","0.0715","0.0715","0.0710","-11.25%"
"07/23/2021","0.0800","0.0910","0.1090","0.0780","17.65%"
"07/22/2021","0.0680","0.0960","0.1290","0.0680","-36.45%"
"07/21/2021","0.1070","0.0820","0.1160","0.0730","13.83%"
"07/20/2021","0.0940","0.0760","0.0950","0.0400","17.50%"
"07/19/2021","0.0800","0.1060","0.1230","0.0350","-27.27%"
"07/18/2021","0.1100","0.1100","0.1100","0.1100","0.92%"
"07/17/2021","0.1090","0.1090","0.1090","0.1090","-8.40%"
"07/16/2021","0.1190","0.1370","0.1480","0.1070","-20.67%"
"07/15/2021","0.1500","0.0800","0.1610","0.0740","74.42%"
"07/14/2021","0.0860","0.1170","0.1290","0.0820","-6.52%"
"07/13/2021","0.0920","0.0890","0.1060","0.0790","-3.16%"
"07/12/2021","0.0950","0.0970","0.0980","0.0710","13.10%"
"07/11/2021","0.0840","0.0840","0.0840","0.0840","-2.33%"
"07/10/2021","0.0860","0.0860","0.0860","0.0860","-4.44%"
"07/09/2021","0.0900","0.1220","0.1240","0.0730","-2.17%"
"07/08/2021","0.0920","0.0590","0.0970","0.0330","33.33%"
"07/07/2021","0.0690","0.0550","0.0770","0.0300","35.29%"
"07/06/2021","0.0510","0.0710","0.0750","0.0260","-12.07%"
"07/05/2021","0.0580","0.0620","0.0760","0.0560","10.48%"
"07/04/2021","0.0525","0.0525","0.0525","0.0525","14.13%"
"07/03/2021","0.0460","0.0460","0.0460","0.0460","-24.59%"
"07/02/2021","0.0610","0.0720","0.0810","0.0440","-14.08%"
"07/01/2021","0.0710","0.0680","0.0850","0.0500","20.34%"
"06/30/2021","0.0590","0.0600","0.0680","0.0470","-7.81%"
"06/29/2021","0.0640","0.0740","0.0860","0.0580","4.92%"
"06/28/2021","0.0610","0.0930","0.0950","0.0610","-21.29%"
"06/27/2021","0.0775","0.0775","0.0775","0.0775","-4.91%"
"06/26/2021","0.0815","0.0775","0.0815","0.0775","-6.32%"
"06/25/2021","0.0870","0.0750","0.0970","0.0410","20.83%"
"06/24/2021","0.0720","0.0880","0.1040","0.0660","-16.28%"
"06/23/2021","0.0860","0.1380","0.1390","0.0730","-22.52%"
"06/22/2021","0.1110","0.1460","0.1470","0.0990","-13.95%"
"06/21/2021","0.1290","0.1080","0.1600","0.1060","3.61%"
"06/20/2021","0.1245","0.1245","0.1245","0.1245","0.81%"
"06/19/2021","0.1235","0.1235","0.1235","0.1235","-2.76%"
"06/18/2021","0.1270","0.1010","0.1490","0.0930","8.55%"
"06/17/2021","0.1170","0.1480","0.1510","0.1080","44.44%"
"06/16/2021","0.0810","0.1060","0.1100","0.0610","-2.41%"
"06/15/2021","0.0830","0.0750","0.0890","0.0680","10.67%"
"06/14/2021","0.0750","0.0520","0.0770","0.0490","45.63%"
"06/13/2021","0.0515","0.0515","0.0515","0.0515","37.33%"
"06/12/2021","0.0375","0.0375","0.0375","0.0375","-37.50%"
"06/11/2021","0.0600","0.0360","0.0720","0.0360","-11.76%"
"06/10/2021","0.0680","0.0470","0.0990","0.0430","6.25%"
"06/09/2021","0.0640","0.0730","0.0790","0.0340","-14.67%"
"06/08/2021","0.0750","0.0940","0.1030","0.0420","-19.35%"
"06/07/2021","0.0930","0.0730","0.0980","0.0680","66.07%"
"06/06/2021","0.0560","0.0560","0.0560","0.0560","12.00%"
"06/05/2021","0.0500","0.0575","0.0575","0.0500","-25.37%"
"06/04/2021","0.0670","0.0900","0.1000","0.0640","-30.93%"
"06/03/2021","0.0970","0.0710","0.0980","0.0600","49.23%"
"06/02/2021","0.0650","0.0710","0.0860","0.0540","-20.73%"
"06/01/2021","0.0820","0.0750","0.0950","0.0120","51.85%"
"05/31/2021","0.0540","0.0540","0.0540","0.0540","0.00%"
"05/30/2021","0.0540","0.0540","0.0540","0.0540","-16.92%"
"05/29/2021","0.0650","0.0510","0.0650","0.0510","-1.52%"
"05/28/2021","0.0660","0.0680","0.0820","0.0500","17.86%"
"05/27/2021","0.0560","0.0300","0.0810","0.0220","124.00%"
"05/26/2021","0.0250","0.0180","0.0420","0.0110","-7.41%"
"05/25/2021","0.0270","0.0230","0.0460","0.0190","-25.00%"
"05/24/2021","0.0360","0.0410","0.0530","0.0260","-10.00%"
"05/23/2021","0.0400","0.0400","0.0400","0.0400","19.40%"
"05/22/2021","0.0335","0.0335","0.0335","0.0335","-31.63%"
"05/21/2021","0.0490","0.0570","0.0750","0.0400","-14.04%"
"05/20/2021","0.0570","0.1000","0.1030","0.0540","-25.97%"
"05/19/2021","0.0770","0.1100","0.1110","0.0600","-13.48%"
"05/18/2021","0.0890","0.0970","0.1100","0.0570","5.95%"
"05/17/2021","0.0840","0.0730","0.1000","0.0640","-4.55%"
"05/16/2021","0.0880","0.0880","0.0880","0.0880","12.10%"
"05/15/2021","0.0785","0.0805","0.0805","0.0775","-5.42%"
"05/14/2021","0.0830","0.1050","0.1060","0.0710","-20.19%"
"05/13/2021","0.1040","0.1070","0.1260","0.0940","-4.59%"
"05/12/2021","0.1090","0.0570","0.1200","0.0550","57.97%"
"05/11/2021","0.0690","0.0620","0.0740","0.0510","72.50%"
"05/10/2021","0.0400","0.0610","0.0680","0.0350","700.00%"
"05/09/2021","0.0050","0.0050","0.0050","0.0050","-65.52%"
"05/08/2021","0.0145","0.0145","0.0145","0.0145","-62.82%"
"05/07/2021","0.0390","0.0310","0.0490","-0.0020","-4.88%"
"05/06/2021","0.0410","0.0530","0.0720","0.0260","-26.79%"
"05/05/2021","0.0560","0.0680","0.0760","0.0450","16.67%"
"05/04/2021","0.0480","0.0790","0.0960","0.0410","-34.69%"
"05/03/2021","0.0735","0.0735","0.0735","0.0735","0.00%"
"05/02/2021","0.0735","0.0735","0.0735","0.0735","1.38%"
"05/01/2021","0.0725","0.0720","0.0725","0.0720","-13.69%"
"04/30/2021","0.0840","0.0710","0.0920","0.0680","0.00%"
"04/29/2021","0.0840","0.0730","0.1000","0.0650","31.25%"
"04/28/2021","0.0640","0.0930","0.1120","0.0600","-7.25%"
"04/27/2021","0.0690","0.0640","0.0710","0.0510","25.45%"
"04/26/2021","0.0550","0.0610","0.0640","0.0420","54.93%"
"04/25/2021","0.0355","0.0355","0.0355","0.0355","12.70%"
"04/24/2021","0.0315","0.0315","0.0315","0.0315","-30.00%"
"04/23/2021","0.0450","0.0200","0.0550","0.0190","-4.26%"
"04/22/2021","0.0470","0.0290","0.0560","0.0250","4.44%"
"04/21/2021","0.0450","0.0380","0.0570","0.0260","28.57%"
"04/20/2021","0.0350","0.0590","0.0630","0.0290","-10.26%"
"04/19/2021","0.0390","0.0380","0.0530","0.0280","5.41%"
"04/18/2021","0.0370","0.0370","0.0370","0.0370","-10.84%"
"04/17/2021","0.0415","0.0345","0.0415","0.0345","-11.70%"
"04/16/2021","0.0470","0.0580","0.0600","0.0390","27.03%"
"04/15/2021","0.0370","0.0690","0.0700","0.0260","-42.19%"
"04/14/2021","0.0640","0.0390","0.0700","0.0320","30.61%"
"04/13/2021","0.0490","0.0750","0.0750","0.0450","-12.50%"
"04/12/2021","0.0560","0.0530","0.0750","0.0320","7.69%"
"04/11/2021","0.0520","0.0520","0.0520","0.0520","5.05%"
"04/10/2021","0.0495","0.0405","0.0495","0.0400","-4.81%"
"04/09/2021","0.0520","0.0670","0.0690","0.0450","8.33%"
"04/08/2021","0.0480","0.0750","0.0790","0.0380","-26.15%"
"04/07/2021","0.0650","0.0520","0.0820","0.0510","-18.75%"
"04/06/2021","0.0800","0.1090","0.1090","0.0690","14.29%"
"04/05/2021","0.0700","0.0700","0.0700","0.0700","0.00%"
"04/04/2021","0.0700","0.0700","0.0700","0.0700","-12.50%"
"04/03/2021","0.0800","0.0800","0.0800","0.0800","3.90%"
"04/01/2021","0.0770","0.1220","0.1220","0.0720","-26.67%"
"03/31/2021","0.1050","0.0880","0.1090","0.0570","38.16%"
"03/30/2021","0.0760","0.1110","0.1120","0.0520","13.43%"
"03/29/2021","0.0670","0.0490","0.0780","0.0410","42.55%"
"03/28/2021","0.0470","0.0470","0.0470","0.0470","-25.40%"
"03/27/2021","0.0630","0.0540","0.0630","0.0535","0.00%"
"03/26/2021","0.0630","0.0720","0.0790","0.0450","31.25%"
"03/25/2021","0.0480","0.0490","0.0740","0.0370","-22.58%"
"03/24/2021","0.0620","0.0020","0.0710","-0.0010","37.78%"
"03/23/2021","0.0450","0.0560","0.0760","0.0380","-38.36%"
"03/22/2021","0.0730","0.0660","0.1520","0.0640","-16.09%"
"03/21/2021","0.0870","0.0845","0.0870","0.0845","-6.45%"
"03/20/2021","0.0930","0.0930","0.0930","0.0930","-3.12%"
"03/19/2021","0.0960","0.0750","0.1160","0.0690","-13.51%"
"03/18/2021","0.1110","0.1520","0.1540","0.0930","-0.89%"
"03/17/2021","0.1120","0.1130","0.1270","0.1010","19.15%"
"03/16/2021","0.0940","0.0990","0.1100","0.0830","-4.08%"
"03/15/2021","0.0980","0.0880","0.1310","0.0780","1.55%"
"03/14/2021","0.0965","0.0955","0.0965","0.0955","1.05%"
"03/13/2021","0.0955","0.0955","0.0955","0.0955","-5.45%"
"03/12/2021","0.1010","0.1280","0.1340","0.0760","31.17%"
"03/11/2021","0.0770","0.0650","0.0900","0.0500","13.24%"
"03/10/2021","0.0680","0.0810","0.0920","0.0600","-20.00%"
"03/09/2021","0.0850","0.0710","0.1010","0.0660","-13.27%"
"03/08/2021","0.0980","0.1270","0.1270","0.0840","-4.39%"
"03/07/2021","0.1025","0.0805","0.1025","0.0805","27.33%"
"03/06/2021","0.0805","0.0905","0.0905","0.0805","-17.86%"
"03/05/2021","0.0980","0.1250","0.1270","0.0880","25.64%"
"03/04/2021","0.0780","0.0650","0.0890","0.0500","-7.14%"
"03/03/2021","0.0840","0.0520","0.1180","0.0520","55.56%"
"03/02/2021","0.0540","0.0910","0.1050","0.0430","-43.75%"
"03/01/2021","0.0960","0.0930","0.1210","0.0790","-13.51%"
"02/28/2021","0.1110","0.1110","0.1110","0.1110","2.30%"
"02/27/2021","0.1085","0.1085","0.1085","0.1085","-15.89%"
"02/26/2021","0.1290","0.1070","0.1490","0.0720","14.16%"
"02/25/2021","0.1130","0.0670","0.1310","0.0380","289.66%"
"02/24/2021","0.0290","0.0480","0.0660","0.0150","-25.64%"
"02/23/2021","0.0390","0.0760","0.0820","0.0200","-9.30%"
"02/22/2021","0.0430","0.1010","0.1070","-0.0070","-27.12%"
"02/21/2021","0.0590","0.0590","0.0590","0.0590","-11.28%"
"02/20/2021","0.0665","0.0535","0.0665","0.0530","-1,430.00%"
"02/19/2021","-0.0050","0.0080","0.0080","-0.0340","-87.50%"
"02/18/2021","-0.0400","-0.0540","-0.0110","-0.0540","-24.53%"
"02/17/2021","-0.0530","-0.0250","-0.0130","-0.0580","76.67%"
"02/16/2021","-0.0300","-0.0460","-0.0090","-0.0490","-11.76%"
"02/15/2021","-0.0340","0.0240","0.0300","-0.0460","6.25%"
"02/14/2021","-0.0320","-0.0450","-0.0320","-0.0450","-7.25%"
"02/13/2021","-0.0345","-0.0345","-0.0345","-0.0345","-4.17%"
"02/12/2021","-0.0360","-0.0240","-0.0010","-0.0470","-7.69%"
"02/11/2021","-0.0390","-0.0410","-0.0360","-0.0540","34.48%"
"02/10/2021","-0.0290","-0.0220","-0.0160","-0.0460","-17.14%"
"02/09/2021","-0.0350","-0.0220","-0.0190","-0.0470","2.94%"
"02/08/2021","-0.0340","0.0430","0.0500","-0.0390","-457.89%"
"02/07/2021","0.0095","0.0095","0.0095","0.0095","-2,000.00%"
"02/06/2021","-0.0005","0.0155","0.0155","-0.0005","-92.86%"
"02/05/2021","-0.0070","-0.0140","0.0100","-0.0320","-70.83%"
"02/04/2021","-0.0240","-0.0720","-0.0010","-0.0950","-72.09%"
"02/03/2021","-0.0860","-0.0630","-0.0600","-0.0970","-4.44%"
"02/02/2021","-0.0900","-0.0900","-0.0670","-0.0970","-15.89%"
"02/01/2021","-0.1070","-0.1030","-0.0770","-0.1090","-8.94%"
"01/31/2021","-0.1175","-0.1175","-0.1175","-0.1175","-1.26%"
"01/30/2021","-0.1190","-0.1190","-0.1190","-0.1190","17.82%"
"01/29/2021","-0.1010","-0.0880","-0.0830","-0.1200","-5.61%"
"01/28/2021","-0.1070","-0.1300","-0.0990","-0.1490","-19.55%"
"01/27/2021","-0.1330","-0.1240","-0.1170","-0.1520","-2.21%"
"01/26/2021","-0.1360","-0.1360","-0.1200","-0.1470","1.49%"
"01/25/2021","-0.1340","-0.1120","-0.1090","-0.1420","10.74%"
"01/24/2021","-0.1210","-0.1290","-0.1210","-0.1290","3.42%"
"01/22/2021","-0.1170","-0.1080","-0.0990","-0.1270","10.38%"
"01/21/2021","-0.1060","-0.1090","-0.0850","-0.1200","-7.02%"
"01/20/2021","-0.1140","-0.1180","-0.1090","-0.1310","-8.06%"
"01/19/2021","-0.1240","-0.1170","-0.1140","-0.1400","-8.82%"
"01/18/2021","-0.1360","-0.1440","-0.1220","-0.1440","-5.56%"
"01/17/2021","-0.1440","-0.1440","-0.1440","-0.1440","-2.70%"
"01/16/2021","-0.1480","-0.1480","-0.1480","-0.1480","8.82%"
"01/15/2021","-0.1360","-0.1190","-0.1020","-0.1410","25.93%"
"01/14/2021","-0.1080","-0.0990","-0.0910","-0.1290","6.93%"
"01/13/2021","-0.1010","-0.1030","-0.0700","-0.1080","48.53%"
"01/12/2021","-0.0680","-0.0940","-0.0590","-0.1090","-39.29%"
"01/11/2021","-0.1120","-0.0620","-0.0510","-0.1140","115.38%"
"01/10/2021","-0.0520","-0.0520","-0.0520","-0.0520","-64.86%"
"01/09/2021","-0.1480","-0.0520","-0.0520","-0.1480","64.44%"
"01/08/2021","-0.0900","-0.1200","-0.0650","-0.1250","-30.77%"
"01/07/2021","-0.1300","-0.1190","-0.1020","-0.1400","-0.76%"
"01/06/2021","-0.1310","-0.0950","-0.0820","-0.1380","-1.50%"
"01/05/2021","-0.1330","-0.1390","-0.1230","-0.1580","-13.07%"
"01/04/2021","-0.1530","-0.1530","-0.1050","-0.1830","-15.70%"
"01/03/2021","-0.1815","-0.1815","-0.1815","-0.1815","3.42%"
"01/02/2021","-0.1755","-0.1755","-0.1755","-0.1755","13.23%"
"12/31/2020","-0.1550","-0.1660","-0.1500","-0.1730","0.00%"
"12/30/2020","-0.1550","-0.1480","-0.0880","-0.1690","3.33%"
"12/29/2020","-0.1500","-0.1090","-0.0940","-0.1700","53.85%"
"12/28/2020","-0.0975","-0.0975","-0.0975","-0.0975","0.00%"
"12/27/2020","-0.0975","-0.0975","-0.0975","-0.0975","3.17%"
"12/26/2020","-0.0945","-0.0945","-0.0945","-0.0945","-9.13%"
"12/24/2020","-0.1040","-0.0400","-0.0330","-0.1130","22.35%"
"12/23/2020","-0.0850","-0.0980","-0.0470","-0.1350","-30.33%"
"12/22/2020","-0.1220","-0.1060","-0.0670","-0.1310","19.61%"
"12/21/2020","-0.1020","-0.1440","-0.0930","-0.1610","3.55%"
"12/20/2020","-0.0985","-0.0985","-0.0985","-0.0985","-1.01%"
"12/19/2020","-0.0995","-0.0995","-0.0995","-0.0995","29.22%"
"12/18/2020","-0.0770","-0.0730","-0.0510","-0.1030","83.33%"
"12/17/2020","-0.0420","-0.0550","0.0110","-0.0870","-35.38%"
"12/16/2020","-0.0650","-0.0320","0.0110","-0.0670","27.45%"
"12/15/2020","-0.0510","-0.0910","-0.0240","-0.0970","-37.04%"
"12/14/2020","-0.0810","-0.0830","-0.0560","-0.1000","-37.69%"
"12/13/2020","-0.1300","-0.1300","-0.1300","-0.1300","4.42%"
"12/12/2020","-0.1245","-0.1235","-0.1235","-0.1245","10.18%"
"12/11/2020","-0.1130","-0.1140","-0.1060","-0.1430","7.62%"
"12/10/2020","-0.1050","-0.1040","-0.0620","-0.1180","45.83%"
"12/09/2020","-0.0720","-0.0720","-0.0470","-0.0770","-4.00%"
"12/08/2020","-0.0750","-0.0730","-0.0210","-0.0830","4.17%"
"12/07/2020","-0.0720","-0.0650","-0.0520","-0.0830","65.52%"
"12/06/2020","-0.0435","-0.0435","-0.0435","-0.0435","-5.43%"
"12/05/2020","-0.0460","-0.0460","-0.0460","-0.0460","53.33%"
"12/04/2020","-0.0300","-0.0480","-0.0130","-0.0500","-16.67%"
"12/03/2020","-0.0360","-0.0280","-0.0160","-0.0420","157.14%"
"12/02/2020","-0.0140","0.0030","0.0040","-0.0300","366.67%"
"12/01/2020","-0.0030","-0.0030","-0.0030","-0.0030","-83.33%"
"11/30/2020","-0.0180","-0.0430","-0.0090","-0.0520","-57.14%"
"11/29/2020","-0.0420","-0.0535","-0.0420","-0.0535","-20.75%"
"11/28/2020","-0.0530","-0.0530","-0.0530","-0.0530","26.19%"
"11/27/2020","-0.0420","-0.0250","-0.0100","-0.0420","10.53%"
"11/26/2020","-0.0380","-0.0180","-0.0180","-0.0440","100.00%"
"11/25/2020","-0.0190","-0.0150","0.0030","-0.0340","90.00%"
"11/24/2020","-0.0100","-0.0170","-0.0070","-0.0370","-58.33%"
"11/23/2020","-0.0240","-0.0390","0.0090","-0.0410","-50.00%"
"11/22/2020","-0.0480","-0.0480","-0.0480","-0.0480","-4.00%"
"11/21/2020","-0.0500","-0.0510","-0.0500","-0.0510","38.89%"
"11/20/2020","-0.0360","-0.0350","-0.0030","-0.0410","100.00%"
"11/19/2020","-0.0180","-0.0300","-0.0030","-0.0410","-5.26%"
"11/18/2020","-0.0190","-0.0430","-0.0050","-0.0490","-26.92%"
"11/17/2020","-0.0260","-0.0240","-0.0130","-0.0350","18.18%"
"11/16/2020","-0.0220","-0.0410","0.0170","-0.0450","-42.86%"
"11/15/2020","-0.0385","-0.0330","-0.0330","-0.0385","0.00%"
"11/14/2020","-0.0385","-0.0385","-0.0385","-0.0385","42.59%"
"11/13/2020","-0.0270","-0.0540","-0.0120","-0.0540","-12.90%"
"11/12/2020","-0.0310","-0.0140","0.0070","-0.0380","-381.82%"
"11/11/2020","0.0110","0.0290","0.0340","-0.0160","-8.33%"
"11/10/2020","0.0120","0.0030","0.0310","-0.0100","50.00%"
"11/09/2020","0.0080","0.0290","0.0480","-0.0580","-70.37%"
"11/08/2020","0.0270","0.0270","0.0270","0.0270","5,300.00%"
"11/07/2020","0.0005","0.0350","0.0350","-0.0380","-92.86%"
"11/06/2020","0.0070","0.0190","0.0210","-0.0670","-216.67%"
"11/05/2020","-0.0060","-0.0970","0.0010","-0.1010","-90.91%"
"11/04/2020","-0.0660","-0.0780","-0.0170","-0.0940","112.90%"
"11/03/2020","-0.0310","-0.0560","-0.0180","-0.0600","-53.03%"
"11/02/2020","-0.0660","-0.0320","-0.0220","-0.0680","73.68%"
"11/01/2020","-0.0380","-0.0380","-0.0380","-0.0380","28.81%"
"10/31/2020","-0.0295","-0.0375","-0.0295","-0.0375","22.92%"
"10/30/2020","-0.0240","-0.0470","-0.0130","-0.0610","-48.94%"
"10/29/2020","-0.0470","-0.0560","-0.0330","-0.0710","-12.96%"
"10/28/2020","-0.0540","-0.0520","-0.0150","-0.0620","25.58%"
"10/27/2020","-0.0430","-0.0190","-0.0150","-0.0470","59.26%"
"10/26/2020","-0.0270","-0.0500","-0.0140","-0.0550","-26.03%"
"10/25/2020","-0.0365","-0.0365","-0.0365","-0.0365","-26.26%"
"10/24/2020","-0.0495","-0.0495","-0.0495","-0.0495","90.38%"
"10/23/2020","-0.0260","-0.0270","-0.0050","-0.0370","18.18%"
"10/22/2020","-0.0220","-0.0390","-0.0110","-0.0430","-47.62%"
"10/21/2020","-0.0420","-0.0320","0.0180","-0.0640","-27.59%"
"10/20/2020","-0.0580","-0.0640","-0.0440","-0.0680","-9.38%"
"10/19/2020","-0.0640","-0.0420","-0.0290","-0.0680","-2.29%"
"10/18/2020","-0.0655","-0.0595","-0.0590","-0.0655","10.08%"
"10/17/2020","-0.0595","-0.0595","-0.0595","-0.0595","19.00%"
"10/16/2020","-0.0500","-0.0510","-0.0450","-0.0810","4.17%"
"10/15/2020","-0.0480","-0.0610","-0.0190","-0.0700","14.29%"
"10/14/2020","-0.0420","-0.0490","-0.0140","-0.0590","10.53%"
"10/13/2020","-0.0380","-0.0220","-0.0140","-0.0480","123.53%"
"10/12/2020","-0.0170","-0.0200","-0.0090","-0.0300","-40.35%"
"10/11/2020","-0.0285","-0.0195","-0.0195","-0.0285","21.28%"
"10/10/2020","-0.0235","-0.0235","-0.0235","-0.0235","235.71%"
"10/09/2020","-0.0070","-0.0250","-0.0080","-0.0080","-46.15%"
"10/08/2020","-0.0130","-0.0090","0.0010","-0.0190","116.67%"
"10/07/2020","-0.0060","-0.0420","0.0250","-0.0460","-64.71%"
"10/06/2020","-0.0170","-0.0180","0.0210","-0.0360","6.25%"
"10/05/2020","-0.0160","-0.0420","0.0190","-0.0460","-58.97%"
"10/04/2020","-0.0390","-0.0390","-0.0390","-0.0390","2.63%"
"10/03/2020","-0.0380","-0.0360","-0.0360","-0.0380","31.03%"
"10/02/2020","-0.0290","-0.0600","-0.0190","-0.0650","-25.64%"
"10/01/2020","-0.0390","-0.0110","-0.0420","-0.0420","178.57%"
"09/30/2020","-0.0140","-0.0530","-0.0060","-0.0560","-72.00%"
"09/29/2020","-0.0500","-0.0560","-0.0290","-0.0620","-3.85%"
"09/28/2020","-0.0520","-0.0610","-0.0400","-0.0780","-36.59%"
"09/27/2020","-0.0820","-0.0820","-0.0820","-0.0820","12.33%"
"09/26/2020","-0.0730","-0.0710","-0.0710","-0.0730","15.87%"
"09/25/2020","-0.0630","-0.0580","-0.0410","-0.0740","53.66%"
"09/24/2020","-0.0410","-0.0630","-0.0340","-0.0650","-6.82%"
"09/23/2020","-0.0440","-0.0550","-0.0330","-0.0790","-4.35%"
"09/22/2020","-0.0460","-0.1090","-0.0370","-0.1180","-59.29%"
"09/21/2020","-0.1130","-0.1050","-0.1000","-0.1370","-8.13%"
"09/20/2020","-0.1230","-0.1230","-0.1230","-0.1230","4.68%"
"09/19/2020","-0.1175","-0.1250","-0.1175","-0.1250","8.80%"
"09/18/2020","-0.1080","-0.1010","-0.0950","-0.1290","4.85%"
"09/17/2020","-0.1030","-0.0610","-0.0300","-0.1320","90.74%"
"09/16/2020","-0.0540","-0.0620","-0.0430","-0.0780","-11.48%"
"09/15/2020","-0.0610","-0.0990","-0.0310","-0.1020","-33.70%"
"09/14/2020","-0.0920","-0.1520","-0.0830","-0.1590","-35.89%"
"09/13/2020","-0.1435","-0.1295","-0.1295","-0.1435","0.00%"
"09/12/2020","-0.1435","-0.1435","-0.1435","-0.1435","15.73%"
"09/11/2020","-0.1240","-0.1470","-0.0970","-0.1490","20.39%"
"09/10/2020","-0.1030","-0.0840","-0.0630","-0.1070","33.77%"
"09/09/2020","-0.0770","-0.1500","-0.0680","-0.1530","-39.37%"
"09/08/2020","-0.1270","-0.0910","-0.0710","-0.1510","49.41%"
"09/07/2020","-0.0850","-0.0520","-0.0430","-0.0880","-3.41%"
"09/06/2020","-0.0880","-0.0880","-0.0880","-0.0880","29.41%"
"09/05/2020","-0.0680","-0.0680","-0.0680","-0.0680","3.03%"
"09/04/2020","-0.0660","-0.0920","-0.0550","-0.0920","-27.47%"
"09/03/2020","-0.0910","-0.1050","-0.0860","-0.1220","-18.02%"
"09/02/2020","-0.1110","-0.1120","-0.0790","-0.1160","19.35%"
"09/01/2020","-0.0930","-0.0690","-0.0200","-0.0960","44.19%"
"08/31/2020","-0.0645","-0.0605","-0.0605","-0.0645","6.61%"
"08/30/2020","-0.0605","-0.0605","-0.0605","-0.0605","0.00%"
"08/29/2020","-0.0605","-0.0490","-0.0490","-0.0605","21.00%"
"08/28/2020","-0.0500","0.0110","0.0220","-0.0580","614.29%"
"08/27/2020","-0.0070","-0.0140","0.0130","-0.0460","75.00%"
"08/26/2020","-0.0040","0.0160","0.0160","-0.0180","-73.33%"
"08/25/2020","-0.0150","-0.0320","0.0060","-0.0360","-60.53%"
"08/24/2020","-0.0380","-0.0320","-0.0170","-0.0620","-27.62%"
"08/22/2020","-0.0525","-0.0525","-0.0525","-0.0525","28.05%"
"08/21/2020","-0.0410","-0.0300","-0.0060","-0.0620","46.43%"
"08/20/2020","-0.0280","-0.0250","-0.0140","-0.0510","100.00%"
"08/19/2020","-0.0140","-0.0420","0.0100","-0.0600","-60.00%"
"08/18/2020","-0.0350","-0.0490","-0.0080","-0.0530","0.00%"
"08/17/2020","-0.0350","-0.0180","-0.0080","-0.0460","79.49%"
"08/16/2020","-0.0195","-0.0200","-0.0195","-0.0200","-11.36%"
"08/15/2020","-0.0220","-0.0235","-0.0220","-0.0235","37.50%"
"08/14/2020","-0.0160","0.0150","0.0170","-0.0170","-500.00%"
"08/13/2020","0.0040","0.0070","0.0350","-0.0080","-71.43%"
"08/12/2020","0.0140","0.0300","0.0360","0.0020","0.00%"
"08/11/2020","0.0140","-0.0220","0.0220","-0.0220","-160.87%"
"08/10/2020","-0.0230","-0.0010","0.0040","-0.0460","-9.80%"
"08/09/2020","-0.0255","-0.0255","-0.0255","-0.0255","121.74%"
"08/08/2020","-0.0115","-0.0095","-0.0095","-0.0115","4.55%"
"08/07/2020","-0.0110","-0.0300","0.0050","-0.0400","-63.33%"
"08/06/2020","-0.0300","-0.0350","-0.0220","-0.0600","-37.50%"
"08/05/2020","-0.0480","-0.0730","-0.0370","-0.0730","-35.14%"
"08/04/2020","-0.0740","-0.0710","-0.0580","-0.0920","4.23%"
"08/03/2020","-0.0710","-0.0670","-0.0520","-0.0810","-22.40%"
"08/02/2020","-0.0915","-0.0915","-0.0915","-0.0915","22.82%"
"08/01/2020","-0.0745","-0.0745","-0.0745","-0.0745","3.47%"
"07/31/2020","-0.0720","-0.1040","-0.0630","-0.1050","-17.24%"
"07/30/2020","-0.0870","-0.0920","-0.0800","-0.1090","27.94%"
"07/29/2020","-0.0680","-0.0970","-0.0590","-0.1030","-23.60%"
"07/28/2020","-0.0890","-0.0860","-0.0800","-0.1060","-11.88%"
"07/27/2020","-0.1010","-0.0860","-0.0790","-0.1110","17.44%"
"07/26/2020","-0.0860","-0.0930","-0.0860","-0.0930","-3.37%"
"07/25/2020","-0.0890","-0.0930","-0.0880","-0.0930","12.66%"
"07/24/2020","-0.0790","-0.1100","-0.0680","-0.1150","-15.05%"
"07/23/2020","-0.0930","-0.1020","-0.0890","-0.1230","-8.82%"
"07/22/2020","-0.1020","-0.1020","-0.0960","-0.1210","-4.67%"
"07/21/2020","-0.1070","-0.0900","-0.0830","-0.1110","18.89%"
"07/20/2020","-0.0900","-0.0700","-0.0660","-0.1050","-5.26%"
"07/19/2020","-0.0950","-0.0950","-0.0950","-0.0950","9.20%"
"07/18/2020","-0.0870","-0.0880","-0.0870","-0.0880","10.13%"
"07/17/2020","-0.0790","-0.1000","-0.0760","-0.1090","-19.39%"
"07/16/2020","-0.0980","-0.0940","-0.0850","-0.1190","13.95%"
"07/15/2020","-0.0860","-0.0920","-0.0540","-0.1010","-17.31%"
"07/14/2020","-0.1040","-0.1150","-0.0940","-0.1300","2.97%"
"07/13/2020","-0.1010","-0.0890","-0.0750","-0.1120","-15.48%"
"07/12/2020","-0.1195","-0.1195","-0.1195","-0.1195","14.35%"
"07/11/2020","-0.1045","-0.1075","-0.1045","-0.1075","2.45%"
"07/10/2020","-0.1020","-0.1090","-0.1000","-0.1270","14.61%"
"07/09/2020","-0.0890","-0.0720","-0.0660","-0.1040","23.61%"
"07/08/2020","-0.0720","-0.0950","-0.0630","-0.1000","1.41%"
"07/07/2020","-0.0710","-0.0840","-0.0560","-0.0890","9.23%"
"07/06/2020","-0.0650","-0.0690","-0.0410","-0.0730","-28.18%"
"07/05/2020","-0.0905","-0.0940","-0.0905","-0.0940","9.04%"
"07/03/2020","-0.0830","-0.0870","-0.0690","-0.1020","-9.78%"
"07/02/2020","-0.0920","-0.0720","-0.0580","-0.0940","33.33%"
"07/01/2020","-0.0690","-0.0580","-0.0520","-0.0840","-15.85%"
"06/30/2020","-0.0820","-0.0930","-0.0760","-0.1110","5.13%"
"06/29/2020","-0.0780","-0.0520","-0.0500","-0.0920","1.96%"
"06/28/2020","-0.0765","-0.0765","-0.0765","-0.0765","0.66%"
"06/27/2020","-0.0760","-0.0720","-0.0715","-0.0760","16.92%"
"06/26/2020","-0.0650","-0.0760","-0.0490","-0.0780","-8.45%"
"06/25/2020","-0.0710","-0.0890","-0.0600","-0.0940","-6.58%"
"06/24/2020","-0.0760","-0.0510","-0.0310","-0.0810","49.02%"
"06/23/2020","-0.0510","-0.0490","-0.0430","-0.0650","-20.31%"
"06/22/2020","-0.0640","-0.0400","-0.0340","-0.0740","19.63%"
"06/21/2020","-0.0535","-0.0535","-0.0535","-0.0535","18.89%"
"06/19/2020","-0.0450","-0.0300","-0.0020","-0.0450","32.35%"
"06/18/2020","-0.0340","-0.0560","0.0040","-0.0750","-39.29%"
"06/17/2020","-0.0560","-0.0410","-0.0190","-0.0670","36.59%"
"06/16/2020","-0.0410","-0.0120","-0.0030","-0.0630","32.26%"
"06/15/2020","-0.0310","-0.0770","-0.0220","-0.0830","-47.90%"
"06/14/2020","-0.0595","-0.0595","-0.0595","-0.0595","45.12%"
"06/12/2020","-0.0410","-0.0660","-0.0240","-0.0680","-29.31%"
"06/11/2020","-0.0580","-0.1020","-0.0360","-0.1110","23.40%"
"06/10/2020","-0.0470","0.0070","0.0100","-0.0540","-622.22%"
"06/09/2020","0.0090","0.0020","0.0190","-0.0220","50.00%"
"06/08/2020","0.0060","0.0010","0.0180","-0.0110","50.00%"
"06/07/2020","0.0040","0.0040","0.0040","0.0040","700.00%"
"06/06/2020","0.0005","0.0005","0.0005","0.0005","-95.83%"
"06/05/2020","0.0120","0.0380","0.0470","-0.0080","20.00%"
"06/04/2020","0.0100","0.0030","0.0320","-0.0200","66.67%"
"06/03/2020","0.0060","0.0010","0.0170","-0.0250","-126.09%"
"06/02/2020","-0.0230","-0.0220","-0.0040","-0.0460","2,200.00%"
"06/01/2020","-0.0010","-0.0270","0.0070","-0.0440","-98.13%"
"05/30/2020","-0.0535","-0.0530","-0.0530","-0.0540","24.42%"
"05/29/2020","-0.0430","-0.0430","-0.0230","-0.0550","138.89%"
"05/28/2020","-0.0180","-0.0200","0.0020","-0.0380","-37.93%"
"05/27/2020","-0.0290","-0.0320","0.0110","-0.0420","70.59%"
"05/26/2020","-0.0170","-0.0270","-0.0090","-0.0490","-67.92%"
"05/25/2020","-0.0530","-0.0595","-0.0530","-0.0595","-15.87%"
"05/24/2020","-0.0630","-0.0630","-0.0630","-0.0630","34.04%"
"05/22/2020","-0.0470","-0.0710","-0.0190","-0.0800","-12.96%"
"05/21/2020","-0.0540","-0.0410","-0.0280","-0.0620","184.21%"
"05/20/2020","-0.0190","-0.0240","-0.0050","-0.0360","-13.64%"
"05/19/2020","-0.0220","0.0050","0.0330","-0.0290","-833.33%"
"05/18/2020","0.0030","0.0110","0.0120","-0.0360","-135.29%"
"05/17/2020","-0.0085","-0.0085","-0.0085","-0.0085","-270.00%"
"05/16/2020","0.0050","0.0575","0.0575","-0.0020","-28.57%"
"05/15/2020","0.0070","-0.0340","0.0120","-0.0480","-128.00%"
"05/14/2020","-0.0250","-0.0480","-0.0060","-0.0510","-30.56%"
"05/13/2020","-0.0360","-0.0320","-0.0130","-0.0450","176.92%"
"05/12/2020","-0.0130","0.0290","0.0300","-0.0250","-192.86%"
"05/11/2020","0.0140","0.0060","0.0310","-0.0130","-196.55%"
"05/08/2020","-0.0145","-0.0145","-0.0145","-0.0145","141.67%"
"05/07/2020","-0.0060","0.0250","0.0360","-0.0110","-146.15%"
"05/06/2020","0.0130","0.0220","0.0390","0.0040","30.00%"
"05/05/2020","0.0100","0.0470","0.0470","0.0020","-70.59%"
"05/04/2020","0.0340","0.0350","0.0490","0.0170","-20.93%"
"05/03/2020","0.0430","0.0430","0.0430","0.0430","53.57%"
"05/02/2020","0.0280","0.0280","0.0280","0.0280","-17.65%"
"05/01/2020","0.0340","0.0200","0.0610","0.0120","209.09%"
"04/30/2020","0.0110","0.0490","0.0620","0.0110","-78.00%"
"04/29/2020","0.0500","0.0480","0.0640","0.0370","-1.96%"
"04/28/2020","0.0510","0.0640","0.0810","0.0470","-28.17%"
"04/27/2020","0.0710","0.0620","0.0860","0.0560","29.09%"
"04/26/2020","0.0550","0.0565","0.0565","0.0550","-20.29%"
"04/24/2020","0.0690","0.0370","0.0780","0.0250","9.52%"
"04/23/2020","0.0630","0.1030","0.1110","0.0480","-28.41%"
"04/22/2020","0.0880","0.0710","0.0910","0.0620","35.38%"
"04/21/2020","0.0650","0.1020","0.1020","0.0480","-37.50%"
"04/20/2020","0.1040","0.0960","0.1140","0.0760","36.84%"
"04/19/2020","0.0760","0.0760","0.0760","0.0760","-14.61%"
"04/17/2020","0.0890","0.0690","0.0940","0.0580","36.92%"
"04/16/2020","0.0650","0.0510","0.0740","0.0380","62.50%"
"04/15/2020","0.0400","0.0510","0.0600","0.0320","-45.95%"
"04/14/2020","0.0740","0.0510","0.0770","0.0180","85.00%"
"04/13/2020","0.0400","0.0330","0.0400","0.0330","-13.04%"
"04/12/2020","0.0460","0.0460","0.0460","0.0460","64.29%"
"04/11/2020","0.0280","0.0280","0.0280","0.0280","-28.21%"
"04/09/2020","0.0390","0.0980","0.1090","0.0360","-64.86%"
"04/08/2020","0.1110","0.1240","0.1500","0.1050","-37.29%"
"04/07/2020","0.1770","0.1370","0.1780","0.0970","73.53%"
"04/06/2020","0.1020","0.1360","0.1400","0.0950","12.09%"
"04/03/2020","0.0910","0.1050","0.1090","0.0820","-19.47%"
"04/02/2020","0.1130","0.1170","0.1490","0.0890","-3.42%"
"04/01/2020","0.1170","0.0830","0.1290","0.0680","-12.69%"
"03/31/2020","0.1340","0.1830","0.2070","0.0960","0.75%"
"03/30/2020","0.1330","0.0920","0.1360","0.0540","9.02%"
"03/29/2020","0.1220","0.1220","0.1220","0.1220","-4.69%"
"03/27/2020","0.1280","0.0970","0.1420","0.0840","1.59%"
"03/26/2020","0.1260","0.0640","0.1590","0.0540","27.27%"
"03/25/2020","0.0990","0.1180","0.1490","0.0690","-19.51%"
"03/24/2020","0.1230","0.0600","0.1550","0.0530","151.02%"
"03/23/2020","0.0490","0.0650","0.1040","-0.0010","-42.69%"
"03/22/2020","0.0855","0.0855","0.0855","0.0855","-25.00%"
"03/20/2020","0.1140","-0.0250","0.1170","-0.0250","-14.93%"
"03/19/2020","0.1340","0.3020","0.5000","0.0930","-60.00%"
"03/18/2020","0.3350","0.3760","0.4160","0.2290","10.56%"
"03/17/2020","0.3030","0.3340","0.3610","0.2370","13.91%"
"03/16/2020","0.2660","0.3040","0.3040","0.2050","-3.80%"
"03/14/2020","0.2765","0.2765","0.2765","0.2765","-6.59%"
"03/13/2020","0.2960","0.2500","0.2980","0.2000","51.02%"
"03/12/2020","0.1960","0.1150","0.2170","0.1030","31.54%"
"03/11/2020","0.1490","0.1540","0.1750","0.0990","0.00%"
"03/10/2020","0.1490","0.1400","0.2260","0.1080","73.26%"
"03/09/2020","0.0860","0.0240","0.1050","-0.0350","-6.52%"
"03/06/2020","0.0920","0.1300","0.1480","0.0670","-39.87%"
"03/05/2020","0.1530","0.2150","0.2230","0.1470","-25.37%"
"03/04/2020","0.2050","0.2060","0.2330","0.1780","-8.89%"
"03/03/2020","0.2250","0.2810","0.3160","0.2080","-16.04%"
"03/02/2020","0.2680","0.3200","0.3200","0.2170","-14.10%"
"02/29/2020","0.3120","0.3120","0.3120","0.3120","-0.95%"
"02/28/2020","0.3150","0.2820","0.3350","0.2620","-4.83%"
"02/27/2020","0.3310","0.3540","0.3700","0.2940","-10.54%"
"02/26/2020","0.3700","0.3870","0.3980","0.3410","-5.13%"
"02/25/2020","0.3900","0.4280","0.4280","0.3750","-4.41%"
"02/24/2020","0.4080","0.4120","0.4430","0.3800","-21.54%"
"02/21/2020","0.5200","0.5080","0.5330","0.4900","0.58%"
"02/20/2020","0.5170","0.5170","0.5330","0.5060","-1.15%"
"02/19/2020","0.5230","0.5420","0.5460","0.5140","-1.51%"
"02/18/2020","0.5310","0.5350","0.5470","0.5230","-4.32%"
"02/17/2020","0.5550","0.5540","0.5600","0.5380","7.66%"
"02/16/2020","0.5155","0.5235","0.5235","0.5155","-3.46%"
"02/15/2020","0.5340","0.5340","0.5340","0.5340","-1.48%"
"02/14/2020","0.5420","0.5550","0.5590","0.5200","-2.69%"
"02/13/2020","0.5570","0.5220","0.5780","0.5100","1.83%"
"02/12/2020","0.5470","0.5310","0.5520","0.5190","7.68%"
"02/11/2020","0.5080","0.4960","0.5170","0.4930","4.31%"
"02/10/2020","0.4870","0.4980","0.5070","0.4820","2.63%"
"02/09/2020","0.4745","0.4860","0.4860","0.4745","-3.56%"
"02/07/2020","0.4920","0.4670","0.5080","0.4630","1.86%"
"02/06/2020","0.4830","0.5030","0.5250","0.4820","-4.73%"
"02/05/2020","0.5070","0.4910","0.5320","0.4850","0.60%"
"02/04/2020","0.5040","0.4950","0.5170","0.4890","6.55%"
"02/03/2020","0.4730","0.5160","0.5220","0.4670","-5.59%"
"02/02/2020","0.5010","0.5015","0.5015","0.5010","1.31%"
"02/01/2020","0.4945","0.4945","0.4945","0.4945","-3.23%"
"01/31/2020","0.5110","0.5120","0.5220","0.4820","1.59%"
"01/30/2020","0.5030","0.4130","0.5360","0.3990","16.44%"
"01/29/2020","0.4320","0.4400","0.4540","0.4280","-4.42%"
"01/28/2020","0.4520","0.3840","0.4570","0.3810","13.57%"
"01/27/2020","0.3980","0.4180","0.4190","0.3870","-3.98%"
"01/26/2020","0.4145","0.4145","0.4145","0.4145","-1.78%"
"01/24/2020","0.4220","0.4270","0.4440","0.4030","0.72%"
"01/23/2020","0.4190","0.4380","0.4460","0.4120","-5.63%"
"01/22/2020","0.4440","0.4370","0.4680","0.4170","2.54%"
"01/21/2020","0.4330","0.4310","0.4600","0.4110","0.46%"
"01/20/2020","0.4310","0.4290","0.4440","0.4170","-2.05%"
"01/19/2020","0.4400","0.4400","0.4400","0.4400","0.92%"
"01/17/2020","0.4360","0.4540","0.4620","0.4130","-4.18%"
"01/16/2020","0.4550","0.4560","0.4690","0.4410","-1.73%"
"01/15/2020","0.4630","0.4800","0.4810","0.4360","-6.28%"
"01/14/2020","0.4940","0.4830","0.4970","0.4550","1.86%"
"01/13/2020","0.4850","0.5150","0.5180","0.4700","-10.35%"
"01/12/2020","0.5410","0.5410","0.5410","0.5410","0.93%"
"01/10/2020","0.5360","0.5810","0.5870","0.5350","-9.31%"
"01/09/2020","0.5910","0.6260","0.6440","0.5630","-7.51%"
"01/08/2020","0.6390","0.6030","0.6400","0.5900","4.93%"
"01/07/2020","0.6090","0.6230","0.6400","0.5930","2.18%"
"01/06/2020","0.5960","0.5200","0.6020","0.5200","10.78%"
"01/05/2020","0.5380","0.5380","0.5380","0.5380","-2.00%"
"01/03/2020","0.5490","0.5310","0.5630","0.5240","-2.31%"
"01/02/2020","0.5620","0.5990","0.6270","0.5410","-2.35%"
"01/01/2020","0.5755","0.5755","0.5755","0.5755","7.37%"
"12/31/2019","0.5360","0.6190","0.6210","0.5350","-11.55%"
"12/30/2019","0.6060","0.5780","0.6230","0.5620","12.12%"
"12/29/2019","0.5405","0.5405","0.5405","0.5405","-0.64%"
"12/27/2019","0.5440","0.5650","0.5680","0.5330","-0.91%"
"12/26/2019","0.5490","0.5490","0.5490","0.5490","1.20%"
"12/25/2019","0.5425","0.5490","0.5490","0.5425","-2.25%"
"12/24/2019","0.5550","0.5890","0.5950","0.5330","-0.54%"
"12/23/2019","0.5580","0.5450","0.5690","0.5070","8.88%"
"12/22/2019","0.5125","0.5125","0.5125","0.5125","-4.92%"
"12/20/2019","0.5390","0.5380","0.5750","0.5380","-0.92%"
"12/19/2019","0.5440","0.5290","0.5690","0.5290","2.84%"
"12/18/2019","0.5290","0.5520","0.5530","0.5180","-1.49%"
"12/17/2019","0.5370","0.5860","0.5950","0.5350","-10.95%"
"12/16/2019","0.6030","0.5540","0.6100","0.5400","12.61%"
"12/15/2019","0.5355","0.5355","0.5355","0.5355","-0.83%"
"12/13/2019","0.5400","0.6070","0.6490","0.5340","-8.78%"
"12/12/2019","0.5920","0.5730","0.6030","0.5400","3.68%"
"12/11/2019","0.5710","0.5680","0.5880","0.5580","-3.55%"
"12/10/2019","0.5920","0.5760","0.5970","0.5700","1.89%"
"12/09/2019","0.5810","0.5910","0.5910","0.5550","0.00%"
"12/06/2019","0.5810","0.5870","0.5970","0.5580","-0.68%"
"12/05/2019","0.5850","0.5850","0.6000","0.5760","0.86%"
"12/04/2019","0.5800","0.4980","0.5840","0.4840","16.00%"
"12/03/2019","0.5000","0.5700","0.5760","0.4960","-9.58%"
"12/02/2019","0.5530","0.5770","0.5960","0.5410","0.00%"
"11/29/2019","0.5530","0.5120","0.5670","0.5060","6.35%"
"11/28/2019","0.5200","0.5180","0.5250","0.5040","-0.19%"
"11/27/2019","0.5210","0.4840","0.5280","0.4820","5.04%"
"11/26/2019","0.4960","0.5210","0.5240","0.4710","-4.98%"
"11/25/2019","0.5220","0.5310","0.5480","0.5090","-2.97%"
"11/22/2019","0.5380","0.5810","0.5990","0.5230","-8.03%"
"11/21/2019","0.5850","0.5620","0.6040","0.5530","1.56%"
"11/20/2019","0.5760","0.5550","0.5790","0.5170","1.41%"
"11/19/2019","0.5680","0.5720","0.5860","0.5550","-2.24%"
"11/18/2019","0.5810","0.5590","0.5850","0.5530","5.83%"
"11/15/2019","0.5490","0.5410","0.5540","0.5270","2.23%"
"11/14/2019","0.5370","0.5480","0.5620","0.5240","-3.59%"
"11/13/2019","0.5570","0.5540","0.5690","0.5220","-0.71%"
"11/12/2019","0.5610","0.5870","0.5880","0.5520","-2.09%"
"11/11/2019","0.5730","0.5550","0.5780","0.5370","4.47%"
"11/10/2019","0.5485","0.5485","0.5485","0.5485","-1.44%"
"11/09/2019","0.5565","0.5565","0.5565","0.5565","0.63%"
"11/08/2019","0.5530","0.5370","0.5870","0.5180","1.10%"
"11/07/2019","0.5470","0.5520","0.5790","0.5110","1.67%"
"11/06/2019","0.5380","0.5810","0.5900","0.5380","-8.03%"
"11/05/2019","0.5850","0.5550","0.5880","0.5380","6.56%"
"11/04/2019","0.5490","0.5240","0.5580","0.5140","4.97%"
"11/01/2019","0.5230","0.5180","0.5330","0.4950","2.55%"
"10/31/2019","0.5100","0.4880","0.5180","0.4680","-2.11%"
"10/30/2019","0.5210","0.5440","0.5540","0.5130","-3.52%"
"10/29/2019","0.5400","0.5420","0.5600","0.5160","-1.10%"
"10/28/2019","0.5460","0.5110","0.5580","0.5020","11.09%"
"10/27/2019","0.4915","0.4915","0.4915","0.4915","-5.30%"
"10/25/2019","0.5190","0.5000","0.5210","0.4810","9.73%"
"10/24/2019","0.4730","0.5250","0.5470","0.4700","-10.75%"
"10/23/2019","0.5300","0.5000","0.5420","0.4830","-1.67%"
"10/22/2019","0.5390","0.5680","0.5700","0.5160","-4.77%"
"10/21/2019","0.5660","0.5600","0.6070","0.5520","5.70%"
"10/20/2019","0.5355","0.5355","0.5355","0.5355","-0.65%"
"10/18/2019","0.5390","0.5390","0.5690","0.5330","5.69%"
"10/17/2019","0.5100","0.5330","0.6340","0.5050","-9.89%"
"10/16/2019","0.5660","0.5290","0.5710","0.4830","5.99%"
"10/15/2019","0.5340","0.5150","0.5910","0.4860","5.74%"
"10/14/2019","0.5050","0.5400","0.5400","0.4710","-7.85%"
"10/11/2019","0.5480","0.4540","0.5710","0.4420","16.10%"
"10/10/2019","0.4720","0.3750","0.4740","0.3590","27.22%"
"10/09/2019","0.3710","0.3300","0.3770","0.3300","15.22%"
"10/08/2019","0.3220","0.3570","0.3630","0.3100","-8.52%"
"10/07/2019","0.3520","0.3490","0.3590","0.3390","2.62%"
"10/06/2019","0.3430","0.3560","0.3560","0.3430","-3.65%"
"10/05/2019","0.3560","0.3560","0.3560","0.3560","1.71%"
"10/04/2019","0.3500","0.3630","0.3640","0.3390","-5.41%"
"10/03/2019","0.3700","0.3540","0.3810","0.3380","-3.14%"
"10/02/2019","0.3820","0.3800","0.4070","0.3660","11.05%"
"10/01/2019","0.3440","0.3860","0.4350","0.3360","-6.52%"
"09/30/2019","0.3680","0.4000","0.4030","0.3470","-7.07%"
"09/29/2019","0.3960","0.3780","0.3960","0.3780","4.76%"
"09/28/2019","0.3780","0.3780","0.3780","0.3780","-2.83%"
"09/27/2019","0.3890","0.4410","0.4410","0.3800","-10.16%"
"09/26/2019","0.4330","0.4570","0.4750","0.4280","-6.07%"
"09/25/2019","0.4610","0.4530","0.4890","0.4280","3.60%"
"09/24/2019","0.4450","0.4770","0.5090","0.4390","-8.25%"
"09/23/2019","0.4850","0.5210","0.5320","0.4600","-8.66%"
"09/20/2019","0.5310","0.5210","0.5500","0.5120","3.31%"
"09/19/2019","0.5140","0.5090","0.5480","0.4880","-0.19%"
"09/18/2019","0.5150","0.5160","0.5290","0.4820","-2.65%"
"09/17/2019","0.5290","0.4980","0.5390","0.4900","3.93%"
"09/16/2019","0.5090","0.5500","0.5840","0.5060","-10.39%"
"09/13/2019","0.5680","0.5140","0.5860","0.5140","5.58%"
"09/12/2019","0.5380","0.4890","0.5570","0.4450","10.25%"
"09/11/2019","0.4880","0.4660","0.5230","0.4660","1.04%"
"09/10/2019","0.4830","0.4390","0.4880","0.4170","9.52%"
"09/09/2019","0.4410","0.3800","0.4520","0.3800","13.08%"
"09/08/2019","0.3900","0.3900","0.3900","0.3900","0.26%"
"09/06/2019","0.3890","0.4270","0.4310","0.3640","-13.56%"
"09/05/2019","0.4500","0.3720","0.4800","0.3590","26.05%"
"09/04/2019","0.3570","0.3330","0.3960","0.3230","4.69%"
"09/03/2019","0.3410","0.3060","0.3410","0.2650","3.33%"
"09/02/2019","0.3300","0.3880","0.3920","0.3300","-17.91%"
"08/30/2019","0.4020","0.3500","0.4140","0.3500","12.61%"
"08/29/2019","0.3570","0.3400","0.3770","0.3340","3.18%"
"08/28/2019","0.3460","0.3590","0.3660","0.3310","-10.13%"
"08/27/2019","0.3850","0.3830","0.4030","0.3580","-4.23%"
"08/26/2019","0.4020","0.4170","0.4170","0.4020","3.61%"
"08/24/2019","0.3880","0.3880","0.3880","0.3880","-13.97%"
"08/23/2019","0.4510","0.5380","0.5580","0.4460","-12.77%"
"08/22/2019","0.5170","0.4960","0.5310","0.4840","3.19%"
"08/21/2019","0.5010","0.4860","0.5220","0.4810","2.66%"
"08/20/2019","0.4880","0.4880","0.4980","0.4470","0.62%"
"08/19/2019","0.4850","0.5040","0.5410","0.4850","-4.53%"
"08/18/2019","0.5080","0.5080","0.5080","0.5080","0.99%"
"08/16/2019","0.5030","0.4640","0.5450","0.4580","13.03%"
"08/15/2019","0.4450","0.4670","0.4950","0.4440","-2.63%"
"08/14/2019","0.4570","0.4690","0.4830","0.4530","-0.65%"
"08/13/2019","0.4600","0.4190","0.4910","0.4110","4.31%"
"08/12/2019","0.4410","0.4610","0.4650","0.4340","-0.90%"
"08/10/2019","0.4450","0.4460","0.4460","0.4450","0.68%"
"08/09/2019","0.4420","0.4430","0.4610","0.4300","-5.56%"
"08/08/2019","0.4680","0.4830","0.4940","0.4590","2.18%"
"08/07/2019","0.4580","0.4340","0.4630","0.3960","6.76%"
"08/06/2019","0.4290","0.4190","0.4580","0.4190","-0.23%"
"08/05/2019","0.4300","0.3940","0.4380","0.3900","0.23%"
"08/02/2019","0.4290","0.3950","0.4490","0.3820","-0.69%"
"08/01/2019","0.4320","0.4560","0.4570","0.4090","0.93%"
"07/31/2019","0.4280","0.4550","0.4550","0.4280","-3.60%"
"07/30/2019","0.4440","0.4460","0.4750","0.4400","-3.90%"
"07/29/2019","0.4620","0.4680","0.4780","0.4390","-4.15%"
"07/26/2019","0.4820","0.4840","0.5070","0.4780","-4.74%"
"07/25/2019","0.5060","0.4630","0.5260","0.4480","5.64%"
"07/24/2019","0.4790","0.4910","0.4980","0.4660","-1.44%"
"07/23/2019","0.4860","0.5130","0.5130","0.4740","-1.22%"
"07/22/2019","0.4920","0.5220","0.5230","0.4910","-2.38%"
"07/19/2019","0.5040","0.5310","0.5310","0.5020","-4.55%"
"07/18/2019","0.5280","0.5150","0.5490","0.5130","-1.68%"
"07/17/2019","0.5370","0.5920","0.5920","0.5310","-8.21%"
"07/16/2019","0.5850","0.5710","0.5900","0.5490","2.27%"
"07/15/2019","0.5720","0.5470","0.6000","0.5470","-5.45%"
"07/13/2019","0.6050","0.6050","0.6050","0.6050","1.68%"
"07/12/2019","0.5950","0.6270","0.6350","0.5780","-2.94%"
"07/11/2019","0.6130","0.5740","0.6370","0.5610","7.36%"
"07/10/2019","0.5710","0.5880","0.6040","0.5550","4.39%"
"07/09/2019","0.5470","0.5570","0.5730","0.5400","-0.73%"
"07/08/2019","0.5510","0.5610","0.5610","0.5300","-3.50%"
"07/07/2019","0.5710","0.5710","0.5710","0.5710","1.78%"
"07/05/2019","0.5610","0.5130","0.5760","0.4990","10.87%"
"07/04/2019","0.5060","0.5100","0.5170","0.4830","1.81%"
"07/03/2019","0.4970","0.5020","0.5180","0.4740","-4.97%"
"07/02/2019","0.5230","0.6130","0.6130","0.5190","-14.12%"
"07/01/2019","0.6090","0.6400","0.6460","0.5920","-2.25%"
"06/29/2019","0.6230","0.6230","0.6230","0.6230","1.14%"
"06/28/2019","0.6160","0.6100","0.6300","0.6010","2.50%"
"06/27/2019","0.6010","0.6330","0.6390","0.5990","-1.48%"
"06/26/2019","0.6100","0.5870","0.6130","0.5780","5.17%"
"06/25/2019","0.5800","0.5860","0.5970","0.5670","-1.02%"
"06/24/2019","0.5860","0.5940","0.6010","0.5770","-3.93%"
"06/21/2019","0.6100","0.5890","0.6230","0.5850","4.99%"
"06/20/2019","0.5810","0.5810","0.6080","0.5690","-6.29%"
"06/19/2019","0.6200","0.5760","0.6260","0.5760","7.27%"
"06/18/2019","0.5780","0.6160","0.6160","0.5600","-4.78%"
"06/17/2019","0.6070","0.6140","0.6240","0.5980","-0.33%"
"06/16/2019","0.6090","0.6090","0.6090","0.6090","1.16%"
"06/14/2019","0.6020","0.5630","0.6180","0.5620","2.03%"
"06/13/2019","0.5900","0.5990","0.6090","0.5750","-3.91%"
"06/12/2019","0.6140","0.5850","0.6270","0.5670","4.07%"
"06/11/2019","0.5900","0.5570","0.6000","0.5490","5.36%"
"06/10/2019","0.5600","0.5530","0.5690","0.5400","5.26%"
"06/07/2019","0.5320","0.5540","0.5690","0.5230","-1.48%"
"06/06/2019","0.5400","0.5600","0.5850","0.5400","-6.90%"
"06/05/2019","0.5800","0.5970","0.6010","0.5530","-4.13%"
"06/04/2019","0.6050","0.5720","0.6180","0.5670","5.58%"
"06/03/2019","0.5730","0.5940","0.6020","0.5700","-6.07%"
"06/02/2019","0.6100","0.6100","0.6100","0.6100","1.16%"
"05/31/2019","0.6030","0.5900","0.6130","0.5820","-2.58%"
"05/30/2019","0.6190","0.6230","0.6390","0.5890","3.86%"
"05/29/2019","0.5960","0.6040","0.6100","0.5840","-1.16%"
"05/28/2019","0.6030","0.6240","0.6260","0.5990","-7.37%"
"05/27/2019","0.6510","0.6420","0.6510","0.6420","1.72%"
"05/24/2019","0.6400","0.6630","0.6650","0.6330","-0.31%"
"05/23/2019","0.6420","0.6800","0.6870","0.6400","-7.36%"
"05/22/2019","0.6930","0.7390","0.7390","0.6880","-6.73%"
"05/21/2019","0.7430","0.7330","0.7610","0.7120","3.63%"
"05/20/2019","0.7170","0.7110","0.7260","0.7000","1.99%"
"05/19/2019","0.7030","0.7030","0.7030","0.7030","1.01%"
"05/17/2019","0.6960","0.7000","0.7180","0.6660","-2.66%"
"05/16/2019","0.7150","0.6980","0.7230","0.6810","0.70%"
"05/15/2019","0.7100","0.7060","0.7180","0.6880","-1.25%"
"05/14/2019","0.7190","0.7250","0.7310","0.7010","0.98%"
"05/13/2019","0.7120","0.7440","0.7460","0.7090","-3.91%"
"05/10/2019","0.7410","0.7460","0.7570","0.7240","0.41%"
"05/09/2019","0.7380","0.7360","0.7430","0.7090","-1.20%"
"05/08/2019","0.7470","0.7560","0.7560","0.7070","-0.53%"
"05/07/2019","0.7510","0.7880","0.7880","0.7510","-6.59%"
"05/06/2019","0.8040","0.7990","0.8040","0.7950","-0.37%"
"05/05/2019","0.8070","0.8070","0.8070","0.8070","1.13%"
"05/03/2019","0.7980","0.7800","0.8050","0.7600","3.64%"
"05/02/2019","0.7700","0.7800","0.7860","0.7310","3.77%"
"05/01/2019","0.7420","0.7610","0.7780","0.7340","-2.62%"
"04/30/2019","0.7620","0.7470","0.7880","0.7360","2.28%"
"04/29/2019","0.7450","0.7440","0.7530","0.7340","1.22%"
"04/27/2019","0.7360","0.7360","0.7360","0.7360","0.41%"
"04/26/2019","0.7330","0.7490","0.7520","0.7200","-1.21%"
"04/25/2019","0.7420","0.7610","0.7730","0.7340","-1.33%"
"04/24/2019","0.7520","0.7900","0.7900","0.7460","-5.88%"
"04/23/2019","0.7990","0.7790","0.8000","0.7780","4.72%"
"04/22/2019","0.7630","0.7630","0.7630","0.7630","-1.80%"
"04/21/2019","0.7770","0.7770","0.7770","0.7770","1.83%"
"04/19/2019","0.7630","0.7630","0.7630","0.7630","-1.04%"
"04/18/2019","0.7710","0.7950","0.8030","0.7650","-2.65%"
"04/17/2019","0.7920","0.8100","0.8280","0.7880","-0.88%"
"04/16/2019","0.7990","0.7860","0.8180","0.7810","1.40%"
"04/15/2019","0.7880","0.7870","0.8150","0.7800","-0.25%"
"04/13/2019","0.7900","0.7900","0.7900","0.7900","0.64%"
"04/12/2019","0.7850","0.7420","0.7940","0.7140","6.08%"
"04/11/2019","0.7400","0.7100","0.7520","0.7070","6.78%"
"04/10/2019","0.6930","0.7090","0.7260","0.6880","-0.86%"
"04/09/2019","0.6990","0.7100","0.7240","0.6880","-1.69%"
"04/08/2019","0.7110","0.7190","0.7220","0.7000","-1.66%"
"04/07/2019","0.7230","0.7230","0.7230","0.7230","0.84%"
"04/05/2019","0.7170","0.7100","0.7430","0.7090","3.17%"
"04/04/2019","0.6950","0.6980","0.7110","0.6810","-1.42%"
"04/03/2019","0.7050","0.6950","0.7060","0.6650","11.55%"
"04/02/2019","0.6320","0.6460","0.6530","0.6210","-6.09%"
"04/01/2019","0.6730","0.6640","0.6740","0.6340","6.49%"
"03/30/2019","0.6320","0.6320","0.6320","0.6320","-0.16%"
"03/29/2019","0.6330","0.6640","0.6880","0.6260","-3.65%"
"03/28/2019","0.6570","0.6580","0.6690","0.6210","-2.67%"
"03/27/2019","0.6750","0.6430","0.6910","0.6330","2.27%"
"03/26/2019","0.6600","0.6500","0.6800","0.6440","3.13%"
"03/25/2019","0.6400","0.6630","0.6890","0.6300","-2.44%"
"03/22/2019","0.6560","0.7120","0.7220","0.6460","-5.48%"
"03/21/2019","0.6940","0.7400","0.7400","0.6780","-6.72%"
"03/20/2019","0.7440","0.7440","0.7570","0.7280","-1.06%"
"03/19/2019","0.7520","0.7550","0.7900","0.7380","-0.79%"
"03/18/2019","0.7580","0.7710","0.7790","0.7390","-1.56%"
"03/17/2019","0.7700","0.7700","0.7700","0.7700","0.52%"
"03/15/2019","0.7660","0.7680","0.7860","0.7490","-0.65%"
"03/14/2019","0.7710","0.7760","0.7960","0.7600","2.66%"
"03/13/2019","0.7510","0.7250","0.7580","0.7250","4.31%"
"03/12/2019","0.7200","0.7740","0.8020","0.7140","-3.36%"
"03/11/2019","0.7450","0.7540","0.7610","0.7250","-0.53%"
"03/08/2019","0.7490","0.7280","0.7620","0.7280","2.32%"
"03/07/2019","0.7320","0.7580","0.7630","0.7120","-2.40%"
"03/06/2019","0.7500","0.7860","0.7940","0.7440","-6.60%"
"03/05/2019","0.8030","0.7830","0.8120","0.7690","3.48%"
"03/04/2019","0.7760","0.8200","0.8290","0.7720","-3.60%"
"03/03/2019","0.8050","0.8050","0.8050","0.8050","0.75%"
"03/01/2019","0.7990","0.8320","0.8360","0.7980","-3.73%"
"02/28/2019","0.8300","0.8500","0.8540","0.8200","-0.48%"
"02/27/2019","0.8340","0.7890","0.8590","0.7840","5.44%"
"02/26/2019","0.7910","0.7680","0.7950","0.7590","3.67%"
"02/25/2019","0.7630","0.7530","0.7720","0.7530","1.19%"
"02/23/2019","0.7540","0.7540","0.7540","0.7540","0.80%"
"02/22/2019","0.7480","0.7700","0.7700","0.7260","-1.32%"
"02/21/2019","0.7580","0.7630","0.7870","0.7450","1.74%"
"02/20/2019","0.7450","0.7400","0.7570","0.7290","0.81%"
"02/19/2019","0.7390","0.7280","0.7460","0.7170","1.93%"
"02/18/2019","0.7250","0.7240","0.7450","0.7120","0.55%"
"02/17/2019","0.7210","0.7210","0.7210","0.7210","0.42%"
"02/15/2019","0.7180","0.7440","0.7520","0.7140","-0.28%"
"02/14/2019","0.7200","0.7330","0.7470","0.7020","-0.96%"
"02/13/2019","0.7270","0.7370","0.7540","0.7160","-1.62%"
"02/12/2019","0.7390","0.7370","0.7500","0.7130","2.50%"
"02/11/2019","0.7210","0.7290","0.7490","0.7100","1.69%"
"02/09/2019","0.7090","0.7090","0.7090","0.7090","0.71%"
"02/08/2019","0.7040","0.7060","0.7250","0.6920","-2.63%"
"02/07/2019","0.7230","0.7230","0.7430","0.6960","-1.36%"
"02/06/2019","0.7330","0.7560","0.7620","0.7300","-3.55%"
"02/05/2019","0.7600","0.7780","0.7970","0.7530","-3.06%"
"02/04/2019","0.7840","0.7810","0.8020","0.7530","1.69%"
"02/02/2019","0.7710","0.7710","0.7710","0.7710","0.52%"
"02/01/2019","0.7670","0.7610","0.7890","0.7450","1.59%"
"01/31/2019","0.7550","0.7540","0.7780","0.7430","-2.20%"
"01/30/2019","0.7720","0.7890","0.7930","0.7680","-0.90%"
"01/29/2019","0.7790","0.7690","0.7980","0.7610","0.78%"
"01/28/2019","0.7730","0.8230","0.8320","0.7700","-3.38%"
"01/27/2019","0.8000","0.8000","0.8000","0.8000","0.38%"
"01/25/2019","0.7970","0.7930","0.8190","0.7650","2.84%"
"01/24/2019","0.7750","0.7830","0.8150","0.7710","-3.73%"
"01/23/2019","0.8050","0.7770","0.8350","0.7770","1.13%"
"01/22/2019","0.7960","0.7920","0.8200","0.7760","0.38%"
"01/21/2019","0.7930","0.7870","0.8100","0.7770","-2.46%"
"01/19/2019","0.8130","0.8130","0.8130","0.8130","-0.37%"
"01/18/2019","0.8160","0.8320","0.8540","0.8090","-0.49%"
"01/17/2019","0.8200","0.8220","0.8450","0.8100","0.61%"
"01/16/2019","0.8150","0.8110","0.8470","0.8110","2.64%"
"01/15/2019","0.7940","0.8180","0.8440","0.7900","-2.70%"
"01/14/2019","0.8160","0.8010","0.8440","0.7770","1.37%"
"01/11/2019","0.8050","0.7850","0.8190","0.7460","4.68%"
"01/10/2019","0.7690","0.7150","0.7820","0.7150","2.95%"
"01/09/2019","0.7470","0.7670","0.7920","0.7330","-1.32%"
"01/08/2019","0.7570","0.7610","0.7880","0.7480","-0.92%"
"01/07/2019","0.7640","0.7730","0.7730","0.7240","1.87%"
"01/06/2019","0.7500","0.7500","0.7500","0.7500","0.27%"
"01/04/2019","0.7480","0.7130","0.7660","0.7130","5.80%"
"01/03/2019","0.7070","0.6970","0.7530","0.6830","-1.53%"
"01/02/2019","0.7180","0.7470","0.7530","0.6890","-2.05%"
"01/01/2019","0.7330","0.7630","0.7630","0.7330","-2.27%"
"12/31/2018","0.7500","0.7610","0.7870","0.7380","0.81%"
"12/28/2018","0.7440","0.7790","0.7910","0.7400","-3.12%"
"12/27/2018","0.7680","0.7810","0.7840","0.7300","5.49%"
"12/26/2018","0.7280","0.7280","0.7280","0.7280","0.97%"
"12/24/2018","0.7210","0.7720","0.7720","0.7190","-6.97%"
"12/21/2018","0.7750","0.7530","0.7940","0.7480","4.59%"
"12/20/2018","0.7410","0.7150","0.7480","0.6950","1.79%"
"12/19/2018","0.7280","0.7660","0.7800","0.7240","-2.93%"
"12/18/2018","0.7500","0.7260","0.7760","0.7120","1.76%"
"12/17/2018","0.7370","0.7210","0.7770","0.7210","1.38%"
"12/16/2018","0.7270","0.7270","0.7270","0.7270","0.69%"
"12/14/2018","0.7220","0.7580","0.7680","0.7100","-6.36%"
"12/13/2018","0.7710","0.7470","0.7870","0.7220","4.05%"
"12/12/2018","0.7410","0.6890","0.7420","0.6780","7.70%"
"12/11/2018","0.6880","0.7010","0.7390","0.6810","0.00%"
"12/10/2018","0.6880","0.7200","0.7360","0.6540","-7.03%"
"12/08/2018","0.7400","0.7400","0.7400","0.7400","-0.13%"
"12/07/2018","0.7410","0.7410","0.7640","0.7340","1.09%"
"12/06/2018","0.7330","0.7610","0.7610","0.7120","-2.79%"
"12/05/2018","0.7540","0.7300","0.7790","0.7300","4.29%"
"12/04/2018","0.7230","0.7120","0.7660","0.7060","0.00%"
"12/03/2018","0.7230","0.7850","0.8020","0.7190","-5.61%"
"12/01/2018","0.7660","0.7660","0.7660","0.7660","-0.26%"
"11/30/2018","0.7680","0.7610","0.7760","0.7400","1.45%"
"11/29/2018","0.7570","0.7390","0.7600","0.7130","0.53%"
"11/28/2018","0.7530","0.7760","0.7840","0.7410","-2.84%"
"11/27/2018","0.7750","0.7560","0.7800","0.7430","0.39%"
"11/26/2018","0.7720","0.7600","0.7850","0.7500","4.61%"
"11/23/2018","0.7380","0.7670","0.7680","0.7270","-4.40%"
"11/22/2018","0.7720","0.7390","0.7830","0.7160","4.61%"
"11/21/2018","0.7380","0.7270","0.7450","0.7080","4.83%"
"11/20/2018","0.7040","0.6990","0.7230","0.6770","2.18%"
"11/19/2018","0.6890","0.7570","0.7570","0.6830","-4.17%"
"11/18/2018","0.7190","0.7190","0.7190","0.7190","0.00%"
"11/17/2018","0.7190","0.7190","0.7190","0.7190","-0.69%"
"11/16/2018","0.7240","0.7070","0.7540","0.7060","3.43%"
"11/15/2018","0.7000","0.7690","0.7690","0.6760","-12.83%"
"11/14/2018","0.8030","0.7700","0.8030","0.7640","0.75%"
"11/13/2018","0.7970","0.7500","0.8000","0.7470","5.98%"
"11/12/2018","0.7520","0.7740","0.7740","0.7300","-3.47%"
"11/11/2018","0.7790","0.7790","0.7790","0.7790","0.26%"
"11/09/2018","0.7770","0.8180","0.8270","0.7760","-7.28%"
"11/08/2018","0.8380","0.8350","0.8430","0.8090","3.58%"
"11/07/2018","0.8090","0.8070","0.8310","0.8000","-0.49%"
"11/06/2018","0.8130","0.8140","0.8310","0.7930","1.25%"
"11/05/2018","0.8030","0.8010","0.8270","0.7920","0.12%"
"11/03/2018","0.8020","0.8020","0.8020","0.8020","0.38%"
"11/02/2018","0.7990","0.7950","0.8120","0.7800","4.99%"
"11/01/2018","0.7610","0.7730","0.7940","0.7480","2.15%"
"10/31/2018","0.7450","0.7480","0.7740","0.7310","3.91%"
"10/30/2018","0.7170","0.7160","0.7420","0.7090","-0.83%"
"10/29/2018","0.7230","0.7080","0.7410","0.7010","0.28%"
"10/27/2018","0.7210","0.7210","0.7210","0.7210","0.14%"
"10/26/2018","0.7200","0.7260","0.7480","0.7020","-3.61%"
"10/25/2018","0.7470","0.7390","0.7630","0.7350","1.22%"
"10/24/2018","0.7380","0.7390","0.7540","0.7160","0.68%"
"10/23/2018","0.7330","0.7490","0.7730","0.7310","-4.31%"
"10/22/2018","0.7660","0.8180","0.8270","0.7500","-4.84%"
"10/19/2018","0.8050","0.7740","0.8070","0.7580","6.06%"
"10/18/2018","0.7590","0.8150","0.8260","0.7480","-5.36%"
"10/17/2018","0.8020","0.8060","0.8230","0.7890","-0.74%"
"10/16/2018","0.8080","0.8170","0.8330","0.8040","-0.62%"
"10/15/2018","0.8130","0.8110","0.8280","0.8000","-0.85%"
"10/14/2018","0.8200","0.8200","0.8200","0.8200","-0.97%"
"10/12/2018","0.8280","0.8870","0.9070","0.8220","-5.26%"
"10/11/2018","0.8740","0.8700","0.9090","0.8700","-3.96%"
"10/10/2018","0.9100","0.9120","0.9420","0.9020","-0.87%"
"10/09/2018","0.9180","0.8960","0.9230","0.8820","4.08%"
"10/08/2018","0.8820","0.9140","0.9220","0.8810","-5.06%"
"10/07/2018","0.9290","0.9290","0.9290","0.9290","0.98%"
"10/05/2018","0.9200","0.8930","0.9250","0.8720","3.60%"
"10/04/2018","0.8880","0.8630","0.9030","0.8490","5.97%"
"10/03/2018","0.8380","0.8100","0.8450","0.7980","5.67%"
"10/02/2018","0.7930","0.8120","0.8270","0.7850","-4.46%"
"10/01/2018","0.8300","0.8260","0.8540","0.8170","0.73%"
"09/29/2018","0.8240","0.8240","0.8240","0.8240","0.37%"
"09/28/2018","0.8210","0.8150","0.8370","0.7980","-1.44%"
"09/27/2018","0.8330","0.7930","0.8390","0.7860","2.84%"
"09/26/2018","0.8100","0.8330","0.8340","0.8100","-2.76%"
"09/25/2018","0.8330","0.8450","0.8470","0.8210","0.85%"
"09/24/2018","0.8260","0.8120","0.8380","0.8060","3.25%"
"09/22/2018","0.8000","0.8000","0.8000","0.8000","-0.99%"
"09/21/2018","0.8080","0.8620","0.8620","0.7920","-2.30%"
"09/20/2018","0.8270","0.8430","0.8660","0.8270","-3.05%"
"09/19/2018","0.8530","0.8240","0.8590","0.8200","3.02%"
"09/18/2018","0.8280","0.8320","0.8340","0.8060","1.47%"
"09/17/2018","0.8160","0.8130","0.8360","0.8070","3.16%"
"09/16/2018","0.7910","0.7850","0.7920","0.7850","-2.59%"
"09/14/2018","0.8120","0.8150","0.8360","0.8080","1.12%"
"09/13/2018","0.8030","0.7960","0.8290","0.7880","2.29%"
"09/12/2018","0.7850","0.7910","0.7970","0.7770","-1.51%"
"09/11/2018","0.7970","0.7930","0.8030","0.7770","4.32%"
"09/10/2018","0.7640","0.7540","0.7830","0.7470","0.66%"
"09/09/2018","0.7590","0.7590","0.7590","0.7590","-0.26%"
"09/07/2018","0.7610","0.7410","0.7730","0.7410","3.12%"
"09/06/2018","0.7380","0.7470","0.7630","0.7290","-0.14%"
"09/05/2018","0.7390","0.7360","0.7770","0.7210","-0.14%"
"09/04/2018","0.7400","0.7390","0.7540","0.7120","1.23%"
"09/03/2018","0.7310","0.7370","0.7550","0.7140","1.53%"
"09/02/2018","0.7200","0.7200","0.7200","0.7200","-0.96%"
"08/31/2018","0.7270","0.7460","0.7560","0.7210","-1.76%"
"08/30/2018","0.7400","0.7700","0.7790","0.7360","-3.52%"
"08/29/2018","0.7670","0.7310","0.7860","0.7260","3.51%"
"08/28/2018","0.7410","0.7510","0.7630","0.7280","1.09%"
"08/27/2018","0.7330","0.7200","0.7330","0.7200","-0.14%"
"08/25/2018","0.7340","0.7340","0.7340","0.7340","1.24%"
"08/24/2018","0.7250","0.7330","0.7440","0.7190","0.55%"
"08/23/2018","0.7210","0.7170","0.7420","0.7170","0.28%"
"08/22/2018","0.7190","0.7160","0.7260","0.7010","-1.10%"
"08/21/2018","0.7270","0.7010","0.7340","0.6970","4.91%"
"08/20/2018","0.6930","0.7060","0.7230","0.6870","-2.39%"
"08/18/2018","0.7100","0.7100","0.7100","0.7100","0.57%"
"08/17/2018","0.7060","0.6910","0.7070","0.6750","1.15%"
"08/16/2018","0.6980","0.7030","0.7120","0.6830","1.45%"
"08/15/2018","0.6880","0.7150","0.7200","0.6760","-2.96%"
"08/14/2018","0.7090","0.7240","0.7360","0.7050","-1.39%"
"08/13/2018","0.7190","0.6930","0.7320","0.6890","2.57%"
"08/10/2018","0.7010","0.7050","0.7400","0.6970","-4.50%"
"08/09/2018","0.7340","0.7290","0.7620","0.7230","0.55%"
"08/08/2018","0.7300","0.7300","0.7520","0.7270","0.55%"
"08/07/2018","0.7260","0.7410","0.7550","0.7200","-0.14%"
"08/06/2018","0.7270","0.7720","0.7720","0.7200","-2.68%"
"08/05/2018","0.7470","0.7470","0.7470","0.7470","0.00%"
"08/03/2018","0.7470","0.7700","0.7960","0.7450","-5.08%"
"08/02/2018","0.7870","0.8100","0.8300","0.7740","-0.25%"
"08/01/2018","0.7890","0.7900","0.8130","0.7750","3.27%"
"07/31/2018","0.7640","0.7650","0.7910","0.7610","-1.42%"
"07/30/2018","0.7750","0.7630","0.7980","0.7580","2.24%"
"07/29/2018","0.7580","0.7580","0.7580","0.7580","0.26%"
"07/27/2018","0.7560","0.7740","0.7750","0.7460","0.00%"
"07/26/2018","0.7560","0.7880","0.7890","0.7440","-0.79%"
"07/25/2018","0.7620","0.7610","0.7700","0.7490","0.40%"
"07/24/2018","0.7590","0.7760","0.7870","0.7430","-0.13%"
"07/23/2018","0.7600","0.7460","0.7640","0.7210","1.47%"
"07/22/2018","0.7490","0.7490","0.7490","0.7490","0.81%"
"07/20/2018","0.7430","0.7300","0.7540","0.7190","2.34%"
"07/19/2018","0.7260","0.7610","0.7650","0.7190","-2.42%"
"07/18/2018","0.7440","0.7660","0.7660","0.7060","-1.06%"
"07/17/2018","0.7520","0.7550","0.7640","0.7330","0.27%"
"07/16/2018","0.7500","0.7450","0.7800","0.7430","-0.79%"
"07/15/2018","0.7560","0.7560","0.7560","0.7560","1.20%"
"07/13/2018","0.7470","0.7330","0.7530","0.7110","0.67%"
"07/12/2018","0.7420","0.7580","0.7610","0.7320","-1.72%"
"07/11/2018","0.7550","0.7590","0.7780","0.7370","0.27%"
"07/10/2018","0.7530","0.7490","0.7640","0.7430","5.17%"
"07/09/2018","0.7160","0.7660","0.7840","0.7120","-2.98%"
"07/08/2018","0.7380","0.7380","0.7380","0.7380","-0.67%"
"07/06/2018","0.7430","0.7340","0.7460","0.7250","2.91%"
"07/05/2018","0.7220","0.7450","0.7640","0.7170","-0.82%"
"07/04/2018","0.7280","0.7030","0.7390","0.6940","4.75%"
"07/03/2018","0.6950","0.7300","0.7310","0.6890","-1.14%"
"07/02/2018","0.7030","0.7140","0.7250","0.7000","-2.63%"
"06/29/2018","0.7220","0.7190","0.7520","0.7070","1.69%"
"06/28/2018","0.7100","0.6920","0.7190","0.6860","0.71%"
"06/27/2018","0.7050","0.7190","0.7370","0.7040","-5.11%"
"06/26/2018","0.7430","0.7560","0.7700","0.7210","0.81%"
"06/25/2018","0.7370","0.7340","0.7640","0.7260","-4.16%"
"06/23/2018","0.7690","0.7690","0.7690","0.7690","0.39%"
"06/22/2018","0.7660","0.7310","0.7710","0.7300","5.95%"
"06/21/2018","0.7230","0.7230","0.7760","0.7090","0.98%"
"06/20/2018","0.7160","0.7010","0.7170","0.6930","1.99%"
"06/19/2018","0.7020","0.6700","0.7120","0.6650","-2.50%"
"06/18/2018","0.7200","0.7220","0.7340","0.7010","-0.96%"
"06/16/2018","0.7270","0.7270","0.7270","0.7270","0.69%"
"06/15/2018","0.7220","0.6980","0.7500","0.6900","-0.82%"
"06/14/2018","0.7280","0.7510","0.7700","0.7180","-2.41%"
"06/13/2018","0.7460","0.7560","0.7560","0.7190","-0.27%"
"06/12/2018","0.7480","0.7540","0.7810","0.7410","0.40%"
"06/11/2018","0.7450","0.7700","0.7800","0.7380","-1.19%"
"06/09/2018","0.7540","0.7540","0.7540","0.7540","1.07%"
"06/08/2018","0.7460","0.7120","0.7640","0.7040","0.13%"
"06/07/2018","0.7450","0.7500","0.7640","0.7190","2.34%"
"06/06/2018","0.7280","0.6840","0.7400","0.6830","8.33%"
"06/05/2018","0.6720","0.6630","0.6930","0.6510","1.36%"
"06/04/2018","0.6630","0.6470","0.6720","0.6320","3.27%"
"06/03/2018","0.6420","0.6420","0.6420","0.6420","0.47%"
"06/01/2018","0.6390","0.6430","0.6600","0.6250","4.75%"
"05/31/2018","0.6100","0.6450","0.6640","0.6000","-4.54%"
"05/30/2018","0.6390","0.6280","0.6500","0.5960","7.04%"
"05/29/2018","0.5970","0.6340","0.6940","0.5580","-13.98%"
"05/28/2018","0.6940","0.6940","0.6940","0.6940","-0.57%"
"05/27/2018","0.6980","0.6970","0.6980","0.6970","0.14%"
"05/25/2018","0.6970","0.7460","0.7480","0.6740","-7.44%"
"05/24/2018","0.7530","0.7910","0.7980","0.7430","-2.71%"
"05/23/2018","0.7740","0.8070","0.8160","0.7680","-7.19%"
"05/22/2018","0.8340","0.8170","0.8440","0.8110","4.12%"
"05/21/2018","0.8010","0.8190","0.8330","0.7960","-1.48%"
"05/20/2018","0.8130","0.8220","0.8220","0.8130","-1.22%"
"05/18/2018","0.8230","0.8650","0.8650","0.8130","-5.07%"
"05/17/2018","0.8670","0.8580","0.8680","0.8240","5.47%"
"05/16/2018","0.8220","0.8340","0.8450","0.8120","-1.91%"
"05/15/2018","0.8380","0.8240","0.8400","0.8000","3.58%"
"05/14/2018","0.8090","0.7980","0.8280","0.7920","1.63%"
"05/13/2018","0.7960","0.7960","0.7960","0.7960","0.76%"
"05/11/2018","0.7900","0.7830","0.8080","0.7710","0.77%"
"05/10/2018","0.7840","0.8120","0.8430","0.7540","-3.57%"
"05/09/2018","0.8130","0.8180","0.8360","0.8050","0.99%"
"05/08/2018","0.8050","0.7830","0.8130","0.7670","3.21%"
"05/07/2018","0.7800","0.7800","0.7800","0.7800","-0.26%"
"05/04/2018","0.7820","0.7600","0.7860","0.7530","2.89%"
"05/03/2018","0.7600","0.8340","0.8470","0.7460","-7.99%"
"05/02/2018","0.8260","0.7850","0.8300","0.7850","5.36%"
"05/01/2018","0.7840","0.7810","0.7930","0.7700","1.16%"
"04/30/2018","0.7750","0.8110","0.8150","0.7620","-3.00%"
"04/27/2018","0.7990","0.8750","0.8930","0.7940","-10.12%"
"04/26/2018","0.8890","0.8860","0.9110","0.8780","0.00%"
"04/25/2018","0.8890","0.8890","0.9090","0.8760","1.25%"
"04/24/2018","0.8780","0.8450","0.9040","0.8380","1.27%"
"04/23/2018","0.8670","0.8700","0.8700","0.8310","4.33%"
"04/20/2018","0.8310","0.8480","0.8720","0.8260","-7.87%"
"04/19/2018","0.9020","0.8650","0.9090","0.8620","6.12%"
"04/18/2018","0.8500","0.8880","0.8910","0.8080","-4.28%"
"04/17/2018","0.8880","0.9300","0.9440","0.8870","-3.79%"
"04/16/2018","0.9230","0.9280","0.9430","0.9140","2.44%"
"04/13/2018","0.9010","0.9280","0.9420","0.8970","-2.59%"
"04/12/2018","0.9250","0.8840","0.9300","0.8780","3.47%"
"04/11/2018","0.8940","0.8940","0.9150","0.8700","0.79%"
"04/10/2018","0.8870","0.8830","0.9000","0.8690","1.14%"
"04/09/2018","0.8770","0.8760","0.8890","0.8670","1.86%"
"04/06/2018","0.8610","0.8630","0.8880","0.8560","-1.71%"
"04/05/2018","0.8760","0.8640","0.8870","0.8570","3.55%"
"04/04/2018","0.8460","0.8380","0.8530","0.8130","0.95%"
"04/03/2018","0.8380","0.8110","0.8490","0.8110","2.07%"
"03/30/2018","0.8210","0.8250","0.8250","0.8210","0.12%"
"03/29/2018","0.8200","0.8350","0.8420","0.8130","-1.44%"
"03/28/2018","0.8320","0.8740","0.8770","0.8230","-5.99%"
"03/27/2018","0.8850","0.8990","0.9090","0.8780","-0.67%"
"03/26/2018","0.8910","0.9060","0.9210","0.8890","-0.11%"
"03/23/2018","0.8920","0.8930","0.9220","0.8770","-0.67%"
"03/22/2018","0.8980","0.8830","0.9420","0.8710","-2.92%"
"03/21/2018","0.9250","0.8850","0.9580","0.8820","5.11%"
"03/20/2018","0.8800","0.8560","0.8870","0.8350","6.54%"
"03/19/2018","0.8260","0.8260","0.8700","0.8140","2.10%"
"03/16/2018","0.8090","0.8030","0.8230","0.7920","-0.12%"
"03/15/2018","0.8100","0.8190","0.8260","0.7960","1.12%"
"03/14/2018","0.8010","0.8390","0.8490","0.7940","-4.64%"
"03/13/2018","0.8400","0.8430","0.8500","0.8090","0.48%"
"03/12/2018","0.8360","0.8370","0.8500","0.8250","0.60%"
"03/09/2018","0.8310","0.8260","0.8490","0.8110","3.10%"
"03/08/2018","0.8060","0.8110","0.8450","0.7950","-0.37%"
"03/07/2018","0.8090","0.8200","0.8230","0.7920","-0.98%"
"03/06/2018","0.8170","0.8100","0.8510","0.8040","0.74%"
"03/05/2018","0.8110","0.7520","0.8110","0.7490","3.97%"
"03/02/2018","0.7800","0.7460","0.7850","0.7360","1.96%"
"03/01/2018","0.7650","0.7840","0.7840","0.7390","-1.67%"
"02/28/2018","0.7780","0.8290","0.8320","0.7760","-6.15%"
"02/27/2018","0.8290","0.8030","0.8440","0.7910","3.11%"
"02/26/2018","0.8040","0.8090","0.8240","0.7910","11.51%"
"02/24/2018","0.7210","0.6950","0.7210","0.6950","1.55%"
"02/23/2018","0.7100","0.6860","0.7100","0.6570","4.72%"
"02/22/2018","0.6780","0.6860","0.7080","0.6650","1.04%"
"02/21/2018","0.6710","0.6600","0.6870","0.6470","-0.59%"
"02/20/2018","0.6750","0.7060","0.7080","0.6570","0.45%"
"02/19/2018","0.6720","0.6920","0.6920","0.6590","2.28%"
"02/18/2018","0.6570","0.6570","0.6570","0.6570","0.00%"
"02/16/2018","0.6570","0.7110","0.7110","0.6480","-6.94%"
"02/15/2018","0.7060","0.7270","0.7370","0.6740","-0.70%"
"02/14/2018","0.7110","0.6720","0.7150","0.6720","0.42%"
"02/13/2018","0.7080","0.6740","0.7180","0.6620","3.36%"
"02/12/2018","0.6850","0.6830","0.7100","0.6660","4.26%"
"02/09/2018","0.6570","0.6900","0.6990","0.6420","-4.09%"
"02/08/2018","0.6850","0.6300","0.7330","0.6270","7.70%"
"02/07/2018","0.6360","0.6310","0.6390","0.6040","3.58%"
"02/06/2018","0.6140","0.6080","0.6380","0.5800","-3.61%"
"02/05/2018","0.6370","0.6560","0.6750","0.6300","-3.78%"
"02/02/2018","0.6620","0.6740","0.6950","0.6510","-0.90%"
"02/01/2018","0.6680","0.6810","0.6890","0.6500","0.60%"
"01/31/2018","0.6640","0.6150","0.6660","0.6010","9.21%"
"01/30/2018","0.6080","0.6080","0.6240","0.5890","-3.49%"
"01/29/2018","0.6300","0.6440","0.6500","0.6190","0.48%"
"01/26/2018","0.6270","0.6020","0.6400","0.5810","4.67%"
"01/25/2018","0.5990","0.5910","0.6240","0.5770","1.53%"
"01/24/2018","0.5900","0.5770","0.6130","0.5730","2.97%"
"01/23/2018","0.5730","0.5620","0.5840","0.5500","-0.69%"
"01/22/2018","0.5770","0.5860","0.5940","0.5660","1.05%"
"01/19/2018","0.5710","0.5970","0.6110","0.5610","-2.39%"
"01/18/2018","0.5850","0.6010","0.6040","0.5740","2.27%"
"01/17/2018","0.5720","0.5990","0.6000","0.5470","0.00%"
"01/16/2018","0.5720","0.5890","0.6000","0.5670","-3.54%"
"01/15/2018","0.5930","0.5970","0.6030","0.5730","2.07%"
"01/12/2018","0.5810","0.5630","0.6150","0.5560","3.94%"
"01/11/2018","0.5590","0.5310","0.5750","0.5220","3.14%"
"01/10/2018","0.5420","0.5450","0.5580","0.5250","1.12%"
"01/09/2018","0.5360","0.5200","0.5420","0.5100","5.30%"
"01/08/2018","0.5090","0.5280","0.5310","0.4850","1.19%"
"01/07/2018","0.5030","0.5030","0.5030","0.5030","0.40%"
"01/05/2018","0.5010","0.4960","0.5180","0.4880","2.24%"
"01/04/2018","0.4900","0.4930","0.5070","0.4830","4.03%"
"01/03/2018","0.4710","0.5080","0.5080","0.4620","-7.47%"
"01/02/2018","0.5090","0.4670","0.5110","0.4540","12.61%"
"01/01/2018","0.4520","0.4520","0.4520","0.4520","1.35%"
"12/29/2017","0.4460","0.4460","0.4580","0.4260","1.83%"
"12/28/2017","0.4380","0.4320","0.4560","0.4190","4.78%"
"12/27/2017","0.4180","0.4470","0.4570","0.4060","-9.13%"
"12/25/2017","0.4600","0.4600","0.4600","0.4600","1.77%"
"12/22/2017","0.4520","0.4630","0.4680","0.4480","-3.21%"
"12/21/2017","0.4670","0.4870","0.4990","0.4620","-0.85%"
"12/20/2017","0.4710","0.4840","0.4950","0.4630","2.17%"
"12/19/2017","0.4610","0.4570","0.4730","0.4420","3.60%"
"12/18/2017","0.4450","0.4610","0.4620","0.4370","1.37%"
"12/16/2017","0.4390","0.4390","0.4390","0.4390","0.69%"
"12/15/2017","0.4360","0.4310","0.4540","0.4200","-2.90%"
"12/14/2017","0.4490","0.4810","0.5020","0.4430","-6.65%"
"12/13/2017","0.4810","0.4650","0.5070","0.4600","2.34%"
"12/12/2017","0.4700","0.4790","0.4800","0.4580","0.43%"
"12/11/2017","0.4680","0.4980","0.4980","0.4560","-6.21%"
"12/08/2017","0.4990","0.5640","0.5660","0.4940","-1.96%"
"12/07/2017","0.5090","0.5050","0.5340","0.4880","2.83%"
"12/06/2017","0.4950","0.4720","0.5090","0.4720","0.81%"
"12/05/2017","0.4910","0.5040","0.5120","0.4820","-2.96%"
"12/04/2017","0.5060","0.5140","0.5270","0.4860","9.05%"
"12/01/2017","0.4640","0.5180","0.5310","0.4300","-10.25%"
"11/30/2017","0.5170","0.5310","0.5490","0.5090","-0.58%"
"11/29/2017","0.5200","0.5310","0.5400","0.5070","10.87%"
"11/28/2017","0.4690","0.4710","0.4910","0.4570","1.30%"
"11/27/2017","0.4630","0.4580","0.4850","0.4520","0.65%"
"11/24/2017","0.4600","0.4620","0.4780","0.4600","2.00%"
"11/23/2017","0.4510","0.4620","0.4680","0.4440","-3.84%"
"11/22/2017","0.4690","0.4890","0.5110","0.4580","-3.10%"
"11/21/2017","0.4840","0.4970","0.5020","0.4710","-1.02%"
"11/20/2017","0.4890","0.4910","0.5080","0.4810","2.09%"
"11/17/2017","0.4790","0.4970","0.5160","0.4770","-4.01%"
"11/16/2017","0.4990","0.4810","0.5030","0.4740","3.74%"
"11/15/2017","0.4810","0.4880","0.4890","0.4630","-1.43%"
"11/14/2017","0.4880","0.4990","0.5110","0.4670","-0.41%"
"11/13/2017","0.4900","0.4850","0.4960","0.4600","4.48%"
"11/12/2017","0.4690","0.4900","0.4900","0.4690","-3.89%"
"11/10/2017","0.4880","0.4860","0.5010","0.4680","4.95%"
"11/09/2017","0.4650","0.4480","0.4790","0.4450","1.53%"
"11/08/2017","0.4580","0.4500","0.4580","0.4310","6.51%"
"11/07/2017","0.4300","0.4560","0.4640","0.4240","-3.59%"
"11/06/2017","0.4460","0.4380","0.4630","0.4310","-0.22%"
"11/03/2017","0.4470","0.3970","0.4530","0.3930","9.29%"
"11/02/2017","0.4090","0.4980","0.5070","0.3900","-15.50%"
"11/01/2017","0.4840","0.4700","0.5110","0.4600","5.45%"
"10/31/2017","0.4590","0.4450","0.4650","0.4390","1.10%"
"10/30/2017","0.4540","0.4680","0.4720","0.4420","-2.58%"
"10/29/2017","0.4660","0.4660","0.4660","0.4660","1.30%"
"10/27/2017","0.4600","0.4940","0.5000","0.4530","-3.97%"
"10/26/2017","0.4790","0.5020","0.5080","0.4790","-2.44%"
"10/25/2017","0.4910","0.4490","0.5090","0.4490","4.25%"
"10/24/2017","0.4710","0.4520","0.4740","0.4390","6.80%"
"10/23/2017","0.4410","0.4430","0.4570","0.4280","-0.68%"
"10/22/2017","0.4440","0.4440","0.4440","0.4440","0.23%"
"10/20/2017","0.4430","0.4280","0.4560","0.4120","6.24%"
"10/19/2017","0.4170","0.4400","0.4460","0.4020","-5.87%"
"10/18/2017","0.4430","0.4020","0.4490","0.4020","8.31%"
"10/17/2017","0.4090","0.4650","0.4730","0.4020","-9.51%"
"10/16/2017","0.4520","0.4870","0.5030","0.4490","-4.24%"
"10/13/2017","0.4720","0.4720","0.5070","0.4470","-0.42%"
"10/12/2017","0.4740","0.4560","0.4780","0.4510","1.07%"
"10/11/2017","0.4690","0.4660","0.4800","0.4540","6.11%"
"10/10/2017","0.4420","0.4400","0.4550","0.4340","4.00%"
"10/09/2017","0.4250","0.4470","0.4480","0.4170","-1.39%"
"10/06/2017","0.4310","0.4630","0.4860","0.4220","-6.51%"
"10/05/2017","0.4610","0.4490","0.4630","0.4250","0.22%"
"10/04/2017","0.4600","0.4300","0.4640","0.4270","3.84%"
"10/03/2017","0.4430","0.4430","0.4700","0.4420","3.26%"
"10/02/2017","0.4290","0.4750","0.4810","0.4170","-5.92%"
"09/30/2017","0.4560","0.4590","0.4590","0.4560","1.33%"
"09/29/2017","0.4500","0.4570","0.4580","0.4330","-0.44%"
"09/28/2017","0.4520","0.4790","0.4930","0.4520","-2.80%"
"09/27/2017","0.4650","0.4650","0.4790","0.4560","4.03%"
"09/26/2017","0.4470","0.4490","0.4530","0.4250","2.05%"
"09/25/2017","0.4380","0.4560","0.4610","0.4270","0.00%"
"09/23/2017","0.4380","0.4380","0.4380","0.4380","-2.01%"
"09/22/2017","0.4470","0.4530","0.4590","0.4310","-1.32%"
"09/21/2017","0.4530","0.4720","0.4730","0.4380","1.80%"
"09/20/2017","0.4450","0.4260","0.4470","0.3980","6.97%"
"09/19/2017","0.4160","0.4420","0.4420","0.3890","-2.12%"
"09/18/2017","0.4250","0.4640","0.4670","0.4200","-2.52%"
"09/16/2017","0.4360","0.4150","0.4360","0.4150","3.32%"
"09/15/2017","0.4220","0.3840","0.4820","0.3780","11.64%"
"09/14/2017","0.3780","0.3040","0.3920","0.2760","32.63%"
"09/13/2017","0.2850","0.2970","0.2970","0.2570","3.26%"
"09/12/2017","0.2760","0.2320","0.2900","0.2210","27.19%"
"09/11/2017","0.2170","0.1900","0.2200","0.1850","29.94%"
"09/09/2017","0.1670","0.1770","0.1770","0.1670","-1.18%"
"09/08/2017","0.1690","0.1480","0.1830","0.1400","14.97%"
"09/07/2017","0.1470","0.1850","0.1880","0.1400","-14.53%"
"09/06/2017","0.1720","0.1710","0.1940","0.1700","-5.49%"
"09/05/2017","0.1820","0.2010","0.2040","0.1700","-1.09%"
"09/04/2017","0.1840","0.1840","0.1900","0.1720","0.00%"
"09/01/2017","0.1840","0.1750","0.2040","0.1630","4.55%"
"08/31/2017","0.1760","0.1830","0.1890","0.1630","-1.68%"
"08/30/2017","0.1790","0.1880","0.1910","0.1710","9.82%"
"08/29/2017","0.1630","0.1700","0.1730","0.1430","-12.37%"
"08/28/2017","0.1860","0.1980","0.2060","0.1790","2.20%"
"08/25/2017","0.1820","0.1980","0.2060","0.1790","-4.71%"
"08/24/2017","0.1910","0.2060","0.2130","0.1860","-3.54%"
"08/23/2017","0.1980","0.2170","0.2290","0.1870","-8.33%"
"08/22/2017","0.2160","0.2410","0.2460","0.2100","-3.57%"
"08/21/2017","0.2240","0.2290","0.2320","0.2080","-4.27%"
"08/18/2017","0.2340","0.2160","0.2360","0.2070","3.54%"
"08/17/2017","0.2260","0.2170","0.2540","0.2100","-3.00%"
"08/16/2017","0.2330","0.2360","0.2630","0.2230","1.30%"
"08/15/2017","0.2300","0.2320","0.2570","0.2270","5.02%"
"08/14/2017","0.2190","0.2210","0.2380","0.2160","3.79%"
"08/11/2017","0.2110","0.2140","0.2290","0.1920","-1.86%"
"08/10/2017","0.2150","0.2210","0.2340","0.2060","-3.15%"
"08/09/2017","0.2220","0.2240","0.2250","0.1890","-3.06%"
"08/08/2017","0.2290","0.2190","0.2340","0.2130","4.09%"
"08/07/2017","0.2200","0.2440","0.2560","0.2150","-13.73%"
"08/06/2017","0.2550","0.2550","0.2550","0.2550","0.00%"
"08/05/2017","0.2550","0.2550","0.2550","0.2550","1.59%"
"08/04/2017","0.2510","0.2270","0.2560","0.2260","12.56%"
"08/03/2017","0.2230","0.2840","0.2940","0.2200","-21.20%"
"08/02/2017","0.2830","0.2710","0.2990","0.2610","7.60%"
"08/01/2017","0.2630","0.2780","0.3050","0.2500","-2.95%"
"07/31/2017","0.2710","0.2410","0.2730","0.2360","9.27%"
"07/28/2017","0.2480","0.2380","0.2690","0.2320","-1.59%"
"07/27/2017","0.2520","0.2630","0.2720","0.2440","-10.95%"
"07/26/2017","0.2830","0.2970","0.3020","0.2760","-8.12%"
"07/25/2017","0.3080","0.2800","0.3170","0.2730","12.00%"
"07/24/2017","0.2750","0.2760","0.2830","0.2590","2.61%"
"07/21/2017","0.2680","0.2770","0.2910","0.2600","-6.29%"
"07/20/2017","0.2860","0.2770","0.2970","0.2650","4.00%"
"07/19/2017","0.2750","0.2910","0.3000","0.2610","2.61%"
"07/18/2017","0.2680","0.3150","0.3250","0.2510","-12.13%"
"07/17/2017","0.3050","0.3230","0.3230","0.2830","-7.29%"
"07/16/2017","0.3290","0.3290","0.3290","0.3290","2.81%"
"07/14/2017","0.3200","0.3000","0.3330","0.2970","-0.62%"
"07/13/2017","0.3220","0.3170","0.3370","0.2860","6.27%"
"07/12/2017","0.3030","0.2910","0.3170","0.2810","0.00%"
"07/11/2017","0.3030","0.3220","0.3310","0.2970","2.36%"
"07/10/2017","0.2960","0.3240","0.3410","0.2860","-10.03%"
"07/07/2017","0.3290","0.3590","0.3700","0.3100","-7.58%"
"07/06/2017","0.3560","0.3170","0.3660","0.3150","15.58%"
"07/05/2017","0.3080","0.3320","0.3610","0.2980","-6.38%"
"07/04/2017","0.3290","0.3340","0.3520","0.3210","-5.19%"
"07/03/2017","0.3470","0.3680","0.3760","0.3240","-2.53%"
"07/02/2017","0.3560","0.3560","0.3560","0.3560","0.00%"
"07/01/2017","0.3560","0.3560","0.3560","0.3560","-0.56%"
"06/30/2017","0.3580","0.3730","0.3970","0.3340","-1.65%"
"06/29/2017","0.3640","0.3230","0.3720","0.3170","25.09%"
"06/28/2017","0.2910","0.2770","0.3290","0.2590","9.40%"
"06/27/2017","0.2660","0.2320","0.2720","0.2320","14.16%"
"06/26/2017","0.2330","0.2400","0.2610","0.2230","-0.43%"
"06/25/2017","0.2340","0.2340","0.2340","0.2340","-0.43%"
"06/23/2017","0.2350","0.2350","0.2590","0.2250","11.37%"
"06/22/2017","0.2110","0.2010","0.2150","0.1870","0.00%"
"06/21/2017","0.2110","0.1300","0.2210","0.1170","57.46%"
"06/20/2017","0.1340","0.1880","0.1910","0.1170","-24.72%"
"06/19/2017","0.1780","0.1820","0.1950","0.1650","11.95%"
"06/17/2017","0.1590","0.1580","0.1590","0.1580","1.92%"
"06/16/2017","0.1560","0.2040","0.2060","0.1460","-8.77%"
"06/15/2017","0.1710","0.1060","0.1830","0.1040","83.87%"
"06/14/2017","0.0930","0.1410","0.1490","0.0910","-34.97%"
"06/13/2017","0.1430","0.0910","0.1480","0.0880","76.54%"
"06/12/2017","0.0810","0.0910","0.0970","0.0700","-10.99%"
"06/09/2017","0.0910","0.1190","0.1240","0.0720","-23.53%"
"06/08/2017","0.1190","0.1100","0.1340","0.0990","4.39%"
"06/07/2017","0.1140","0.1000","0.1210","0.0890","26.67%"
"06/06/2017","0.0900","0.0940","0.1050","0.0700","-13.46%"
"06/05/2017","0.1040","0.1140","0.1310","0.1010","-7.96%"
"06/02/2017","0.1130","0.1300","0.1340","0.1060","-15.04%"
"06/01/2017","0.1330","0.1260","0.1440","0.1170","4.72%"
"05/31/2017","0.1270","0.0920","0.1290","0.0850","45.98%"
"05/30/2017","0.0870","0.0870","0.1020","0.0800","-7.45%"
"05/29/2017","0.0940","0.0960","0.0960","0.0940","5.62%"
"05/26/2017","0.0890","0.0850","0.1020","0.0740","-3.26%"
"05/25/2017","0.0920","0.0920","0.1080","0.0760","-12.38%"
"05/24/2017","0.1050","0.1020","0.1110","0.0850","-5.41%"
"05/23/2017","0.1110","0.1110","0.1110","0.1110","4.72%"
"05/22/2017","0.1060","0.1060","0.1060","0.1060","-5.36%"
"05/19/2017","0.1120","0.1120","0.1120","0.1120","2.75%"
"05/18/2017","0.1090","0.1090","0.1090","0.1090","-6.84%"
"05/17/2017","0.1170","0.1170","0.1170","0.1170","-13.97%"
"05/16/2017","0.1360","0.1360","0.1360","0.1360","-0.73%"
"05/15/2017","0.1370","0.1370","0.1370","0.1370","25.69%"
"05/12/2017","0.1090","0.1090","0.1090","0.1090","-10.66%"
"05/11/2017","0.1220","0.1220","0.1220","0.1220","-9.63%"
"05/10/2017","0.1350","0.1350","0.1350","0.1350","-17.18%"
"05/09/2017","0.1630","0.1630","0.1630","0.1630","5.16%"
"05/08/2017","0.1550","0.1550","0.1550","0.1550","8.39%"
"05/07/2017","0.1430","0.1450","0.1450","0.1430","0.00%"
"05/05/2017","0.1430","0.1430","0.1430","0.1430","37.50%"
"05/04/2017","0.1040","0.1040","0.1040","0.1040","42.47%"
"05/03/2017","0.0730","0.0730","0.0730","0.0730","-8.75%"
"05/02/2017","0.0800","0.0800","0.0800","0.0800","-2.44%"
"05/01/2017","0.0820","0.0820","0.0820","0.0820","10.81%"
"04/29/2017","0.0740","0.0740","0.0740","0.0740","-1.33%"
"04/28/2017","0.0750","0.0750","0.0750","0.0750","2.74%"
"04/27/2017","0.0730","0.0730","0.0730","0.0730","-24.74%"
"04/26/2017","0.0970","0.0970","0.0970","0.0970","-14.16%"
"04/25/2017","0.1130","0.1130","0.1130","0.1130","36.14%"
"04/24/2017","0.0830","0.0830","0.0830","0.0830","-16.16%"
"04/23/2017","0.0990","0.0950","0.0990","0.0950","4.21%"
"04/22/2017","0.0950","0.0950","0.0950","0.0950","-1.04%"
"04/21/2017","0.0960","0.0960","0.0960","0.0960","-20.00%"
"04/20/2017","0.1200","0.1200","0.1200","0.1200","-11.11%"
"04/19/2017","0.1350","0.1350","0.1350","0.1350","55.17%"
"04/18/2017","0.0870","0.0870","0.0870","0.0870","-17.14%"
"04/17/2017","0.1050","0.1050","0.1050","0.1050","-0.94%"
"04/14/2017","0.1060","0.1060","0.1060","0.1060","-4.50%"
"04/13/2017","0.1110","0.1110","0.1110","0.1110","20.65%"
"04/12/2017","0.0920","0.0920","0.0920","0.0920","-4.17%"
"04/11/2017","0.0960","0.0960","0.0960","0.0960","0.00%"
"04/10/2017","0.0960","0.0960","0.0960","0.0960","-15.04%"
"04/08/2017","0.1130","0.1170","0.1170","0.1130","-0.88%"
"04/07/2017","0.1140","0.1140","0.1140","0.1140","-16.79%"
"04/06/2017","0.1370","0.1370","0.1370","0.1370","8.73%"
"04/05/2017","0.1260","0.1260","0.1260","0.1260","0.80%"
"04/04/2017","0.1250","0.1250","0.1250","0.1250","15.74%"
"04/03/2017","0.1080","0.1080","0.1080","0.1080","-16.28%"
"04/02/2017","0.1290","0.1230","0.1290","0.1230","0.78%"
"03/31/2017","0.1280","0.1280","0.1280","0.1280","17.43%"
"03/30/2017","0.1090","0.1090","0.1090","0.1090","-24.83%"
"03/29/2017","0.1450","0.1450","0.1450","0.1450","-19.89%"
"03/28/2017","0.1810","0.1810","0.1810","0.1810","5.85%"
"03/27/2017","0.1710","0.1710","0.1710","0.1710","11.76%"
"03/26/2017","0.1530","0.1530","0.1530","0.1530","-7.27%"
"03/24/2017","0.1650","0.1650","0.1650","0.1650","3.77%"
"03/23/2017","0.1590","0.1590","0.1590","0.1590","41.96%"
"03/22/2017","0.1120","0.1120","0.1120","0.1120","-22.76%"
"03/21/2017","0.1450","0.1450","0.1450","0.1450","70.59%"
"03/20/2017","0.0850","0.0850","0.0850","0.0850","8.97%"
"03/18/2017","0.0780","0.0900","0.0900","0.0780","-8.24%"
"03/17/2017","0.0850","0.0850","0.0850","0.0850","-4.49%"
"03/16/2017","0.0890","0.0890","0.0890","0.0890","102.27%"
"03/15/2017","0.0440","0.0440","0.0440","0.0440","-40.54%"
"03/14/2017","0.0740","0.0740","0.0740","0.0740","-23.71%"
"03/13/2017","0.0970","0.0970","0.0970","0.0970","-1.02%"
"03/12/2017","0.0980","0.0980","0.0980","0.0980","1.03%"
"03/10/2017","0.0970","0.0970","0.0970","0.0970","-8.49%"
"03/09/2017","0.1060","0.1060","0.1060","0.1060","17.78%"
"03/08/2017","0.0900","0.0900","0.0900","0.0900","-12.62%"
"03/07/2017","0.1030","0.1030","0.1030","0.1030","-5.50%"
"03/06/2017","0.1090","0.1090","0.1090","0.1090","17.20%"
"03/04/2017","0.0930","0.0930","0.0930","0.0930","1.09%"
"03/03/2017","0.0920","0.0920","0.0920","0.0920","-26.98%"
"03/02/2017","0.1260","0.1260","0.1260","0.1260","10.53%"
"03/01/2017","0.1140","0.1140","0.1140","0.1140","16.33%"
"02/28/2017","0.0980","0.0980","0.0980","0.0980","-2.97%"
"02/27/2017","0.1010","0.1010","0.1010","0.1010","7.45%"
"02/24/2017","0.0940","0.0940","0.0940","0.0940","-1.05%"
"02/23/2017","0.0950","0.0950","0.0950","0.0950","23.38%"
"02/22/2017","0.0770","0.0770","0.0770","0.0770","-24.51%"
"02/21/2017","0.1020","0.1020","0.1020","0.1020","3.03%"
"02/20/2017","0.0990","0.0990","0.0990","0.0990","15.12%"
"02/19/2017","0.0860","0.0860","0.0860","0.0860","-2.27%"
"02/17/2017","0.0880","0.0880","0.0880","0.0880","-11.11%"
"02/16/2017","0.0990","0.0990","0.0990","0.0990","-7.48%"
"02/15/2017","0.1070","0.1070","0.1070","0.1070","-12.30%"
"02/14/2017","0.1220","0.1220","0.1220","0.1220","2.52%"
"02/13/2017","0.1190","0.1190","0.1190","0.1190","26.60%"
"02/11/2017","0.0940","0.0940","0.1020","0.0940","0.00%"
"02/10/2017","0.0940","0.0940","0.0940","0.0940","-8.74%"
"02/09/2017","0.1030","0.1030","0.1030","0.1030","27.16%"
"02/08/2017","0.0810","0.0810","0.0810","0.0810","-10.00%"
"02/07/2017","0.0900","0.0900","0.0900","0.0900","-5.26%"
"02/06/2017","0.0950","0.0950","0.0950","0.0950","-18.10%"
"02/05/2017","0.1160","0.1160","0.1160","0.1160","13.73%"
"02/04/2017","0.1020","0.1160","0.1160","0.1020","-2.86%"
"02/03/2017","0.1050","0.1050","0.1050","0.1050","-11.02%"
"02/02/2017","0.1180","0.1180","0.1180","0.1180","-18.62%"
"02/01/2017","0.1450","0.1450","0.1450","0.1450","10.69%"
"01/31/2017","0.1310","0.1310","0.1310","0.1310","-10.27%"
"01/30/2017","0.1460","0.1460","0.1460","0.1460","-8.18%"
"01/27/2017","0.1590","0.1590","0.1590","0.1590","-17.19%"
"01/26/2017","0.1920","0.1920","0.1920","0.1920","10.34%"
"01/25/2017","0.1740","0.1740","0.1740","0.1740","-1.14%"
"01/24/2017","0.1760","0.1760","0.1760","0.1760","17.33%"
"01/23/2017","0.1500","0.1500","0.1500","0.1500","-22.28%"
"01/20/2017","0.1930","0.1930","0.1930","0.1930","-7.21%"
"01/19/2017","0.2080","0.2080","0.2080","0.2080","5.58%"
"01/18/2017","0.1970","0.1970","0.1970","0.1970","10.06%"
"01/17/2017","0.1790","0.1790","0.1790","0.1790","18.54%"
"01/16/2017","0.1510","0.1510","0.1510","0.1510","-17.93%"
"01/13/2017","0.1840","0.1840","0.1840","0.1840","12.88%"
"01/12/2017","0.1630","0.1630","0.1630","0.1630","-8.43%"
"01/11/2017","0.1780","0.1780","0.1780","0.1780","-14.83%"
"01/10/2017","0.2090","0.2090","0.2090","0.2090","15.47%"
"01/09/2017","0.1810","0.1810","0.1810","0.1810","-16.20%"
"01/07/2017","0.2160","0.2220","0.2220","0.2160","1.89%"
"01/06/2017","0.2120","0.2120","0.2120","0.2120","78.15%"
"01/05/2017","0.1190","0.1190","0.1190","0.1190","-21.19%"
"01/04/2017","0.1510","0.1510","0.1510","0.1510","14.39%"
"01/03/2017","0.1320","0.1320","0.1320","0.1320","109.52%"
"01/02/2017","0.0630","0.0630","0.0630","0.0630","23.53%"
"12/31/2016","0.0510","0.0790","0.0790","0.0510","-35.44%"
"12/30/2016","0.0790","0.0790","0.0790","0.0790","17.91%"
"12/29/2016","0.0670","0.0670","0.0670","0.0670","19.64%"
"12/28/2016","0.0560","0.0560","0.0560","0.0560","-21.13%"
"12/27/2016","0.0710","0.0620","0.0710","0.0620","14.52%"
"12/25/2016","0.0620","0.0710","0.0710","0.0620","-21.52%"
"12/23/2016","0.0790","0.0790","0.0790","0.0790","6.76%"
"12/22/2016","0.0740","0.0740","0.0740","0.0740","-15.91%"
"12/21/2016","0.0880","0.0880","0.0880","0.0880","8.64%"
"12/20/2016","0.0810","0.0810","0.0810","0.0810","-10.99%"
"12/19/2016","0.0910","0.0910","0.0910","0.0910","-38.51%"
"12/18/2016","0.1480","0.1310","0.1480","0.1310","12.98%"
"12/17/2016","0.1310","0.1440","0.1440","0.1310","-4.38%"
"12/16/2016","0.1370","0.1370","0.1370","0.1370","-6.16%"
"12/15/2016","0.1460","0.1460","0.1460","0.1460","36.45%"
"12/14/2016","0.1070","0.1070","0.1070","0.1070","-24.11%"
"12/13/2016","0.1410","0.1410","0.1410","0.1410","12.80%"
"12/12/2016","0.1250","0.1250","0.1250","0.1250","-16.11%"
"12/11/2016","0.1490","0.1490","0.1490","0.1490","-3.25%"
"12/10/2016","0.1540","0.1490","0.1540","0.1490","4.76%"
"12/09/2016","0.1470","0.1470","0.1470","0.1470","36.11%"
"12/08/2016","0.1080","0.1080","0.1080","0.1080","-0.92%"
"12/07/2016","0.1090","0.1090","0.1090","0.1090","-24.31%"
"12/06/2016","0.1440","0.1440","0.1440","0.1440","35.85%"
"12/05/2016","0.1060","0.1060","0.1060","0.1060","-3.64%"
"12/04/2016","0.1100","0.0980","0.1100","0.0980","0.00%"
"12/02/2016","0.1100","0.1100","0.1100","0.1100","-33.33%"
"12/01/2016","0.1650","0.1650","0.1650","0.1650","18.71%"
"11/30/2016","0.1390","0.1390","0.1390","0.1390","54.44%"
"11/29/2016","0.0900","0.0900","0.0900","0.0900","-8.16%"
"11/28/2016","0.0980","0.0980","0.0980","0.0980","-18.33%"
"11/26/2016","0.1200","0.1150","0.1260","0.1150","-2.44%"
"11/25/2016","0.1230","0.1230","0.1230","0.1230","-9.56%"
"11/24/2016","0.1360","0.1360","0.1360","0.1360","-3.55%"
"11/23/2016","0.1410","0.1410","0.1410","0.1410","-5.37%"
"11/22/2016","0.1490","0.1490","0.1490","0.1490","-23.20%"
"11/21/2016","0.1940","0.1940","0.1940","0.1940","-3.96%"
"11/18/2016","0.2020","0.2020","0.2020","0.2020","3.06%"
"11/17/2016","0.1960","0.1960","0.1960","0.1960","4.81%"
"11/16/2016","0.1870","0.1870","0.1870","0.1870","-8.33%"
"11/15/2016","0.2040","0.2040","0.2040","0.2040","-0.49%"
"11/14/2016","0.2050","0.2050","0.2050","0.2050","-17.67%"
"11/13/2016","0.2490","0.2280","0.2490","0.2280","0.00%"
"11/12/2016","0.2490","0.2490","0.2490","0.2280","6.87%"
"11/11/2016","0.2330","0.2330","0.2330","0.2330","0.87%"
"11/10/2016","0.2310","0.2310","0.2310","0.2310","6.45%"
"11/09/2016","0.2170","0.2170","0.2170","0.2170","-1.81%"
"11/08/2016","0.2210","0.2210","0.2210","0.2210","13.33%"
"11/07/2016","0.1950","0.1950","0.1950","0.1950","22.64%"
"11/04/2016","0.1590","0.1590","0.1590","0.1590","-16.32%"
"11/03/2016","0.1900","0.1900","0.1900","0.1900","3.83%"
"11/02/2016","0.1830","0.1830","0.1830","0.1830","-30.42%"
"11/01/2016","0.2630","0.2630","0.2630","0.2630","-1.50%"
"10/31/2016","0.2670","0.2670","0.2670","0.2670","-8.56%"
"10/28/2016","0.2920","0.2920","0.2920","0.2920","-0.68%"
"10/27/2016","0.2940","0.2940","0.2940","0.2940","6.91%"
"10/26/2016","0.2750","0.2750","0.2750","0.2750","10.00%"
"10/25/2016","0.2500","0.2500","0.2500","0.2500","3.31%"
"10/24/2016","0.2420","0.2420","0.2420","0.2420","-2.02%"
"10/21/2016","0.2470","0.2470","0.2470","0.2470","15.96%"
"10/20/2016","0.2130","0.2130","0.2130","0.2130","-3.18%"
"10/19/2016","0.2200","0.2200","0.2200","0.2200","6.28%"
"10/18/2016","0.2070","0.2070","0.2070","0.2070","1.47%"
"10/17/2016","0.2040","0.2040","0.2040","0.2040","-8.11%"
"10/16/2016","0.2220","0.2220","0.2220","0.2220","-0.45%"
"10/15/2016","0.2230","0.2230","0.2230","0.2230","1.83%"
"10/14/2016","0.2190","0.2190","0.2190","0.2190","2.82%"
"10/13/2016","0.2130","0.2130","0.2130","0.2130","-3.18%"
"10/12/2016","0.2200","0.2200","0.2200","0.2200","18.92%"
"10/11/2016","0.1850","0.1850","0.1850","0.1850","-18.50%"
"10/10/2016","0.2270","0.2270","0.2270","0.2270","26.82%"
"10/07/2016","0.1790","0.1790","0.1790","0.1790","38.76%"
"10/06/2016","0.1290","0.1290","0.1290","0.1290","4.03%"
"10/05/2016","0.1240","0.1240","0.1240","0.1240","-1.59%"
"10/04/2016","0.1260","0.1260","0.1260","0.1260","34.04%"
"10/03/2016","0.0940","0.0940","0.0940","0.0940","-14.55%"
"09/30/2016","0.1100","0.1100","0.1100","0.1100","41.03%"
"09/29/2016","0.0780","0.0780","0.0780","0.0780","1.30%"
"09/28/2016","0.0770","0.0770","0.0770","0.0770","-9.41%"
"09/27/2016","0.0850","0.0850","0.0850","0.0850","6.25%"
"09/26/2016","0.0800","0.0800","0.0800","0.0800","-23.81%"
"09/25/2016","0.1050","0.1050","0.1050","0.1050","0.00%"
"09/24/2016","0.1050","0.1050","0.1050","0.1050","-1.87%"
"09/23/2016","0.1070","0.1070","0.1070","0.1070","32.10%"
"09/22/2016","0.0810","0.0810","0.0810","0.0810","-28.32%"
"09/21/2016","0.1130","0.1130","0.1130","0.1130","-0.88%"
"09/20/2016","0.1140","0.1140","0.1140","0.1140","-19.15%"
"09/19/2016","0.1410","0.1410","0.1410","0.1410","-7.24%"
"09/17/2016","0.1520","0.1520","0.1520","0.1520","0.66%"
"09/16/2016","0.1510","0.1510","0.1510","0.1510","-11.70%"
"09/15/2016","0.1710","0.1710","0.1710","0.1710","4.91%"
"09/14/2016","0.1630","0.1630","0.1630","0.1630","-14.66%"
"09/13/2016","0.1910","0.1910","0.1910","0.1910","12.35%"
"09/12/2016","0.1700","0.1700","0.1700","0.1700","-5.56%"
"09/09/2016","0.1800","0.1800","0.1800","0.1800","23.29%"
"09/08/2016","0.1460","0.1460","0.1460","0.1460","43.14%"
"09/07/2016","0.1020","0.1020","0.1020","0.1020","7.37%"
"09/06/2016","0.0950","0.0950","0.0950","0.0950","-30.66%"
"09/05/2016","0.1370","0.1370","0.1370","0.1370","1.48%"
"09/02/2016","0.1350","0.1350","0.1350","0.1350","9.76%"
"09/01/2016","0.1230","0.1230","0.1230","0.1230","-20.13%"
"08/31/2016","0.1540","0.1540","0.1540","0.1540","0.00%"
"08/30/2016","0.1540","0.1540","0.1540","0.1540","-8.33%"
"08/29/2016","0.1680","0.1680","0.1680","0.1680","-1.18%"
"08/26/2016","0.1700","0.1700","0.1700","0.1700","7.59%"
"08/25/2016","0.1580","0.1580","0.1580","0.1580","12.86%"
"08/24/2016","0.1400","0.1400","0.1400","0.1400","10.24%"
"08/23/2016","0.1270","0.1270","0.1270","0.1270","3.25%"
"08/22/2016","0.1230","0.1230","0.1230","0.1230","-23.12%"
"08/20/2016","0.1600","0.1530","0.1600","0.1530","0.63%"
"08/19/2016","0.1590","0.1590","0.1590","0.1590","11.97%"
"08/18/2016","0.1420","0.1420","0.1420","0.1420","-8.39%"
"08/17/2016","0.1550","0.1550","0.1550","0.1550","-10.92%"
"08/16/2016","0.1740","0.1740","0.1740","0.1740","23.40%"
"08/15/2016","0.1410","0.1410","0.1410","0.1410","-20.79%"
"08/14/2016","0.1780","0.1780","0.1780","0.1780","0.00%"
"08/13/2016","0.1780","0.1780","0.1780","0.1780","0.00%"
"08/12/2016","0.1780","0.1780","0.1780","0.1780","23.61%"
"08/11/2016","0.1440","0.1440","0.1440","0.1440","44.00%"
"08/10/2016","0.1000","0.1000","0.1000","0.1000","-7.41%"
"08/09/2016","0.1080","0.1080","0.1080","0.1080","0.93%"
"08/08/2016","0.1070","0.1070","0.1070","0.1070","-22.46%"
"08/06/2016","0.1380","0.1380","0.1380","0.1380","-9.80%"
"08/05/2016","0.1530","0.1530","0.1530","0.1530","26.45%"
"08/04/2016","0.1210","0.1210","0.1210","0.1210","-40.10%"
"08/03/2016","0.2020","0.2020","0.2020","0.2020","5.21%"
"08/02/2016","0.1920","0.1920","0.1920","0.1920","19.25%"
"08/01/2016","0.1610","0.1610","0.1610","0.1610","43.75%"
"07/29/2016","0.1120","0.1120","0.1120","0.1120","-13.85%"
"07/28/2016","0.1300","0.1300","0.1300","0.1300","0.78%"
"07/27/2016","0.1290","0.1290","0.1290","0.1290","-24.56%"
"07/26/2016","0.1710","0.1710","0.1710","0.1710","21.28%"
"07/25/2016","0.1410","0.1410","0.1410","0.1410","4.44%"
"07/22/2016","0.1350","0.1350","0.1350","0.1350","-24.16%"
"07/21/2016","0.1780","0.1780","0.1780","0.1780","-3.78%"
"07/20/2016","0.1850","0.1850","0.1850","0.1850","5.71%"
"07/19/2016","0.1750","0.1750","0.1750","0.1750","-0.57%"
"07/18/2016","0.1760","0.1760","0.1760","0.1760","5.39%"
"07/16/2016","0.1670","0.1670","0.1670","0.1640","2.45%"
"07/15/2016","0.1630","0.1630","0.1630","0.1630","10.88%"
"07/14/2016","0.1470","0.1470","0.1470","0.1470","16.67%"
"07/13/2016","0.1260","0.1260","0.1260","0.1260","-35.71%"
"07/12/2016","0.1960","0.1960","0.1960","0.1960","23.27%"
"07/11/2016","0.1590","0.1590","0.1590","0.1590","29.27%"
"07/08/2016","0.1230","0.1230","0.1230","0.1230","-15.17%"
"07/07/2016","0.1450","0.1450","0.1450","0.1450","0.00%"
"07/06/2016","0.1450","0.1450","0.1450","0.1450","17.89%"
"07/05/2016","0.1230","0.1230","0.1230","0.1230","-16.89%"
"07/04/2016","0.1480","0.1480","0.1480","0.1480","-10.84%"
"07/01/2016","0.1660","0.1660","0.1660","0.1660","49.55%"
"06/30/2016","0.1110","0.1110","0.1110","0.1110","-46.12%"
"06/29/2016","0.2060","0.2060","0.2060","0.2060","8.99%"
"06/28/2016","0.1890","0.1890","0.1890","0.1890","24.34%"
"06/27/2016","0.1520","0.1520","0.1520","0.1520","-44.73%"
"06/24/2016","0.2750","0.2750","0.2750","0.2750","-47.72%"
"06/23/2016","0.5260","0.5260","0.5260","0.5260","5.62%"
"06/22/2016","0.4980","0.4980","0.4980","0.4980","-2.16%"
"06/21/2016","0.5090","0.5090","0.5090","0.5090","8.07%"
"06/20/2016","0.4710","0.4710","0.4710","0.4710","21.08%"
"06/17/2016","0.3890","0.3890","0.3890","0.3890","10.83%"
"06/16/2016","0.3510","0.3510","0.3510","0.3510","2.03%"
"06/15/2016","0.3440","0.3440","0.3440","0.3440","-2.55%"
"06/14/2016","0.3530","0.3530","0.3530","0.3530","-6.61%"
"06/13/2016","0.3780","0.3780","0.3780","0.3780","-5.97%"
"06/10/2016","0.4020","0.4020","0.4020","0.4020","4.96%"
"06/09/2016","0.3830","0.3830","0.3830","0.3830","-0.52%"
"06/08/2016","0.3850","0.3850","0.3850","0.3850","7.54%"
"06/07/2016","0.3580","0.3580","0.3580","0.3580","5.29%"
"06/06/2016","0.3400","0.3400","0.3400","0.3400","-2.02%"
"06/03/2016","0.3470","0.3470","0.3470","0.3470","-8.68%"
"06/02/2016","0.3800","0.3800","0.3800","0.3800","-7.32%"
"06/01/2016","0.4100","0.4100","0.4100","0.4100","-4.65%"
"05/31/2016","0.4300","0.4300","0.4300","0.4300","-7.13%"
"05/27/2016","0.4630","0.4630","0.4630","0.4630","3.12%"
"05/26/2016","0.4490","0.4490","0.4490","0.4490","-6.85%"
"05/25/2016","0.4820","0.4820","0.4820","0.4820","-0.82%"
"05/24/2016","0.4860","0.4860","0.4860","0.4860","6.58%"
"05/23/2016","0.4560","0.4560","0.4560","0.4560","2.01%"
"05/20/2016","0.4470","0.4470","0.4470","0.4470","2.76%"
"05/19/2016","0.4350","0.4350","0.4350","0.4350","1.16%"
"05/18/2016","0.4300","0.4300","0.4300","0.4300","11.98%"
"05/17/2016","0.3840","0.3840","0.3840","0.3840","-0.78%"
"05/16/2016","0.3870","0.3870","0.3870","0.3870","4.88%"
"05/14/2016","0.3690","0.3690","0.3690","0.3690","0.00%"
"05/13/2016","0.3690","0.3690","0.3690","0.3690","-5.14%"
"05/12/2016","0.3890","0.3890","0.3890","0.3890","3.46%"
"05/11/2016","0.3760","0.3760","0.3760","0.3760","-3.09%"
"05/10/2016","0.3880","0.3880","0.3880","0.3880","-6.05%"
"05/09/2016","0.4130","0.4130","0.4130","0.4130","-0.48%"
"05/08/2016","0.4150","0.4150","0.4150","0.4150","0.00%"
"05/06/2016","0.4150","0.4150","0.4150","0.4150","-3.04%"
"05/05/2016","0.4280","0.4280","0.4280","0.4280","-7.16%"
"05/04/2016","0.4610","0.4610","0.4610","0.4610","-5.14%"
"05/03/2016","0.4860","0.4860","0.4860","0.4860","-6.54%"
"05/01/2016","0.5200","0.5200","0.5200","0.5200","0.00%"
"04/29/2016","0.5200","0.5200","0.5200","0.5200","-4.24%"
"04/28/2016","0.5430","0.5430","0.5430","0.5430","0.18%"
"04/27/2016","0.5420","0.5420","0.5420","0.5420","-4.75%"
"04/26/2016","0.5690","0.5690","0.5690","0.5690","6.75%"
"04/25/2016","0.5330","0.5330","0.5330","0.5330","4.10%"
"04/23/2016","0.5120","0.5140","0.5140","0.5120","-0.39%"
"04/22/2016","0.5140","0.5140","0.5140","0.5140","0.59%"
"04/21/2016","0.5110","0.5110","0.5110","0.5110","7.35%"
"04/20/2016","0.4760","0.4760","0.4760","0.4760","-0.21%"
"04/19/2016","0.4770","0.4770","0.4770","0.4770","0.42%"
"04/18/2016","0.4750","0.4750","0.4750","0.4750","9.70%"
"04/15/2016","0.4330","0.4330","0.4330","0.4330","-5.04%"
"04/14/2016","0.4560","0.4560","0.4560","0.4560","6.05%"
"04/13/2016","0.4300","0.4300","0.4300","0.4300","-3.59%"
"04/12/2016","0.4460","0.4460","0.4460","0.4460","8.25%"
"04/11/2016","0.4120","0.4120","0.4120","0.4120","7.29%"
"04/09/2016","0.3840","0.3840","0.3840","0.3840","-0.52%"
"04/08/2016","0.3860","0.3860","0.3860","0.3860","8.43%"
"04/07/2016","0.3560","0.3560","0.3560","0.3560","-10.33%"
"04/06/2016","0.3970","0.3970","0.3970","0.3970","-3.87%"
"04/05/2016","0.4130","0.4130","0.4130","0.4130","-3.73%"
"04/04/2016","0.4290","0.4290","0.4290","0.4290","1.66%"
"04/01/2016","0.4220","0.4220","0.4220","0.4220","-6.43%"
"03/31/2016","0.4510","0.4510","0.4510","0.4510","-3.01%"
"03/30/2016","0.4650","0.4650","0.4650","0.4650","0.00%"
"03/29/2016","0.4650","0.4650","0.4650","0.4650","-5.30%"
"03/25/2016","0.4910","0.4890","0.4910","0.4890","0.20%"
"03/24/2016","0.4900","0.4900","0.4900","0.4900","6.06%"
"03/23/2016","0.4620","0.4620","0.4620","0.4620","-1.28%"
"03/22/2016","0.4680","0.4680","0.4680","0.4680","-5.45%"
"03/21/2016","0.4950","0.4950","0.4950","0.4950","4.87%"
"03/19/2016","0.4720","0.4720","0.4790","0.4720","-0.21%"
"03/18/2016","0.4730","0.4730","0.4730","0.4730","-2.07%"
"03/17/2016","0.4830","0.4830","0.4830","0.4830","-6.21%"
"03/16/2016","0.5150","0.5150","0.5150","0.5150","-2.28%"
"03/15/2016","0.5270","0.5270","0.5270","0.5270","-3.66%"
"03/14/2016","0.5470","0.5470","0.5470","0.5470","-2.50%"
"03/12/2016","0.5610","0.5660","0.5660","0.5610","0.00%"
"03/11/2016","0.5610","0.5610","0.5610","0.5610","6.45%"
"03/10/2016","0.5270","0.5270","0.5270","0.5270","14.07%"
"03/09/2016","0.4620","0.4620","0.4620","0.4620","5.00%"
"03/08/2016","0.4400","0.4400","0.4400","0.4400","-6.98%"
"03/07/2016","0.4730","0.4730","0.4730","0.4730","16.22%"
"03/05/2016","0.4070","0.4070","0.4810","0.4070","-13.95%"
"03/04/2016","0.4730","0.4730","0.4730","0.4730","6.29%"
"03/03/2016","0.4450","0.4450","0.4450","0.4450","-4.71%"
"03/02/2016","0.4670","0.4670","0.4670","0.4670","9.37%"
"03/01/2016","0.4270","0.4270","0.4270","0.4270","12.66%"
"02/29/2016","0.3790","0.3790","0.3790","0.3790","9.86%"
"02/27/2016","0.3450","0.3420","0.3450","0.3420","-0.29%"
"02/26/2016","0.3460","0.3460","0.3460","0.3460","6.79%"
"02/25/2016","0.3240","0.3240","0.3240","0.3240","-2.99%"
"02/24/2016","0.3340","0.3340","0.3340","0.3340","-6.96%"
"02/23/2016","0.3590","0.3590","0.3590","0.3590","1.99%"
"02/22/2016","0.3520","0.3520","0.3520","0.3520","-3.83%"
"02/20/2016","0.3660","0.3660","0.3780","0.3660","0.55%"
"02/19/2016","0.3640","0.3640","0.3640","0.3640","-3.70%"
"02/18/2016","0.3780","0.3780","0.3780","0.3780","-1.31%"
"02/17/2016","0.3830","0.3830","0.3830","0.3830","3.79%"
"02/16/2016","0.3690","0.3690","0.3690","0.3690","-4.40%"
"02/15/2016","0.3860","0.3860","0.3860","0.3860","-0.26%"
"02/14/2016","0.3870","0.3990","0.3990","0.3870","-3.01%"
"02/13/2016","0.3990","0.4240","0.4240","0.3880","-3.16%"
"02/12/2016","0.4120","0.4120","0.4120","0.4120","32.05%"
"02/11/2016","0.3120","0.3120","0.3120","0.3120","-9.04%"
"02/10/2016","0.3430","0.3430","0.3430","0.3430","10.65%"
"02/09/2016","0.3100","0.3100","0.3100","0.3100","11.11%"
"02/08/2016","0.2790","0.2790","0.2790","0.2790","-23.56%"
"02/06/2016","0.3650","0.3650","0.3650","0.3650","-2.14%"
"02/05/2016","0.3730","0.3730","0.3730","0.3730","0.81%"
"02/04/2016","0.3700","0.3700","0.3700","0.3700","-0.80%"
"02/03/2016","0.3730","0.3730","0.3730","0.3730","-1.84%"
"02/02/2016","0.3800","0.3800","0.3800","0.3800","-5.94%"
"02/01/2016","0.4040","0.4040","0.4040","0.4040","18.13%"
"01/29/2016","0.3420","0.3420","0.3420","0.3420","-17.19%"
"01/28/2016","0.4130","0.4130","0.4130","0.4130","-4.40%"
"01/27/2016","0.4320","0.4320","0.4320","0.4320","2.37%"
"01/26/2016","0.4220","0.4220","0.4220","0.4220","-0.71%"
"01/25/2016","0.4250","0.4250","0.4250","0.4250","-4.06%"
"01/22/2016","0.4430","0.4430","0.4430","0.4430","3.02%"
"01/21/2016","0.4300","0.4300","0.4300","0.4300","0.94%"
"01/20/2016","0.4260","0.4260","0.4260","0.4260","-7.59%"
"01/19/2016","0.4610","0.4610","0.4610","0.4610","-0.43%"
"01/18/2016","0.4630","0.4630","0.4630","0.4630","5.23%"
"01/15/2016","0.4400","0.4400","0.4400","0.4400","-10.39%"
"01/14/2016","0.4910","0.4910","0.4910","0.4910","-1.41%"
"01/13/2016","0.4980","0.4980","0.4980","0.4980","0.61%"
"01/12/2016","0.4950","0.4950","0.4950","0.4950","-5.17%"
"01/11/2016","0.5220","0.5220","0.5220","0.5220","-2.25%"
"01/10/2016","0.5340","0.5340","0.5340","0.5340","1.91%"
"01/08/2016","0.5240","0.5240","0.5240","0.5240","-0.95%"
"01/07/2016","0.5290","0.5290","0.5290","0.5290","1.54%"
"01/06/2016","0.5210","0.5210","0.5210","0.5210","-8.76%"
"01/05/2016","0.5710","0.5710","0.5710","0.5710","-3.22%"
"01/04/2016","0.5900","0.5900","0.5900","0.5900","-10.06%"
"12/31/2015","0.6560","0.6560","0.6560","0.6560","-3.24%"
"12/30/2015","0.6780","0.6780","0.6780","0.6780","7.11%"
"12/29/2015","0.6330","0.6330","0.6330","0.6330","1.44%"
"12/24/2015","0.6240","0.6240","0.6240","0.6240","-1.73%"
"12/23/2015","0.6350","0.6350","0.6350","0.6350","2.75%"
"12/22/2015","0.6180","0.6180","0.6180","0.6180","4.92%"
"12/21/2015","0.5890","0.5890","0.5890","0.5890","-2.00%"
"12/18/2015","0.6010","0.6010","0.6010","0.6010","-1.64%"
"12/17/2015","0.6110","0.6110","0.6110","0.6110","-4.23%"
"12/16/2015","0.6380","0.6380","0.6380","0.6380","0.63%"
"12/15/2015","0.6340","0.6340","0.6340","0.6340","4.97%"
"12/14/2015","0.6040","0.6040","0.6040","0.6040","3.42%"
"12/11/2015","0.5840","0.5840","0.5840","0.5840","-4.58%"
"12/10/2015","0.6120","0.6120","0.6120","0.6120","0.82%"
"12/09/2015","0.6070","0.6070","0.6070","0.6070","3.41%"
"12/08/2015","0.5870","0.5870","0.5870","0.5870","32.81%"
"12/07/2015","0.4420","0.4420","0.4420","0.4420","-31.26%"
"12/04/2015","0.6430","0.6430","0.6430","0.6430","-2.28%"
"12/03/2015","0.6580","0.6580","0.6580","0.6580","14.83%"
"12/02/2015","0.5730","0.5730","0.5730","0.5730","1.60%"
"12/01/2015","0.5640","0.5640","0.5640","0.5640","-7.54%"
"11/30/2015","0.6100","0.6100","0.6100","0.6100","1.67%"
"11/27/2015","0.6000","0.6000","0.6000","0.6000","-1.15%"
"11/26/2015","0.6070","0.6070","0.6070","0.6070","-3.65%"
"11/25/2015","0.6300","0.6300","0.6300","0.6300","1.78%"
"11/24/2015","0.6190","0.6190","0.6190","0.6190","1.48%"
"11/23/2015","0.6100","0.6100","0.6100","0.6100","-2.56%"
"11/22/2015","0.6260","0.6260","0.6260","0.6260","0.97%"
"11/20/2015","0.6200","0.6200","0.6200","0.6200","-1.59%"
"11/19/2015","0.6300","0.6300","0.6300","0.6300","26.51%"
"11/18/2015","0.4980","0.4980","0.4980","0.4980","-24.89%"
"11/17/2015","0.6630","0.6630","0.6630","0.6630","4.74%"
"11/16/2015","0.6330","0.6330","0.6330","0.6330","-6.77%"
"11/15/2015","0.6790","0.6790","0.6790","0.6790","0.00%"
"11/14/2015","0.6790","0.6790","0.6790","0.6790","0.30%"
"11/13/2015","0.6770","0.6770","0.6770","0.6770","-2.73%"
"11/12/2015","0.6960","0.6960","0.6960","0.6960","-4.40%"
"11/11/2015","0.7280","0.7280","0.7280","0.7280","3.85%"
"11/10/2015","0.7010","0.7010","0.7010","0.7010","22.55%"
"11/09/2015","0.5720","0.5720","0.5720","0.5720","-23.43%"
"11/06/2015","0.7470","0.7470","0.7470","0.7470","9.85%"
"11/05/2015","0.6800","0.6800","0.6800","0.6800","-5.42%"
"11/04/2015","0.7190","0.7190","0.7190","0.7190","-18.11%"
"11/03/2015","0.8780","0.8780","0.8780","0.8780","36.55%"
"11/02/2015","0.6430","0.6430","0.6430","0.6430","2.55%"
"10/31/2015","0.6270","0.6270","0.6270","0.6270","0.00%"
"10/30/2015","0.6270","0.6270","0.6270","0.6270","-0.79%"
"10/29/2015","0.6320","0.6320","0.6320","0.6320","16.82%"
"10/28/2015","0.5410","0.5410","0.5410","0.5410","3.24%"
"10/27/2015","0.5240","0.5240","0.5240","0.5240","-4.73%"
"10/26/2015","0.5500","0.5500","0.5500","0.5500","-8.03%"
"10/25/2015","0.5980","0.5970","0.5980","0.5970","3.82%"
"10/24/2015","0.5760","0.5760","0.5760","0.5760","0.70%"
"10/23/2015","0.5720","0.5720","0.5720","0.5720","7.92%"
"10/22/2015","0.5300","0.5300","0.5300","0.5300","-0.93%"
"10/21/2015","0.5350","0.5350","0.5350","0.5350","-6.30%"
"10/20/2015","0.5710","0.5710","0.5710","0.5710","2.51%"
"10/19/2015","0.5570","0.5570","0.5570","0.5570","-3.30%"
"10/18/2015","0.5760","0.5520","0.5780","0.5520","4.35%"
"10/17/2015","0.5520","0.5520","0.5520","0.5520","-0.36%"
"10/16/2015","0.5540","0.5540","0.5540","0.5540","6.13%"
"10/15/2015","0.5220","0.5220","0.5220","0.5220","0.38%"
"10/14/2015","0.5200","0.5200","0.5200","0.5200","-8.29%"
"10/13/2015","0.5670","0.5670","0.5670","0.5670","-0.18%"
"10/12/2015","0.5680","0.5680","0.5680","0.5680","-7.79%"
"10/10/2015","0.6160","0.6160","0.6160","0.6160","0.16%"
"10/09/2015","0.6150","0.6150","0.6150","0.6150","3.36%"
"10/08/2015","0.5950","0.5950","0.5950","0.5950","-1.16%"
"10/07/2015","0.6020","0.6020","0.6020","0.6020","3.08%"
"10/06/2015","0.5840","0.5840","0.5840","0.5840","-0.51%"
"10/05/2015","0.5870","0.5870","0.5870","0.5870","7.31%"
"10/03/2015","0.5470","0.5470","0.5470","0.5470","0.74%"
"10/02/2015","0.5430","0.5430","0.5430","0.5430","-4.23%"
"10/01/2015","0.5670","0.5670","0.5670","0.5670","0.00%"
"09/30/2015","0.5670","0.5670","0.5670","0.5670","-0.87%"
"09/29/2015","0.5720","0.5720","0.5720","0.5720","0.00%"
"09/28/2015","0.5720","0.5720","0.5720","0.5720","-10.34%"
"09/27/2015","0.6380","0.6170","0.6560","0.6170","3.40%"
"09/26/2015","0.6170","0.6170","0.6170","0.6170","-0.80%"
"09/25/2015","0.6220","0.6220","0.6220","0.6220","10.48%"
"09/24/2015","0.5630","0.5630","0.5630","0.5630","-3.92%"
"09/23/2015","0.5860","0.5860","0.5860","0.5860","2.45%"
"09/22/2015","0.5720","0.5720","0.5720","0.5720","-10.34%"
"09/21/2015","0.6380","0.6380","0.6380","0.6380","1.59%"
"09/20/2015","0.6280","0.5960","0.6280","0.5960","5.02%"
"09/18/2015","0.5980","0.5980","0.5980","0.5980","-13.83%"
"09/17/2015","0.6940","0.6940","0.6940","0.6940","2.36%"
"09/16/2015","0.6780","0.6780","0.6780","0.6780","4.31%"
"09/15/2015","0.6500","0.6500","0.6500","0.6500","4.50%"
"09/14/2015","0.6220","0.6220","0.6220","0.6220","3.32%"
"09/12/2015","0.6020","0.6020","0.6020","0.6020","0.50%"
"09/11/2015","0.5990","0.5990","0.5990","0.5990","-7.70%"
"09/10/2015","0.6490","0.6490","0.6490","0.6490","1.72%"
"09/09/2015","0.6380","0.6380","0.6380","0.6380","1.92%"
"09/08/2015","0.6260","0.6260","0.6260","0.6260","2.96%"
"09/07/2015","0.6080","0.6080","0.6080","0.6080","1.16%"
"09/06/2015","0.6010","0.6140","0.6250","0.6010","0.00%"
"09/05/2015","0.6010","0.6010","0.6250","0.6010","-2.75%"
"09/04/2015","0.6180","0.6180","0.6180","0.6180","-6.51%"
"09/03/2015","0.6610","0.6610","0.6610","0.6610","-1.78%"
"09/02/2015","0.6730","0.6730","0.6730","0.6730","-2.46%"
"09/01/2015","0.6900","0.6900","0.6900","0.6900","-4.56%"
"08/31/2015","0.7230","0.7620","0.7700","0.6470","-4.99%"
"08/30/2015","0.7610","0.7030","0.7610","0.7030","8.25%"
"08/29/2015","0.7030","0.7030","0.7110","0.6910","1.30%"
"08/28/2015","0.6940","0.6940","0.6940","0.6940","0.87%"
"08/27/2015","0.6880","0.6880","0.6880","0.6880","-1.29%"
"08/26/2015","0.6970","0.6970","0.6970","0.6970","0.14%"
"08/25/2015","0.6960","0.6960","0.6960","0.6960","6.91%"
"08/24/2015","0.6510","0.6510","0.6510","0.6510","36.76%"
"08/22/2015","0.4760","0.4760","0.4760","0.4760","-4.23%"
"08/21/2015","0.4970","0.4970","0.4970","0.4970","-8.30%"
"08/20/2015","0.5420","0.5420","0.5420","0.5420","-1.63%"
"08/19/2015","0.5510","0.5510","0.5510","0.5510","-6.61%"
"08/18/2015","0.5900","0.5900","0.5900","0.5900","7.27%"
"08/17/2015","0.5500","0.5500","0.5500","0.5500","-3.00%"
"08/15/2015","0.5670","0.5670","0.5670","0.5670","-1.56%"
"08/14/2015","0.5760","0.5760","0.5760","0.5760","1.95%"
"08/13/2015","0.5650","0.5650","0.5650","0.5650","2.17%"
"08/12/2015","0.5530","0.5530","0.5530","0.5530","-3.66%"
"08/11/2015","0.5740","0.5740","0.5740","0.5740","-8.89%"
"08/10/2015","0.6300","0.6300","0.6300","0.6300","7.51%"
"08/07/2015","0.5860","0.5860","0.5860","0.5860","-3.93%"
"08/06/2015","0.6100","0.6100","0.6100","0.6100","-6.73%"
"08/05/2015","0.6540","0.6540","0.6540","0.6540","11.79%"
"08/04/2015","0.5850","0.5850","0.5850","0.5850","1.39%"
"08/03/2015","0.5770","0.5770","0.5770","0.5770","0.00%"
"08/01/2015","0.5770","0.5770","0.5770","0.5770","2.12%"
"07/31/2015","0.5650","0.5650","0.5650","0.5650","-10.03%"
"07/30/2015","0.6280","0.6280","0.6280","0.6280","2.78%"
"07/29/2015","0.6110","0.6110","0.6110","0.6110","2.35%"
"07/28/2015","0.5970","0.5970","0.5970","0.5970","-2.13%"
"07/27/2015","0.6100","0.6100","0.6100","0.6100","0.00%"
"07/25/2015","0.6100","0.6100","0.6100","0.6100","0.00%"
"07/24/2015","0.6100","0.6100","0.6100","0.6100","-5.57%"
"07/23/2015","0.6460","0.6460","0.6460","0.6460","-0.46%"
"07/22/2015","0.6490","0.6490","0.6490","0.6490","1.72%"
"07/21/2015","0.6380","0.6380","0.6380","0.6380","1.27%"
"07/20/2015","0.6300","0.6300","0.6300","0.6300","-2.02%"
"07/18/2015","0.6430","0.6430","0.6430","0.6430","0.47%"
"07/17/2015","0.6400","0.6400","0.6400","0.6400","6.14%"
"07/16/2015","0.6030","0.6030","0.6030","0.6030","-2.27%"
"07/15/2015","0.6170","0.6170","0.6170","0.6170","2.15%"
"07/14/2015","0.6040","0.6040","0.6040","0.6040","1.17%"
"07/13/2015","0.5970","0.5970","0.5970","0.5970","1.02%"
"07/11/2015","0.5910","0.5910","0.5910","0.5910","2.60%"
"07/10/2015","0.5760","0.5760","0.5760","0.5760","6.67%"
"07/09/2015","0.5400","0.5400","0.5400","0.5400","9.09%"
"07/08/2015","0.4950","0.4950","0.4950","0.4950","-0.20%"
"07/07/2015","0.4960","0.4960","0.4960","0.4960","-12.98%"
"07/06/2015","0.5700","0.5700","0.5700","0.5700","1.06%"
"07/04/2015","0.5640","0.5640","0.5640","0.5640","1.08%"
"07/03/2015","0.5580","0.5580","0.5580","0.5580","-7.15%"
"07/02/2015","0.6010","0.6010","0.6010","0.6010","-1.48%"
"07/01/2015","0.6100","0.6100","0.6100","0.6100","7.96%"
"06/30/2015","0.5650","0.5650","0.5650","0.5650","-5.04%"
"06/29/2015","0.5950","0.5950","0.5950","0.5950","-12.37%"
"06/27/2015","0.6790","0.6790","0.6790","0.6790","0.30%"
"06/26/2015","0.6770","0.6770","0.6770","0.6770","-0.73%"
"06/25/2015","0.6820","0.6820","0.6820","0.6820","3.96%"
"06/24/2015","0.6560","0.6560","0.6560","0.6560","5.64%"
"06/23/2015","0.6210","0.6210","0.6210","0.6210","2.31%"
"06/22/2015","0.6070","0.6070","0.6070","0.6070","7.24%"
"06/21/2015","0.5660","0.5660","0.5660","0.5660","0.35%"
"06/20/2015","0.5640","0.5640","0.5640","0.5640","-1.05%"
"06/19/2015","0.5700","0.5700","0.5700","0.5700","-3.72%"
"06/18/2015","0.5920","0.5920","0.5920","0.5920","-1.50%"
"06/17/2015","0.6010","0.6010","0.6010","0.6010","12.13%"
"06/16/2015","0.5360","0.5360","0.5360","0.5360","-1.83%"
"06/15/2015","0.5460","0.5460","0.5460","0.5460","-5.37%"
"06/14/2015","0.5770","0.5450","0.5860","0.5450","6.65%"
"06/12/2015","0.5410","0.5410","0.5410","0.5410","3.05%"
"06/11/2015","0.5250","0.5250","0.5250","0.5250","-7.24%"
"06/10/2015","0.5660","0.5660","0.5660","0.5660","-0.70%"
"06/09/2015","0.5700","0.5700","0.5700","0.5700","5.95%"
"06/08/2015","0.5380","0.5380","0.5380","0.5380","-10.63%"
"06/07/2015","0.6020","0.5700","0.6020","0.5700","5.61%"
"06/06/2015","0.5700","0.5700","0.5700","0.5700","-0.18%"
"06/05/2015","0.5710","0.5710","0.5710","0.5710","1.60%"
"06/04/2015","0.5620","0.5620","0.5620","0.5620","-4.58%"
"06/03/2015","0.5890","0.5890","0.5890","0.5890","11.13%"
"06/02/2015","0.5300","0.5300","0.5300","0.5300","2.71%"
"06/01/2015","0.5160","0.5160","0.5160","0.5160","1.57%"
"05/31/2015","0.5080","0.5080","0.5080","0.5080","0.40%"
"05/30/2015","0.5060","0.5060","0.5060","0.5060","-0.98%"
"05/29/2015","0.5110","0.5110","0.5110","0.5110","0.59%"
"05/28/2015","0.5080","0.5080","0.5080","0.5080","-7.97%"
"05/27/2015","0.5520","0.5520","0.5520","0.5520","3.56%"
"05/26/2015","0.5330","0.5330","0.5330","0.5330","-3.62%"
"05/25/2015","0.5530","0.5670","0.5680","0.5530","-1.60%"
"05/23/2015","0.5620","0.5620","0.5620","0.5620","2.18%"
"05/22/2015","0.5500","0.5500","0.5500","0.5500","-0.18%"
"05/21/2015","0.5510","0.5510","0.5510","0.5510","2.04%"
"05/20/2015","0.5400","0.5400","0.5400","0.5400","4.45%"
"05/19/2015","0.5170","0.5170","0.5170","0.5170","-3.36%"
"05/18/2015","0.5350","0.5350","0.5350","0.5350","0.94%"
"05/17/2015","0.5300","0.4740","0.5310","0.4740","12.05%"
"05/16/2015","0.4730","0.4730","0.4730","0.4730","-1.66%"
"05/15/2015","0.4810","0.4810","0.4810","0.4810","-11.09%"
"05/14/2015","0.5410","0.5410","0.5410","0.5410","-7.04%"
"05/13/2015","0.5820","0.5820","0.5820","0.5820","4.86%"
"05/12/2015","0.5550","0.5550","0.5550","0.5550","-3.81%"
"05/11/2015","0.5770","0.5770","0.5770","0.5770","5.29%"
"05/10/2015","0.5480","0.5160","0.5480","0.5160","5.18%"
"05/08/2015","0.5210","0.5210","0.5210","0.5210","-3.34%"
"05/07/2015","0.5390","0.5390","0.5390","0.5390","-5.93%"
"05/06/2015","0.5730","0.5730","0.5730","0.5730","-1.72%"
"05/05/2015","0.5830","0.5830","0.5830","0.5830","0.69%"
"05/04/2015","0.5790","0.5780","0.5840","0.5290","-0.34%"
"05/03/2015","0.5810","0.5770","0.5840","0.5540","0.69%"
"05/02/2015","0.5770","0.5550","0.5770","0.5540","5.10%"
"05/01/2015","0.5490","0.5490","0.5490","0.5490","3.78%"
"04/30/2015","0.5290","0.5290","0.5290","0.5290","-5.20%"
"04/29/2015","0.5580","0.5580","0.5580","0.5580","9.84%"
"04/28/2015","0.5080","0.5080","0.5080","0.5080","-0.78%"
"04/27/2015","0.5120","0.5120","0.5120","0.5120","1.79%"
"04/26/2015","0.5030","0.4900","0.5030","0.4900","3.07%"
"04/25/2015","0.4880","0.4880","0.4880","0.4880","0.00%"
"04/24/2015","0.4880","0.4880","0.4880","0.4880","-4.31%"
"04/23/2015","0.5100","0.5100","0.5100","0.5100","-8.44%"
"04/22/2015","0.5570","0.5570","0.5570","0.5570","19.02%"
"04/21/2015","0.4680","0.4680","0.4680","0.4680","1.96%"
"04/20/2015","0.4590","0.4590","0.4590","0.4590","-6.13%"
"04/19/2015","0.4890","0.4920","0.4920","0.4880","5.39%"
"04/18/2015","0.4640","0.4640","0.4640","0.4640","-0.64%"
"04/17/2015","0.4670","0.4670","0.4670","0.4670","-1.06%"
"04/16/2015","0.4720","0.4720","0.4720","0.4720","6.55%"
"04/15/2015","0.4430","0.4430","0.4430","0.4430","7.52%"
"04/14/2015","0.4120","0.4120","0.4120","0.4120","-5.50%"
"04/13/2015","0.4360","0.4360","0.4360","0.4360","0.23%"
"04/11/2015","0.4350","0.4350","0.4350","0.4350","1.64%"
"04/10/2015","0.4280","0.4280","0.4280","0.4280","-1.61%"
"04/09/2015","0.4350","0.4350","0.4350","0.4350","-1.58%"
"04/08/2015","0.4420","0.4420","0.4420","0.4420","3.03%"
"04/07/2015","0.4290","0.4290","0.4290","0.4290","-2.28%"
"04/03/2015","0.4390","0.4390","0.4390","0.4390","-0.23%"
"04/02/2015","0.4400","0.4400","0.4400","0.4400","11.11%"
"04/01/2015","0.3960","0.3960","0.3960","0.3960","-6.38%"
"03/31/2015","0.4230","0.4230","0.4230","0.4230","2.17%"
"03/30/2015","0.4140","0.4140","0.4140","0.4140","-4.61%"
"03/29/2015","0.4340","0.4380","0.4380","0.4330","7.69%"
"03/27/2015","0.4030","0.4030","0.4030","0.4030","-7.36%"
"03/26/2015","0.4350","0.4350","0.4350","0.4350","8.75%"
"03/25/2015","0.4000","0.4000","0.4000","0.4000","1.01%"
"03/24/2015","0.3960","0.3960","0.3960","0.3960","2.59%"
"03/23/2015","0.3860","0.3860","0.3860","0.3860","-11.06%"
"03/22/2015","0.4340","0.4340","0.4340","0.4340","11.00%"
"03/21/2015","0.3910","0.4340","0.4340","0.3910","-9.91%"
"03/20/2015","0.4340","0.4340","0.4340","0.4340","0.23%"
"03/19/2015","0.4330","0.4330","0.4330","0.4330","0.93%"
"03/18/2015","0.4290","0.4290","0.4290","0.4290","-12.09%"
"03/17/2015","0.4880","0.4880","0.4880","0.4880","4.50%"
"03/16/2015","0.4670","0.4670","0.4670","0.4670","-9.50%"
"03/15/2015","0.5160","0.5160","0.5160","0.5160","6.39%"
"03/14/2015","0.4850","0.4850","0.4850","0.4850","-2.02%"
"03/13/2015","0.4950","0.4950","0.4950","0.4950","-4.26%"
"03/12/2015","0.5170","0.5170","0.5170","0.5170","-8.01%"
"03/11/2015","0.5620","0.5620","0.5620","0.5620","3.31%"
"03/10/2015","0.5440","0.5440","0.5440","0.5440","-13.24%"
"03/09/2015","0.6270","0.6270","0.6270","0.6270","0.00%"
"03/06/2015","0.6270","0.6270","0.6270","0.6270","9.04%"
"03/05/2015","0.5750","0.5750","0.5750","0.5750","-4.64%"
"03/04/2015","0.6030","0.6030","0.6030","0.6030","-0.50%"
"03/03/2015","0.6060","0.6060","0.6060","0.6060","4.84%"
"03/02/2015","0.5780","0.5780","0.5780","0.5780","-4.46%"
"03/01/2015","0.6050","0.4660","0.6070","0.4660","40.05%"
"02/27/2015","0.4320","0.4320","0.4320","0.4320","5.11%"
"02/26/2015","0.4110","0.4110","0.4110","0.4110","-0.24%"
"02/25/2015","0.4120","0.4120","0.4120","0.4120","0.24%"
"02/24/2015","0.4110","0.4110","0.4110","0.4110","-1.67%"
"02/23/2015","0.4180","0.4180","0.4180","0.4180","2.45%"
"02/21/2015","0.4080","0.4080","0.4080","0.4080","-1.21%"
"02/20/2015","0.4130","0.4130","0.4130","0.4130","-3.05%"
"02/19/2015","0.4260","0.4260","0.4260","0.4260","-4.27%"
"02/18/2015","0.4450","0.4450","0.4450","0.4450","21.25%"
"02/17/2015","0.3670","0.3670","0.3670","0.3670","-5.41%"
"02/16/2015","0.3880","0.3880","0.3880","0.3880","-0.77%"
"02/13/2015","0.3910","0.3910","0.3910","0.3910","-1.26%"
"02/12/2015","0.3960","0.3960","0.3960","0.3960","-7.26%"
"02/11/2015","0.4270","0.4270","0.4270","0.4270","1.18%"
"02/10/2015","0.4220","0.4220","0.4220","0.4220","-1.86%"
"02/09/2015","0.4300","0.4300","0.4300","0.4300","-12.42%"
"02/08/2015","0.4910","0.4830","0.4930","0.4780","5.82%"
"02/06/2015","0.4640","0.4640","0.4640","0.4640","12.90%"
"02/05/2015","0.4110","0.4110","0.4110","0.4110","-0.48%"
"02/04/2015","0.4130","0.4130","0.4130","0.4130","2.74%"
"02/03/2015","0.4020","0.4020","0.4020","0.4020","6.35%"
"02/02/2015","0.3780","0.3780","0.3780","0.3780","-3.08%"
"02/01/2015","0.3900","0.3580","0.3910","0.3580","8.94%"
"01/31/2015","0.3580","0.3580","0.3580","0.3580","0.00%"
"01/30/2015","0.3580","0.3580","0.3580","0.3580","-4.53%"
"01/29/2015","0.3750","0.3750","0.3750","0.3750","2.74%"
"01/28/2015","0.3650","0.3650","0.3650","0.3650","-4.20%"
"01/27/2015","0.3810","0.3810","0.3810","0.3810","-35.97%"
"01/26/2015","0.5950","0.5950","0.5950","0.5950","68.08%"
"01/25/2015","0.3540","0.3490","0.3560","0.3490","2.61%"
"01/23/2015","0.3450","0.3450","0.3450","0.3450","-5.74%"
"01/22/2015","0.3660","0.3660","0.3660","0.3660","-4.44%"
"01/21/2015","0.3830","0.3830","0.3830","0.3830","-2.54%"
"01/20/2015","0.3930","0.3930","0.3930","0.3930","0.77%"
"01/19/2015","0.3900","0.3900","0.3900","0.3900","-14.10%"
"01/18/2015","0.4540","0.4100","0.4550","0.4050","10.73%"
"01/17/2015","0.4100","0.4100","0.4100","0.4100","-0.24%"
"01/16/2015","0.4110","0.4110","0.4110","0.4110","3.53%"
"01/15/2015","0.3970","0.3970","0.3970","0.3970","-1.49%"
"01/14/2015","0.4030","0.4030","0.4030","0.4030","-2.18%"
"01/13/2015","0.4120","0.4120","0.4120","0.4120","4.57%"
"01/12/2015","0.3940","0.3940","0.3940","0.3940","-4.37%"
"01/11/2015","0.4120","0.4120","0.4120","0.4120","0.24%"
"01/09/2015","0.4110","0.4110","0.4110","0.4110","-4.64%"
"01/08/2015","0.4310","0.4310","0.4310","0.4310","0.47%"
"01/07/2015","0.4290","0.4290","0.4290","0.4290","12.01%"
"01/06/2015","0.3830","0.3830","0.3830","0.3830","-10.09%"
"01/05/2015","0.4260","0.4260","0.4260","0.4260","-0.70%"
"01/04/2015","0.4290","0.4290","0.4290","0.4290","0.47%"
"01/03/2015","0.4270","0.4290","0.4290","0.4270","2.40%"
"01/02/2015","0.4170","0.4170","0.4170","0.4170","-6.50%"
"12/31/2014","0.4460","0.4460","0.4460","0.4460","1.36%"
"12/30/2014","0.4400","0.4400","0.4400","0.4400","-1.79%"
"12/29/2014","0.4480","0.4480","0.4480","0.4480","-9.31%"
"12/28/2014","0.4940","0.4940","0.4940","0.4940","0.82%"
"12/24/2014","0.4900","0.4900","0.4900","0.4900","2.73%"
"12/23/2014","0.4770","0.4770","0.4770","0.4770","1.49%"
"12/22/2014","0.4700","0.4700","0.4700","0.4700","-7.30%"
"12/21/2014","0.5070","0.5110","0.5110","0.5060","8.57%"
"12/19/2014","0.4670","0.4670","0.4670","0.4670","-8.79%"
"12/18/2014","0.5120","0.5120","0.5120","0.5120","6.89%"
"12/17/2014","0.4790","0.4790","0.4790","0.4790","4.13%"
"12/16/2014","0.4600","0.4600","0.4600","0.4600","4.55%"
"12/15/2014","0.4400","0.4400","0.4400","0.4400","-5.98%"
"12/14/2014","0.4680","0.4680","0.4680","0.4680","0.00%"
"12/13/2014","0.4680","0.4680","0.4680","0.4680","0.86%"
"12/12/2014","0.4640","0.4640","0.4640","0.4640","-12.45%"
"12/11/2014","0.5300","0.5300","0.5300","0.5300","3.31%"
"12/10/2014","0.5130","0.5130","0.5130","0.5130","0.59%"
"12/09/2014","0.5100","0.5100","0.5100","0.5100","-5.20%"
"12/08/2014","0.5380","0.5380","0.5380","0.5380","-10.63%"
"12/07/2014","0.6020","0.5910","0.6030","0.5910","2.73%"
"12/06/2014","0.5860","0.5860","0.5860","0.5860","1.38%"
"12/05/2014","0.5780","0.5780","0.5780","0.5780","7.24%"
"12/04/2014","0.5390","0.5390","0.5390","0.5390","-6.10%"
"12/03/2014","0.5740","0.5740","0.5740","0.5740","6.30%"
"12/02/2014","0.5400","0.5400","0.5400","0.5400","6.30%"
"12/01/2014","0.5080","0.5080","0.5080","0.5080","-6.79%"
"11/30/2014","0.5450","0.5200","0.5460","0.5200","5.21%"
"11/28/2014","0.5180","0.5180","0.5180","0.5180","4.65%"
"11/27/2014","0.4950","0.4950","0.4950","0.4950","-7.48%"
"11/26/2014","0.5350","0.5350","0.5350","0.5350","-3.43%"
"11/25/2014","0.5540","0.5540","0.5540","0.5540","-1.60%"
"11/24/2014","0.5630","0.5630","0.5630","0.5630","1.26%"
"11/21/2014","0.5560","0.5560","0.5560","0.5560","-4.63%"
"11/20/2014","0.5830","0.5830","0.5830","0.5830","-4.74%"
"11/19/2014","0.6120","0.6120","0.6120","0.6120","4.62%"
"11/18/2014","0.5850","0.5850","0.5850","0.5850","1.56%"
"11/17/2014","0.5760","0.5760","0.5760","0.5760","2.67%"
"11/16/2014","0.5610","0.5610","0.5610","0.5610","-0.71%"
"11/14/2014","0.5650","0.5650","0.5650","0.5650","-9.31%"
"11/13/2014","0.6230","0.6230","0.6230","0.6230","-0.95%"
"11/12/2014","0.6290","0.6290","0.6290","0.6290","-5.98%"
"11/11/2014","0.6690","0.6690","0.6690","0.6690","4.86%"
"11/10/2014","0.6380","0.6380","0.6380","0.6380","-5.34%"
"11/09/2014","0.6740","0.6690","0.6740","0.6660","2.90%"
"11/07/2014","0.6550","0.6550","0.6550","0.6550","-3.82%"
"11/06/2014","0.6810","0.6810","0.6810","0.6810","-0.58%"
"11/05/2014","0.6850","0.6850","0.6850","0.6850","3.47%"
"11/04/2014","0.6620","0.6620","0.6620","0.6620","-3.64%"
"11/03/2014","0.6870","0.6870","0.6870","0.6870","4.25%"
"10/31/2014","0.6590","0.6590","0.6590","0.6590","2.49%"
"10/30/2014","0.6430","0.6430","0.6430","0.6430","0.47%"
"10/29/2014","0.6400","0.6400","0.6400","0.6400","-1.23%"
"10/28/2014","0.6480","0.6480","0.6480","0.6480","0.78%"
"10/27/2014","0.6430","0.6430","0.6430","0.6430","-6.27%"
"10/24/2014","0.6860","0.6860","0.6860","0.6860","-0.44%"
"10/23/2014","0.6890","0.6890","0.6890","0.6890","-0.14%"
"10/22/2014","0.6900","0.6900","0.6900","0.6900","2.37%"
"10/21/2014","0.6740","0.6740","0.6740","0.6740","-0.30%"
"10/20/2014","0.6760","0.6760","0.6760","0.6760","-7.27%"
"10/19/2014","0.7290","0.7290","0.7290","0.7290","5.19%"
"10/17/2014","0.6930","0.6930","0.6930","0.6930","6.45%"
"10/16/2014","0.6510","0.6510","0.6510","0.6510","25.19%"
"10/15/2014","0.5200","0.5200","0.5200","0.5200","-14.89%"
"10/14/2014","0.6110","0.6110","0.6110","0.6110","-8.67%"
"10/13/2014","0.6690","0.6690","0.6690","0.6690","-6.17%"
"10/10/2014","0.7130","0.7130","0.7130","0.7130","-3.52%"
"10/09/2014","0.7390","0.7390","0.7390","0.7390","-1.20%"
"10/08/2014","0.7480","0.7480","0.7480","0.7480","-1.58%"
"10/07/2014","0.7600","0.7600","0.7600","0.7600","-3.43%"
"10/06/2014","0.7870","0.7870","0.7870","0.7870","-5.52%"
"10/05/2014","0.8330","0.8340","0.8360","0.8180","3.09%"
"10/03/2014","0.8080","0.8080","0.8080","0.8080","6.60%"
"10/02/2014","0.7580","0.7580","0.7580","0.7580","-5.49%"
"10/01/2014","0.8020","0.8020","0.8020","0.8020","-4.41%"
"09/30/2014","0.8390","0.8390","0.8390","0.8390","-0.71%"
"09/29/2014","0.8450","0.8450","0.8450","0.8450","-4.95%"
"09/28/2014","0.8890","0.8610","0.8890","0.8610","3.25%"
"09/27/2014","0.8610","0.8610","0.8610","0.8610","-0.12%"
"09/26/2014","0.8620","0.8620","0.8620","0.8620","0.58%"
"09/25/2014","0.8570","0.8570","0.8570","0.8570","-1.95%"
"09/24/2014","0.8740","0.8740","0.8740","0.8740","0.81%"
"09/23/2014","0.8670","0.8670","0.8670","0.8670","-0.23%"
"09/22/2014","0.8690","0.8690","0.8690","0.8690","-3.77%"
"09/21/2014","0.9030","0.9020","0.9030","0.8960","2.38%"
"09/20/2014","0.8820","0.8820","0.8820","0.8820","-0.45%"
"09/19/2014","0.8860","0.8860","0.8860","0.8860","1.26%"
"09/18/2014","0.8750","0.8750","0.8750","0.8750","1.86%"
"09/17/2014","0.8590","0.8590","0.8590","0.8590","4.63%"
"09/16/2014","0.8210","0.8210","0.8210","0.8210","-2.26%"
"09/15/2014","0.8400","0.8400","0.8400","0.8400","1.08%"
"09/13/2014","0.8310","0.8310","0.8310","0.8310","-0.95%"
"09/12/2014","0.8390","0.8390","0.8390","0.8390","2.69%"
"09/11/2014","0.8170","0.8170","0.8170","0.8170","2.38%"
"09/10/2014","0.7980","0.7980","0.7980","0.7980","0.88%"
"09/09/2014","0.7910","0.7910","0.7910","0.7910","0.89%"
"09/08/2014","0.7840","0.7840","0.7840","0.7840","-4.97%"
"09/06/2014","0.8250","0.8250","0.8250","0.8250","0.86%"
"09/05/2014","0.8180","0.8180","0.8180","0.8180","-6.62%"
"09/04/2014","0.8760","0.8760","0.8760","0.8760","1.27%"
"09/03/2014","0.8650","0.8650","0.8650","0.8650","0.70%"
"09/02/2014","0.8590","0.8590","0.8590","0.8590","1.66%"
"09/01/2014","0.8450","0.8450","0.8450","0.8450","-2.76%"
"08/31/2014","0.8690","0.8390","0.8690","0.8390","3.58%"
"08/30/2014","0.8390","0.8390","0.8390","0.8390","-0.59%"
"08/29/2014","0.8440","0.8440","0.8440","0.8440","-0.94%"
"08/28/2014","0.8520","0.8520","0.8520","0.8520","-0.35%"
"08/27/2014","0.8550","0.8550","0.8550","0.8550","-2.73%"
"08/26/2014","0.8790","0.8790","0.8790","0.8790","17.51%"
"08/25/2014","0.7480","0.7480","0.7480","0.7480","1.08%"
"08/24/2014","0.7400","0.7470","0.7480","0.7400","1.09%"
"08/23/2014","0.7320","0.7320","0.7320","0.7320","-0.68%"
"08/22/2014","0.7370","0.7370","0.7370","0.7370","3.22%"
"08/21/2014","0.7140","0.7140","0.7140","0.7140","-3.38%"
"08/20/2014","0.7390","0.7390","0.7390","0.7390","4.53%"
"08/19/2014","0.7070","0.7070","0.7070","0.7070","-2.75%"
"08/18/2014","0.7270","0.7270","0.7270","0.7270","3.12%"
"08/17/2014","0.7050","0.7020","0.7050","0.7010","4.29%"
"08/16/2014","0.6760","0.6760","0.6760","0.6760","4.48%"
"08/15/2014","0.6470","0.6470","0.6470","0.6470","-10.01%"
"08/14/2014","0.7190","0.7190","0.7190","0.7190","0.00%"
"08/13/2014","0.7190","0.7190","0.7190","0.7190","-11.78%"
"08/12/2014","0.8150","0.8150","0.8150","0.8150","0.49%"
"08/11/2014","0.8110","0.8110","0.8110","0.8110","-2.05%"
"08/10/2014","0.8280","0.7880","0.8400","0.7880","3.37%"
"08/08/2014","0.8010","0.8010","0.8010","0.8010","2.04%"
"08/07/2014","0.7850","0.7850","0.7850","0.7850","-3.92%"
"08/06/2014","0.8170","0.8170","0.8170","0.8170","-1.80%"
"08/05/2014","0.8320","0.8320","0.8320","0.8320","3.87%"
"08/04/2014","0.8010","0.8010","0.8010","0.8010","-2.20%"
"08/03/2014","0.8190","0.8220","0.8220","0.8170","2.37%"
"08/02/2014","0.8000","0.8000","0.8000","0.8000","-0.37%"
"08/01/2014","0.8030","0.8030","0.8030","0.8030","-4.86%"
"07/31/2014","0.8440","0.8440","0.8440","0.8440","-2.54%"
"07/30/2014","0.8660","0.8660","0.8660","0.8660","2.97%"
"07/29/2014","0.8410","0.8410","0.8410","0.8410","-0.94%"
"07/28/2014","0.8490","0.8490","0.8490","0.8490","-0.93%"
"07/27/2014","0.8570","0.8400","0.8570","0.8400","1.06%"
"07/25/2014","0.8480","0.8480","0.8480","0.8480","-1.40%"
"07/24/2014","0.8600","0.8600","0.8600","0.8600","3.86%"
"07/23/2014","0.8280","0.8280","0.8280","0.8280","-2.59%"
"07/22/2014","0.8500","0.8500","0.8500","0.8500","1.43%"
"07/21/2014","0.8380","0.8380","0.8380","0.8380","-2.22%"
"07/20/2014","0.8570","0.8570","0.8570","0.8570","0.00%"
"07/19/2014","0.8570","0.8570","0.8570","0.8570","1.90%"
"07/18/2014","0.8410","0.8410","0.8410","0.8410","2.19%"
"07/17/2014","0.8230","0.8230","0.8230","0.8230","-6.69%"
"07/16/2014","0.8820","0.8820","0.8820","0.8820","-0.23%"
"07/15/2014","0.8840","0.8840","0.8840","0.8840","6.38%"
"07/14/2014","0.8310","0.8310","0.8310","0.8310","-4.15%"
"07/13/2014","0.8670","0.8700","0.8730","0.8650","3.71%"
"07/12/2014","0.8360","0.8360","0.8360","0.8360","-0.36%"
"07/11/2014","0.8390","0.8390","0.8390","0.8390","-2.78%"
"07/10/2014","0.8630","0.8630","0.8630","0.8630","-1.37%"
"07/09/2014","0.8750","0.8750","0.8750","0.8750","3.43%"
"07/08/2014","0.8460","0.8460","0.8460","0.8460","-5.37%"
"07/07/2014","0.8940","0.8940","0.8940","0.8940","-1.54%"
"07/06/2014","0.9080","0.9080","0.9080","0.9080","0.22%"
"07/05/2014","0.9060","0.9060","0.9060","0.9060","-0.44%"
"07/04/2014","0.9100","0.9100","0.9100","0.9100","0.78%"
"07/03/2014","0.9030","0.9030","0.9030","0.9030","-3.01%"
"07/02/2014","0.9310","0.9310","0.9310","0.9310","2.99%"
"07/01/2014","0.9040","0.9040","0.9040","0.9040","3.20%"
"06/30/2014","0.8760","0.8760","0.8760","0.8760","2.10%"
"06/29/2014","0.8580","0.8460","0.8590","0.8460","1.42%"
"06/28/2014","0.8460","0.8460","0.8460","0.8460","-0.24%"
"06/27/2014","0.8480","0.8480","0.8480","0.8480","1.44%"
"06/26/2014","0.8360","0.8360","0.8360","0.8360","0.12%"
"06/25/2014","0.8350","0.8350","0.8350","0.8350","-5.11%"
"06/24/2014","0.8800","0.8800","0.8800","0.8800","-0.79%"
"06/23/2014","0.8870","0.8870","0.8870","0.8870","-2.74%"
"06/22/2014","0.9120","0.9030","0.9150","0.9030","1.11%"
"06/21/2014","0.9020","0.9020","0.9020","0.9020","0.11%"
"06/20/2014","0.9010","0.9010","0.9010","0.9010","1.12%"
"06/19/2014","0.8910","0.8910","0.8910","0.8910","0.34%"
"06/18/2014","0.8880","0.8880","0.8880","0.8880","-3.48%"
"06/17/2014","0.9200","0.9200","0.9200","0.9200","1.77%"
"06/16/2014","0.9040","0.9040","0.9040","0.9040","2.49%"
"06/15/2014","0.8820","0.8650","0.8830","0.8650","2.20%"
"06/14/2014","0.8630","0.8630","0.8630","0.8630","0.12%"
"06/13/2014","0.8620","0.8620","0.8620","0.8620","16.96%"
"06/12/2014","0.7370","0.7370","0.7370","0.7370","1.94%"
"06/11/2014","0.7230","0.7230","0.7230","0.7230","-0.96%"
"06/10/2014","0.7300","0.7300","0.7300","0.7300","2.24%"
"06/09/2014","0.7140","0.7140","0.7140","0.7140","1.56%"
"06/08/2014","0.7030","0.6900","0.7040","0.6900","2.18%"
"06/07/2014","0.6880","0.6880","0.6880","0.6880","1.33%"
"06/06/2014","0.6790","0.6790","0.6790","0.6790","-1.59%"
"06/05/2014","0.6900","0.6900","0.6900","0.6900","-4.30%"
"06/04/2014","0.7210","0.7210","0.7210","0.7210","3.15%"
"06/03/2014","0.6990","0.6990","0.6990","0.6990","0.58%"
"06/02/2014","0.6950","0.6950","0.6950","0.6950","2.21%"
"06/01/2014","0.6800","0.6760","0.6810","0.6760","1.04%"
"05/30/2014","0.6730","0.6730","0.6730","0.6730","1.51%"
"05/29/2014","0.6630","0.6630","0.6630","0.6630","0.45%"
"05/28/2014","0.6600","0.6600","0.6600","0.6600","-5.98%"
"05/27/2014","0.7020","0.7020","0.7020","0.7020","-2.36%"
"05/26/2014","0.7190","0.7190","0.7190","0.7190","-0.28%"
"05/25/2014","0.7210","0.7060","0.7210","0.7050","2.41%"
"05/23/2014","0.7040","0.7040","0.7040","0.7040","-2.49%"
"05/22/2014","0.7220","0.7220","0.7220","0.7220","-0.14%"
"05/21/2014","0.7230","0.7230","0.7230","0.7230","4.78%"
"05/20/2014","0.6900","0.6900","0.6900","0.6900","-0.29%"
"05/19/2014","0.6920","0.6920","0.6920","0.6920","-4.55%"
"05/18/2014","0.7250","0.7250","0.7260","0.7250","6.30%"
"05/16/2014","0.6820","0.6820","0.6820","0.6820","6.23%"
"05/15/2014","0.6420","0.6420","0.6420","0.6420","-3.46%"
"05/14/2014","0.6650","0.6650","0.6650","0.6650","-11.10%"
"05/13/2014","0.7480","0.7480","0.7480","0.7480","-5.79%"
"05/12/2014","0.7940","0.7940","0.7940","0.7940","2.19%"
"05/10/2014","0.7770","0.7770","0.7770","0.7770","1.70%"
"05/09/2014","0.7640","0.7640","0.7640","0.7640","5.09%"
"05/08/2014","0.7270","0.7270","0.7270","0.7270","-3.32%"
"05/07/2014","0.7520","0.7520","0.7520","0.7520","-0.79%"
"05/06/2014","0.7580","0.7580","0.7580","0.7580","10.50%"
"05/05/2014","0.6860","0.6840","0.7030","0.6840","0.15%"
"05/03/2014","0.6850","0.6850","0.6850","0.6850","-0.87%"
"05/02/2014","0.6910","0.6910","0.6910","0.6910","1.32%"
"05/01/2014","0.6820","0.6820","0.6820","0.6820","-1.30%"
"04/30/2014","0.6910","0.6910","0.6910","0.6910","-1.99%"
"04/29/2014","0.7050","0.7050","0.7050","0.7050","-0.56%"
"04/28/2014","0.7090","0.7090","0.7090","0.7090","-0.98%"
"04/27/2014","0.7160","0.6980","0.7190","0.6920","2.58%"
"04/26/2014","0.6980","0.6980","0.6980","0.6980","0.00%"
"04/25/2014","0.6980","0.6980","0.6980","0.6980","-3.19%"
"04/24/2014","0.7210","0.7210","0.7210","0.7210","1.69%"
"04/23/2014","0.7090","0.7090","0.7090","0.7090","-2.74%"
"04/22/2014","0.7290","0.7290","0.7290","0.7290","-1.62%"
"04/21/2014","0.7410","0.7380","0.7450","0.7370","0.41%"
"04/19/2014","0.7380","0.7380","0.7380","0.7380","3.51%"
"04/17/2014","0.7130","0.7130","0.7130","0.7130","6.42%"
"04/16/2014","0.6700","0.6700","0.6700","0.6700","7.72%"
"04/15/2014","0.6220","0.6220","0.6220","0.6220","0.16%"
"04/14/2014","0.6210","0.6210","0.6210","0.6210","3.50%"
"04/13/2014","0.6000","0.6230","0.6230","0.5990","-3.38%"
"04/12/2014","0.6210","0.6210","0.6210","0.6210","0.00%"
"04/11/2014","0.6210","0.6210","0.6210","0.6210","0.65%"
"04/10/2014","0.6170","0.6170","0.6170","0.6170","-6.37%"
"04/09/2014","0.6590","0.6590","0.6590","0.6590","0.76%"
"04/08/2014","0.6540","0.6540","0.6540","0.6540","2.35%"
"04/07/2014","0.6390","0.6390","0.6390","0.6390","-1.69%"
"04/06/2014","0.6500","0.6450","0.6500","0.6450","-0.46%"
"04/04/2014","0.6530","0.6530","0.6530","0.6530","-6.71%"
"04/03/2014","0.7000","0.7000","0.7000","0.7000","-1.69%"
"04/02/2014","0.7120","0.7120","0.7120","0.7120","1.14%"
"04/01/2014","0.7040","0.7040","0.7040","0.7040","-1.95%"
"03/31/2014","0.7180","0.7180","0.7180","0.7180","1.13%"
"03/29/2014","0.7100","0.7100","0.7100","0.7100","0.00%"
"03/28/2014","0.7100","0.7100","0.7100","0.7100","3.50%"
"03/27/2014","0.6860","0.6860","0.6860","0.6860","1.03%"
"03/26/2014","0.6790","0.6790","0.6790","0.6790","0.59%"
"03/25/2014","0.6750","0.6750","0.6750","0.6750","3.69%"
"03/24/2014","0.6510","0.6510","0.6510","0.6510","-5.10%"
"03/23/2014","0.6860","0.6860","0.6870","0.6840","3.00%"
"03/22/2014","0.6660","0.6660","0.6660","0.6660","-1.77%"
"03/21/2014","0.6780","0.6780","0.6780","0.6780","-0.73%"
"03/20/2014","0.6830","0.6830","0.6830","0.6830","4.59%"
"03/19/2014","0.6530","0.6530","0.6530","0.6530","1.71%"
"03/18/2014","0.6420","0.6420","0.6420","0.6420","0.78%"
"03/17/2014","0.6370","0.6370","0.6370","0.6370","2.91%"
"03/16/2014","0.6190","0.6210","0.6210","0.6190","-0.48%"
"03/14/2014","0.6220","0.6220","0.6220","0.6220","1.30%"
"03/13/2014","0.6140","0.6140","0.6140","0.6140","-5.83%"
"03/12/2014","0.6520","0.6520","0.6520","0.6520","0.15%"
"03/11/2014","0.6510","0.6510","0.6510","0.6510","-1.21%"
"03/10/2014","0.6590","0.6590","0.6590","0.6590","0.92%"
"03/09/2014","0.6530","0.6560","0.6560","0.6530","-0.46%"
"03/08/2014","0.6560","0.6560","0.6560","0.6560","-0.30%"
"03/07/2014","0.6580","0.6580","0.6580","0.6580","3.30%"
"03/06/2014","0.6370","0.6370","0.6370","0.6370","1.76%"
"03/05/2014","0.6260","0.6260","0.6260","0.6260","-0.79%"
"03/04/2014","0.6310","0.6310","0.6310","0.6310","30.10%"
"03/03/2014","0.4850","0.4850","0.4850","0.4850","-1.62%"
"03/01/2014","0.4930","0.4930","0.4930","0.4930","-2.18%"
"02/28/2014","0.5040","0.5040","0.5040","0.5040","1.00%"
"02/27/2014","0.4990","0.4990","0.4990","0.4990","-2.54%"
"02/26/2014","0.5120","0.5120","0.5120","0.5120","1.19%"
"02/25/2014","0.5060","0.5060","0.5060","0.5060","1.00%"
"02/24/2014","0.5010","0.5010","0.5010","0.5010","0.80%"
"02/23/2014","0.4970","0.4970","0.4970","0.4960","-0.20%"
"02/22/2014","0.4980","0.4980","0.4980","0.4980","-1.39%"
"02/21/2014","0.5050","0.5050","0.5050","0.5050","-2.51%"
"02/20/2014","0.5180","0.5180","0.5180","0.5180","5.28%"
"02/19/2014","0.4920","0.4920","0.4920","0.4920","0.41%"
"02/18/2014","0.4900","0.4900","0.4900","0.4900","-4.30%"
"02/17/2014","0.5120","0.5120","0.5120","0.5120","-4.48%"
"02/16/2014","0.5360","0.5380","0.5400","0.5350","2.29%"
"02/15/2014","0.5240","0.5240","0.5330","0.5240","-1.87%"
"02/14/2014","0.5340","0.5340","0.5340","0.5340","0.56%"
"02/13/2014","0.5310","0.5310","0.5310","0.5310","-3.10%"
"02/12/2014","0.5480","0.5480","0.5480","0.5480","9.82%"
"02/11/2014","0.4990","0.4990","0.4990","0.4990","2.04%"
"02/10/2014","0.4890","0.4890","0.4890","0.4890","3.38%"
"02/08/2014","0.4730","0.4900","0.4900","0.4730","-1.87%"
"02/07/2014","0.4820","0.4820","0.4820","0.4820","-6.77%"
"02/06/2014","0.5170","0.5170","0.5170","0.5170","4.44%"
"02/05/2014","0.4950","0.4950","0.4950","0.4950","0.00%"
"02/04/2014","0.4950","0.4950","0.4950","0.4950","2.06%"
"02/03/2014","0.4850","0.4850","0.4850","0.4850","-4.53%"
"02/01/2014","0.5080","0.5150","0.5150","0.5080","3.04%"
"01/31/2014","0.4930","0.4930","0.4930","0.4930","-7.33%"
"01/30/2014","0.5320","0.5320","0.5320","0.5320","2.50%"
"01/29/2014","0.5190","0.5190","0.5190","0.5190","-4.60%"
"01/28/2014","0.5440","0.5440","0.5440","0.5440","0.74%"
"01/27/2014","0.5400","0.5400","0.5400","0.5400","-1.64%"
"01/26/2014","0.5490","0.5480","0.5490","0.5480","1.10%"
"01/24/2014","0.5430","0.5430","0.5430","0.5430","0.37%"
"01/23/2014","0.5410","0.5410","0.5410","0.5410","-8.46%"
"01/22/2014","0.5910","0.5910","0.5910","0.5910","7.45%"
"01/21/2014","0.5500","0.5500","0.5500","0.5500","1.48%"
"01/20/2014","0.5420","0.5420","0.5420","0.5420","3.83%"
"01/19/2014","0.5220","0.5220","0.5220","0.5220","-2.06%"
"01/18/2014","0.5330","0.5330","0.5330","0.5330","0.57%"
"01/17/2014","0.5300","0.5300","0.5300","0.5300","3.52%"
"01/16/2014","0.5120","0.5120","0.5120","0.5120","-3.03%"
"01/15/2014","0.5280","0.5280","0.5280","0.5280","1.15%"
"01/14/2014","0.5220","0.5220","0.5220","0.5220","5.03%"
"01/13/2014","0.4970","0.4970","0.4970","0.4970","-5.69%"
"01/12/2014","0.5270","0.5270","0.5270","0.5270","1.15%"
"01/11/2014","0.5210","0.5210","0.5210","0.5210","0.19%"
"01/10/2014","0.5200","0.5200","0.5200","0.5200","-10.03%"
"01/09/2014","0.5780","0.5780","0.5780","0.5780","0.87%"
"01/08/2014","0.5730","0.5730","0.5730","0.5730","5.14%"
"01/07/2014","0.5450","0.5450","0.5450","0.5450","2.06%"
"01/06/2014","0.5340","0.5340","0.5340","0.5340","-2.02%"
"01/03/2014","0.5450","0.5450","0.5450","0.5450","-1.62%"
"01/02/2014","0.5540","0.5540","0.5540","0.5540","-2.12%"
"12/31/2013","0.5660","0.5660","0.5660","0.5660","-1.57%"
"12/30/2013","0.5750","0.5750","0.5750","0.5750","-10.02%"
"12/27/2013","0.6390","0.6390","0.6390","0.6390","11.13%"
"12/25/2013","0.5750","0.5750","0.5750","0.5750","0.00%"
"12/24/2013","0.5750","0.5750","0.5750","0.5750","-2.04%"
"12/23/2013","0.5870","0.5870","0.5870","0.5870","5.20%"
"12/21/2013","0.5580","0.5580","0.5580","0.5580","0.00%"
"12/20/2013","0.5580","0.5580","0.5580","0.5580","2.20%"
"12/19/2013","0.5460","0.5460","0.5460","0.5460","16.42%"
"12/18/2013","0.4690","0.4690","0.4690","0.4690","0.43%"
"12/17/2013","0.4670","0.4670","0.4670","0.4670","-1.68%"
"12/16/2013","0.4750","0.4750","0.4750","0.4750","-1.45%"
"12/15/2013","0.4820","0.4840","0.4840","0.4820","1.05%"
"12/14/2013","0.4770","0.4770","0.4770","0.4770","-0.21%"
"12/13/2013","0.4780","0.4780","0.4780","0.4780","-1.24%"
"12/12/2013","0.4840","0.4840","0.4840","0.4840","4.09%"
"12/11/2013","0.4650","0.4650","0.4650","0.4650","-3.53%"
"12/10/2013","0.4820","0.4820","0.4820","0.4820","-5.86%"
"12/09/2013","0.5120","0.5120","0.5120","0.5120","-2.48%"
"12/08/2013","0.5250","0.5260","0.5260","0.5240","2.74%"
"12/07/2013","0.5110","0.5110","0.5110","0.5110","1.59%"
"12/06/2013","0.5030","0.5030","0.5030","0.5030","-0.20%"
"12/05/2013","0.5040","0.5040","0.5040","0.5040","-0.59%"
"12/04/2013","0.5070","0.5070","0.5070","0.5070","5.85%"
"12/03/2013","0.4790","0.4790","0.4790","0.4790","-3.43%"
"12/02/2013","0.4960","0.4960","0.4960","0.4960","5.76%"
"12/01/2013","0.4690","0.4700","0.4700","0.4690","0.86%"
"11/29/2013","0.4650","0.4650","0.4650","0.4650","4.73%"
"11/28/2013","0.4440","0.4440","0.4440","0.4440","-6.13%"
"11/27/2013","0.4730","0.4730","0.4730","0.4730","7.01%"
"11/26/2013","0.4420","0.4420","0.4420","0.4420","-0.67%"
"11/25/2013","0.4450","0.4450","0.4450","0.4450","-4.71%"
"11/24/2013","0.4670","0.4620","0.4670","0.4510","3.78%"
"11/23/2013","0.4500","0.4500","0.4500","0.4500","0.45%"
"11/22/2013","0.4480","0.4480","0.4480","0.4480","-1.32%"
"11/21/2013","0.4540","0.4540","0.4540","0.4540","-0.22%"
"11/20/2013","0.4550","0.4550","0.4550","0.4550","-2.78%"
"11/19/2013","0.4680","0.4680","0.4680","0.4680","3.77%"
"11/18/2013","0.4510","0.4510","0.4510","0.4510","-0.66%"
"11/17/2013","0.4540","0.4330","0.4540","0.4330","4.85%"
"11/16/2013","0.4330","0.4330","0.4330","0.4330","-1.37%"
"11/15/2013","0.4390","0.4390","0.4390","0.4390","-2.23%"
"11/14/2013","0.4490","0.4490","0.4490","0.4490","-3.65%"
"11/13/2013","0.4660","0.4660","0.4660","0.4660","0.22%"
"11/12/2013","0.4650","0.4650","0.4650","0.4650","-2.52%"
"11/11/2013","0.4770","0.4770","0.4770","0.4770","1.71%"
"11/10/2013","0.4690","0.4690","0.4690","0.4690","1.52%"
"11/08/2013","0.4620","0.4620","0.4620","0.4620","14.64%"
"11/07/2013","0.4030","0.4030","0.4030","0.4030","-9.64%"
"11/06/2013","0.4460","0.4460","0.4460","0.4460","-3.46%"
"11/05/2013","0.4620","0.4620","0.4620","0.4620","15.50%"
"11/04/2013","0.4000","0.4000","0.4000","0.4000","-6.10%"
"11/03/2013","0.4260","0.4260","0.4260","0.4260","0.00%"
"11/02/2013","0.4260","0.4260","0.4260","0.4260","2.40%"
"11/01/2013","0.4160","0.4160","0.4160","0.4160","-1.65%"
"10/31/2013","0.4230","0.4230","0.4230","0.4230","6.02%"
"10/30/2013","0.3990","0.3990","0.3990","0.3990","-5.67%"
"10/29/2013","0.4230","0.4230","0.4230","0.4230","-4.30%"
"10/28/2013","0.4420","0.4420","0.4420","0.4420","-5.76%"
"10/27/2013","0.4690","0.4340","0.4710","0.4340","8.06%"
"10/26/2013","0.4340","0.4340","0.4340","0.4340","-3.77%"
"10/25/2013","0.4510","0.4510","0.4510","0.4510","1.12%"
"10/24/2013","0.4460","0.4460","0.4460","0.4460","7.21%"
"10/23/2013","0.4160","0.4160","0.4160","0.4160","-5.02%"
"10/22/2013","0.4380","0.4380","0.4380","0.4380","-10.79%"
"10/21/2013","0.4910","0.4910","0.4910","0.4910","-1.41%"
"10/20/2013","0.4980","0.4760","0.4980","0.4760","5.73%"
"10/19/2013","0.4710","0.4710","0.4710","0.4710","0.21%"
"10/18/2013","0.4700","0.4700","0.4700","0.4700","-2.49%"
"10/17/2013","0.4820","0.4820","0.4820","0.4820","-4.17%"
"10/16/2013","0.5030","0.5030","0.5030","0.5030","0.60%"
"10/15/2013","0.5000","0.5000","0.5000","0.5000","10.62%"
"10/14/2013","0.4520","0.4520","0.4520","0.4520","-1.74%"
"10/13/2013","0.4600","0.4600","0.4600","0.4600","2.91%"
"10/11/2013","0.4470","0.4470","0.4470","0.4470","3.23%"
"10/10/2013","0.4330","0.4330","0.4330","0.4330","3.84%"
"10/09/2013","0.4170","0.4170","0.4170","0.4170","-1.42%"
"10/08/2013","0.4230","0.4230","0.4230","0.4230","-2.08%"
"10/07/2013","0.4320","0.4320","0.4320","0.4320","-12.37%"
"10/06/2013","0.4930","0.4630","0.4930","0.4630","7.64%"
"10/04/2013","0.4580","0.4580","0.4580","0.4580","8.53%"
"10/03/2013","0.4220","0.4220","0.4220","0.4220","-3.65%"
"10/02/2013","0.4380","0.4380","0.4380","0.4380","-2.67%"
"10/01/2013","0.4500","0.4500","0.4500","0.4500","0.22%"
"09/30/2013","0.4490","0.4490","0.4490","0.4490","1.13%"
"09/29/2013","0.4440","0.4350","0.4490","0.4240","3.02%"
"09/27/2013","0.4310","0.4310","0.4310","0.4310","-1.82%"
"09/26/2013","0.4390","0.4390","0.4390","0.4390","1.39%"
"09/25/2013","0.4330","0.4330","0.4330","0.4330","-1.81%"
"09/24/2013","0.4410","0.4410","0.4410","0.4410","-10.37%"
"09/23/2013","0.4920","0.4920","0.4920","0.4920","-5.38%"
"09/22/2013","0.5200","0.5050","0.5290","0.5050","4.42%"
"09/20/2013","0.4980","0.4980","0.4980","0.4980","0.00%"
"09/19/2013","0.4980","0.4980","0.4980","0.4980","-10.27%"
"09/18/2013","0.5550","0.5550","0.5550","0.5550","8.19%"
"09/17/2013","0.5130","0.5130","0.5130","0.5130","3.64%"
"09/16/2013","0.4950","0.4950","0.4950","0.4950","-0.40%"
"09/15/2013","0.4970","0.4920","0.4970","0.4920","3.76%"
"09/13/2013","0.4790","0.4790","0.4790","0.4790","-2.24%"
"09/12/2013","0.4900","0.4900","0.4900","0.4900","-6.13%"
"09/11/2013","0.5220","0.5220","0.5220","0.5220","-1.88%"
"09/10/2013","0.5320","0.5320","0.5320","0.5320","3.10%"
"09/09/2013","0.5160","0.5160","0.5160","0.5160","-4.44%"
"09/08/2013","0.5400","0.5020","0.5460","0.5020","7.57%"
"09/07/2013","0.5020","0.5020","0.5020","0.5020","-0.79%"
"09/06/2013","0.5060","0.5060","0.5060","0.5060","-7.66%"
"09/05/2013","0.5480","0.5480","0.5480","0.5480","13.69%"
"09/04/2013","0.4820","0.4820","0.4820","0.4820","0.00%"
"09/03/2013","0.4820","0.4820","0.4820","0.4820","6.40%"
"09/02/2013","0.4530","0.4530","0.4530","0.4530","2.72%"
"09/01/2013","0.4410","0.4360","0.4410","0.4360","1.15%"
"08/31/2013","0.4360","0.4310","0.4360","0.4310","4.31%"
"08/30/2013","0.4180","0.4180","0.4180","0.4180","-0.95%"
"08/29/2013","0.4220","0.4220","0.4220","0.4220","-8.66%"
"08/28/2013","0.4620","0.4620","0.4620","0.4620","14.07%"
"08/27/2013","0.4050","0.4050","0.4050","0.4050","-10.20%"
"08/26/2013","0.4510","0.4510","0.4510","0.4510","-0.88%"
"08/25/2013","0.4550","0.4210","0.4560","0.4210","2.02%"
"08/23/2013","0.4460","0.4460","0.4460","0.4460","7.73%"
"08/22/2013","0.4140","0.4140","0.4140","0.4140","-0.48%"
"08/21/2013","0.4160","0.4160","0.4160","0.4160","6.12%"
"08/20/2013","0.3920","0.3920","0.3920","0.3920","-12.89%"
"08/19/2013","0.4500","0.4500","0.4500","0.4500","-6.44%"
"08/18/2013","0.4810","0.4630","0.4900","0.4320","9.82%"
"08/16/2013","0.4380","0.4380","0.4380","0.4380","0.23%"
"08/15/2013","0.4370","0.4370","0.4370","0.4370","-2.46%"
"08/14/2013","0.4480","0.4480","0.4480","0.4480","2.05%"
"08/13/2013","0.4390","0.4390","0.4390","0.4390","18.65%"
"08/12/2013","0.3700","0.3700","0.3700","0.3700","2.21%"
"08/11/2013","0.3620","0.3400","0.3680","0.3400","6.47%"
"08/10/2013","0.3400","0.3400","0.3400","0.3400","-2.30%"
"08/09/2013","0.3480","0.3480","0.3480","0.3480","-6.95%"
"08/08/2013","0.3740","0.3740","0.3740","0.3740","-2.86%"
"08/07/2013","0.3850","0.3850","0.3850","0.3850","0.52%"
"08/06/2013","0.3830","0.3830","0.3830","0.3830","-2.79%"
"08/05/2013","0.3940","0.3940","0.3940","0.3940","9.75%"
"08/04/2013","0.3590","0.3630","0.3640","0.3590","3.16%"
"08/02/2013","0.3480","0.3480","0.3480","0.3480","7.41%"
"08/01/2013","0.3240","0.3240","0.3240","0.3240","-0.61%"
"07/31/2013","0.3260","0.3260","0.3260","0.3260","0.00%"
"07/30/2013","0.3260","0.3260","0.3260","0.3260","5.84%"
"07/29/2013","0.3080","0.3080","0.3080","0.3080","-3.75%"
"07/28/2013","0.3200","0.3060","0.3200","0.3060","5.96%"
"07/27/2013","0.3020","0.3020","0.3020","0.3020","-1.31%"
"07/26/2013","0.3060","0.3060","0.3060","0.3060","-8.11%"
"07/25/2013","0.3330","0.3330","0.3330","0.3330","-10.96%"
"07/24/2013","0.3740","0.3740","0.3740","0.3740","8.09%"
"07/23/2013","0.3460","0.3460","0.3460","0.3460","6.13%"
"07/22/2013","0.3260","0.3260","0.3260","0.3260","-7.12%"
"07/21/2013","0.3510","0.3440","0.3580","0.3420","7.67%"
"07/19/2013","0.3260","0.3260","0.3260","0.3260","11.26%"
"07/18/2013","0.2930","0.2930","0.2930","0.2930","-6.69%"
"07/17/2013","0.3140","0.3140","0.3140","0.3140","-2.79%"
"07/16/2013","0.3230","0.3230","0.3230","0.3230","-12.23%"
"07/15/2013","0.3680","0.3680","0.3680","0.3680","3.37%"
"07/12/2013","0.3560","0.3560","0.3560","0.3560","-5.57%"
"07/11/2013","0.3770","0.3770","0.3770","0.3770","-2.33%"
"07/10/2013","0.3860","0.3860","0.3860","0.3860","6.93%"
"07/09/2013","0.3610","0.3610","0.3610","0.3610","-7.91%"
"07/08/2013","0.3920","0.3920","0.3920","0.3920","-9.89%"
"07/07/2013","0.4350","0.4350","0.4350","0.4340","5.58%"
"07/05/2013","0.4120","0.4120","0.4120","0.4120","8.71%"
"07/04/2013","0.3790","0.3790","0.3790","0.3790","-9.33%"
"07/03/2013","0.4180","0.4180","0.4180","0.4180","9.42%"
"07/02/2013","0.3820","0.3820","0.3820","0.3820","-4.26%"
"07/01/2013","0.3990","0.3990","0.3990","0.3990","-6.56%"
"06/30/2013","0.4270","0.4280","0.4280","0.4250","7.56%"
"06/28/2013","0.3970","0.3970","0.3970","0.3970","-8.94%"
"06/27/2013","0.4360","0.4360","0.4360","0.4360","2.35%"
"06/26/2013","0.4260","0.4260","0.4260","0.4260","-18.86%"
"06/25/2013","0.5250","0.5250","0.5250","0.5250","-5.91%"
"06/24/2013","0.5580","0.5580","0.5580","0.5580","-3.29%"
"06/23/2013","0.5770","0.5380","0.5790","0.5380","11.18%"
"06/21/2013","0.5190","0.5190","0.5190","0.5190","1.96%"
"06/20/2013","0.5090","0.5090","0.5090","0.5090","13.36%"
"06/19/2013","0.4490","0.4490","0.4490","0.4490","0.00%"
"06/18/2013","0.4490","0.4490","0.4490","0.4490","9.25%"
"06/17/2013","0.4110","0.4110","0.4110","0.4110","-0.24%"
"06/16/2013","0.4120","0.3940","0.4150","0.3940","4.30%"
"06/14/2013","0.3950","0.3950","0.3950","0.3950","-10.43%"
"06/13/2013","0.4410","0.4410","0.4410","0.4410","-0.68%"
"06/12/2013","0.4440","0.4440","0.4440","0.4440","-7.11%"
"06/11/2013","0.4780","0.4780","0.4780","0.4780","7.90%"
"06/10/2013","0.4430","0.4430","0.4430","0.4430","4.24%"
"06/09/2013","0.4250","0.4280","0.4480","0.4060","1.19%"
"06/08/2013","0.4200","0.4200","0.4200","0.4200","3.70%"
"06/07/2013","0.4050","0.4050","0.4050","0.4050","6.30%"
"06/06/2013","0.3810","0.3810","0.3810","0.3810","2.42%"
"06/05/2013","0.3720","0.3720","0.3720","0.3720","-5.10%"
"06/04/2013","0.3920","0.3920","0.3920","0.3920","8.59%"
"06/03/2013","0.3610","0.3610","0.3610","0.3610","-5.25%"
"06/02/2013","0.3810","0.4030","0.4040","0.3810","1.33%"
"05/31/2013","0.3760","0.3760","0.3760","0.3760","-1.31%"
"05/30/2013","0.3810","0.3810","0.3810","0.3810","0.53%"
"05/29/2013","0.3790","0.3790","0.3790","0.3790","2.91%"
"05/28/2013","0.3683","0.3683","0.3683","0.3683","14.38%"
"05/27/2013","0.3220","0.3550","0.3600","0.3220","-9.55%"
"05/26/2013","0.3560","0.3570","0.3570","0.3560","1.42%"
"05/25/2013","0.3510","0.3510","0.3510","0.3510","2.63%"
"05/24/2013","0.3420","0.3420","0.3420","0.3420","-1.16%"
"05/23/2013","0.3460","0.3460","0.3460","0.3460","0.58%"
"05/22/2013","0.3440","0.3440","0.3440","0.3440","1.78%"
"05/21/2013","0.3380","0.3380","0.3380","0.3380","-3.70%"
"05/20/2013","0.3510","0.3510","0.3510","0.3510","-2.77%"
"05/19/2013","0.3610","0.3790","0.3870","0.3600","6.80%"
"05/17/2013","0.3380","0.3380","0.3380","0.3380","7.30%"
"05/16/2013","0.3150","0.3150","0.3150","0.3150","-8.96%"
"05/15/2013","0.3460","0.3460","0.3460","0.3460","3.59%"
"05/14/2013","0.3340","0.3340","0.3340","0.3340","4.37%"
"05/13/2013","0.3200","0.3200","0.3200","0.3200","-6.16%"
"05/12/2013","0.3410","0.3450","0.3460","0.3370","4.28%"
"05/10/2013","0.3270","0.3270","0.3270","0.3270","13.54%"
"05/09/2013","0.2880","0.2880","0.2880","0.2880","2.13%"
"05/08/2013","0.2820","0.2820","0.2820","0.2820","-2.76%"
"05/07/2013","0.2900","0.2900","0.2900","0.2900","4.32%"
"05/06/2013","0.2780","0.2810","0.2870","0.2550","-0.71%"
"05/03/2013","0.2800","0.2800","0.2800","0.2800","24.44%"
"05/02/2013","0.2250","0.2250","0.2250","0.2250","6.13%"
"05/01/2013","0.2120","0.2120","0.2120","0.2120","-14.17%"
"04/30/2013","0.2470","0.2470","0.2470","0.2470","6.01%"
"04/29/2013","0.2330","0.2330","0.2330","0.2330","-1.69%"
"04/26/2013","0.2370","0.2370","0.2370","0.2370","-9.54%"
"04/25/2013","0.2620","0.2620","0.2620","0.2620","7.82%"
"04/24/2013","0.2430","0.2430","0.2430","0.2430","-11.31%"
"04/23/2013","0.2740","0.2740","0.2740","0.2740","19.13%"
"04/22/2013","0.2300","0.2300","0.2300","0.2300","-3.36%"
"04/21/2013","0.2380","0.2280","0.2380","0.2280","6.73%"
"04/19/2013","0.2230","0.2230","0.2230","0.2230","8.78%"
"04/18/2013","0.2050","0.2050","0.2050","0.2050","-2.84%"
"04/17/2013","0.2110","0.2110","0.2110","0.2110","-8.26%"
"04/16/2013","0.2300","0.2300","0.2300","0.2300","7.98%"
"04/15/2013","0.2130","0.2130","0.2130","0.2130","1.91%"
"04/14/2013","0.2090","0.2110","0.2110","0.2070","-1.42%"
"04/12/2013","0.2120","0.2120","0.2120","0.2120","-4.50%"
"04/11/2013","0.2220","0.2220","0.2220","0.2220","-12.60%"
"04/10/2013","0.2540","0.2540","0.2540","0.2540","4.96%"
"04/09/2013","0.2420","0.2420","0.2420","0.2420","5.68%"
"04/08/2013","0.2290","0.2290","0.2290","0.2290","18.04%"
"04/07/2013","0.1940","0.1960","0.1990","0.1930","2.65%"
"04/05/2013","0.1890","0.1890","0.1890","0.1890","-5.97%"
"04/04/2013","0.2010","0.2010","0.2010","0.2010","2.03%"
"04/03/2013","0.1970","0.1970","0.1970","0.1970","-8.37%"
"04/02/2013","0.2150","0.2150","0.2150","0.2150","5.91%"
"04/01/2013","0.2030","0.2060","0.2060","0.1920","0.00%"
"03/31/2013","0.2030","0.2030","0.2030","0.2030","-1.46%"
"03/29/2013","0.2060","0.2060","0.2060","0.2060","-2.83%"
"03/28/2013","0.2120","0.2120","0.2120","0.2120","15.22%"
"03/27/2013","0.1840","0.1840","0.1840","0.1840","-12.38%"
"03/26/2013","0.2100","0.2100","0.2100","0.2100","6.60%"
"03/25/2013","0.1970","0.1970","0.1970","0.1970","-20.24%"
"03/24/2013","0.2470","0.2330","0.2490","0.2060","7.86%"
"03/22/2013","0.2290","0.2290","0.2290","0.2290","7.51%"
"03/21/2013","0.2130","0.2130","0.2130","0.2130","5.97%"
"03/20/2013","0.2010","0.2010","0.2010","0.2010","1.01%"
"03/19/2013","0.1990","0.1990","0.1990","0.1990","-4.33%"
"03/18/2013","0.2080","0.2080","0.2080","0.2080","7.77%"
"03/17/2013","0.1930","0.1980","0.2140","0.1880","-15.35%"
"03/15/2013","0.2280","0.2280","0.2280","0.2280","-2.98%"
"03/14/2013","0.2350","0.2350","0.2350","0.2350","-0.84%"
"03/13/2013","0.2370","0.2370","0.2370","0.2370","7.73%"
"03/12/2013","0.2200","0.2200","0.2200","0.2200","-5.98%"
"03/11/2013","0.2340","0.2340","0.2340","0.2340","-9.65%"
"03/10/2013","0.2590","0.2520","0.2600","0.2500","-1.89%"
"03/08/2013","0.2640","0.2640","0.2640","0.2640","7.32%"
"03/07/2013","0.2460","0.2460","0.2460","0.2460","14.42%"
"03/06/2013","0.2150","0.2150","0.2150","0.2150","-11.89%"
"03/05/2013","0.2440","0.2440","0.2440","0.2440","-1.61%"
"03/04/2013","0.2480","0.2480","0.2480","0.2480","-3.88%"
"03/03/2013","0.2580","0.2580","0.2580","0.2380","25.85%"
"03/01/2013","0.2050","0.2050","0.2050","0.2050","-18.00%"
"02/28/2013","0.2500","0.2500","0.2500","0.2500","6.38%"
"02/27/2013","0.2350","0.2350","0.2350","0.2350","14.63%"
"02/26/2013","0.2050","0.2050","0.2050","0.2050","-16.33%"
"02/25/2013","0.2450","0.2450","0.2450","0.2450","-17.79%"
"02/24/2013","0.2980","0.2690","0.2980","0.2690","10.78%"
"02/22/2013","0.2690","0.2690","0.2690","0.2690","3.46%"
"02/21/2013","0.2600","0.2600","0.2600","0.2600","-9.09%"
"02/20/2013","0.2860","0.2860","0.2860","0.2860","-7.74%"
"02/19/2013","0.3100","0.3100","0.3100","0.3100","-1.59%"
"02/18/2013","0.3150","0.3150","0.3150","0.3150","-4.55%"
"02/17/2013","0.3300","0.3120","0.3400","0.3120","2.80%"
"02/15/2013","0.3210","0.3210","0.3210","0.3210","2.56%"
"02/14/2013","0.3130","0.3130","0.3130","0.3130","-14.01%"
"02/13/2013","0.3640","0.3640","0.3640","0.3640","12.35%"
"02/12/2013","0.3240","0.3240","0.3240","0.3240","2.53%"
"02/11/2013","0.3160","0.3160","0.3160","0.3160","0.64%"
"02/09/2013","0.3140","0.3140","0.3140","0.3140","-2.79%"
"02/08/2013","0.3230","0.3230","0.3230","0.3230","-5.28%"
"02/07/2013","0.3410","0.3410","0.3410","0.3410","0.29%"
"02/06/2013","0.3400","0.3400","0.3400","0.3400","-0.87%"
"02/05/2013","0.3430","0.3430","0.3430","0.3430","7.86%"
"02/04/2013","0.3180","0.3180","0.3180","0.3180","-21.67%"
"02/03/2013","0.4060","0.4030","0.4070","0.4010","11.54%"
"02/01/2013","0.3640","0.3640","0.3640","0.3640","-4.71%"
"01/31/2013","0.3820","0.3820","0.3820","0.3820","0.79%"
"01/30/2013","0.3790","0.3790","0.3790","0.3790","-3.07%"
"01/29/2013","0.3910","0.3910","0.3910","0.3910","-0.26%"
"01/28/2013","0.3920","0.3920","0.3920","0.3920","-2.00%"
"01/27/2013","0.4000","0.4010","0.4200","0.3990","5.82%"
"01/25/2013","0.3780","0.3780","0.3780","0.3780","0.80%"
"01/24/2013","0.3750","0.3750","0.3750","0.3750","-0.79%"
"01/23/2013","0.3780","0.3780","0.3780","0.3780","-8.03%"
"01/22/2013","0.4110","0.4110","0.4110","0.4110","-1.44%"
"01/21/2013","0.4170","0.4170","0.4170","0.4170","7.75%"
"01/20/2013","0.3870","0.3840","0.3960","0.3840","1.31%"
"01/18/2013","0.3820","0.3820","0.3820","0.3820","-3.05%"
"01/17/2013","0.3940","0.3940","0.3940","0.3940","8.54%"
"01/16/2013","0.3630","0.3630","0.3630","0.3630","-4.72%"
"01/15/2013","0.3810","0.3810","0.3810","0.3810","-2.31%"
"01/14/2013","0.3900","0.3900","0.3900","0.3900","2.90%"
"01/13/2013","0.3790","0.3790","0.3790","0.3790","-6.88%"
"01/11/2013","0.4070","0.4070","0.4070","0.4070","-1.69%"
"01/10/2013","0.4140","0.4140","0.4140","0.4140","7.53%"
"01/09/2013","0.3850","0.3850","0.3850","0.3850","-4.47%"
"01/08/2013","0.4030","0.4030","0.4030","0.4030","-8.62%"
"01/07/2013","0.4410","0.4410","0.4410","0.4410","-3.92%"
"01/06/2013","0.4590","0.4620","0.4620","0.4590","-0.86%"
"01/04/2013","0.4630","0.4630","0.4630","0.4630","4.28%"
"01/03/2013","0.4440","0.4440","0.4440","0.4440","10.45%"
"01/02/2013","0.4020","0.4020","0.4020","0.4020","15.19%"
"01/01/2013","0.3490","0.3200","0.3490","0.3200","6.73%"
"12/31/2012","0.3270","0.3270","0.3270","0.3270","27.24%"
"12/30/2012","0.2570","0.2570","0.2570","0.2570","0.00%"
"12/29/2012","0.2570","0.2570","0.2570","0.2570","-18.15%"
"12/28/2012","0.3140","0.3140","0.3140","0.3140","6.08%"
"12/27/2012","0.2960","0.2960","0.2960","0.2960","-10.30%"
"12/26/2012","0.3300","0.3300","0.3300","0.3300","0.00%"
"12/25/2012","0.3300","0.3410","0.3410","0.3300","0.00%"
"12/24/2012","0.3300","0.3300","0.3300","0.3300","-0.30%"
"12/23/2012","0.3310","0.3310","0.3310","0.3310","0.00%"
"12/22/2012","0.3310","0.3310","0.3310","0.3310","0.00%"
"12/21/2012","0.3310","0.3310","0.3310","0.3310","-10.05%"
"12/20/2012","0.3680","0.3680","0.3680","0.3680","-3.92%"
"12/19/2012","0.3830","0.3830","0.3830","0.3830","0.79%"
"12/18/2012","0.3800","0.3800","0.3800","0.3800","7.34%"
"12/17/2012","0.3540","0.3540","0.3540","0.3540","0.00%"
"12/16/2012","0.3540","0.3380","0.3620","0.3380","6.95%"
"12/14/2012","0.3310","0.3310","0.3310","0.3310","2.16%"
"12/13/2012","0.3240","0.3240","0.3240","0.3240","8.36%"
"12/12/2012","0.2990","0.2990","0.2990","0.2990","1.01%"
"12/11/2012","0.2960","0.2960","0.2960","0.2960","3.14%"
"12/10/2012","0.2870","0.2870","0.2870","0.2870","5.90%"
"12/09/2012","0.2710","0.2470","0.2920","0.2470","5.45%"
"12/07/2012","0.2570","0.2570","0.2570","0.2570","-5.51%"
"12/06/2012","0.2720","0.2720","0.2720","0.2720","-11.40%"
"12/05/2012","0.3070","0.3070","0.3070","0.3070","-6.12%"
"12/04/2012","0.3270","0.3270","0.3270","0.3270","-3.25%"
"12/03/2012","0.3380","0.3380","0.3380","0.3380","10.10%"
"12/02/2012","0.3070","0.3070","0.3080","0.3060","-1.92%"
"12/01/2012","0.3130","0.3130","0.3130","0.3130","-17.41%"
"11/30/2012","0.3790","0.3790","0.3790","0.3790","32.06%"
"11/29/2012","0.2870","0.2870","0.2870","0.2870","1.77%"
"11/28/2012","0.2820","0.2820","0.2820","0.2820","-14.55%"
"11/27/2012","0.3300","0.3300","0.3300","0.3300","5.77%"
"11/26/2012","0.3120","0.3120","0.3120","0.3120","-3.70%"
"11/25/2012","0.3240","0.2980","0.3260","0.2980","4.52%"
"11/23/2012","0.3100","0.3100","0.3100","0.3100","-1.90%"
"11/22/2012","0.3160","0.3160","0.3160","0.3160","1.28%"
"11/21/2012","0.3120","0.3120","0.3120","0.3120","4.00%"
"11/20/2012","0.3000","0.3000","0.3000","0.3000","10.29%"
"11/19/2012","0.2720","0.2720","0.2720","0.2720","1.49%"
"11/18/2012","0.2680","0.2530","0.2680","0.2530","6.77%"
"11/16/2012","0.2510","0.2510","0.2510","0.2510","3.29%"
"11/15/2012","0.2430","0.2430","0.2430","0.2430","-1.22%"
"11/14/2012","0.2460","0.2460","0.2460","0.2460","-3.91%"
"11/13/2012","0.2560","0.2560","0.2560","0.2560","7.56%"
"11/12/2012","0.2380","0.2380","0.2380","0.2380","-0.83%"
"11/11/2012","0.2400","0.2430","0.2430","0.2310","-19.19%"
"11/10/2012","0.2970","0.2970","0.2970","0.2970","17.86%"
"11/09/2012","0.2520","0.2520","0.2520","0.2520","8.62%"
"11/08/2012","0.2320","0.2320","0.2320","0.2320","0.43%"
"11/07/2012","0.2310","0.2310","0.2310","0.2310","-3.75%"
"11/06/2012","0.2400","0.2400","0.2400","0.2400","5.26%"
"11/05/2012","0.2280","0.2280","0.2280","0.2280","-14.93%"
"11/04/2012","0.2680","0.2770","0.2840","0.2680","-0.74%"
"11/03/2012","0.2700","0.2700","0.2700","0.2700","5.47%"
"11/02/2012","0.2560","0.2560","0.2560","0.2560","-4.83%"
"11/01/2012","0.2690","0.2690","0.2690","0.2690","1.89%"
"10/31/2012","0.2640","0.2640","0.2640","0.2640","0.38%"
"10/30/2012","0.2630","0.2630","0.2630","0.2630","6.91%"
"10/29/2012","0.2460","0.2460","0.2460","0.2460","3.36%"
"10/28/2012","0.2380","0.1910","0.2430","0.1910","-1.65%"
"10/26/2012","0.2420","0.2420","0.2420","0.2420","-10.04%"
"10/25/2012","0.2690","0.2690","0.2690","0.2690","12.08%"
"10/24/2012","0.2400","0.2400","0.2400","0.2400","-0.83%"
"10/23/2012","0.2420","0.2420","0.2420","0.2420","-10.70%"
"10/22/2012","0.2710","0.2710","0.2710","0.2710","17.83%"
"10/21/2012","0.2300","0.2630","0.2670","0.2300","-7.63%"
"10/19/2012","0.2490","0.2490","0.2490","0.2490","-10.43%"
"10/18/2012","0.2780","0.2780","0.2780","0.2780","2.58%"
"10/17/2012","0.2710","0.2710","0.2710","0.2710","7.97%"
"10/16/2012","0.2510","0.2510","0.2510","0.2510","6.81%"
"10/15/2012","0.2350","0.2350","0.2350","0.2350","5.86%"
"10/14/2012","0.2220","0.2220","0.2220","0.2210","12.12%"
"10/12/2012","0.1980","0.1980","0.1980","0.1980","-14.29%"
"10/11/2012","0.2310","0.2310","0.2310","0.2310","0.87%"
"10/10/2012","0.2290","0.2290","0.2290","0.2290","15.66%"
"10/09/2012","0.1980","0.1980","0.1980","0.1980","-1.00%"
"10/08/2012","0.2000","0.2000","0.2000","0.2000","-12.28%"
"10/07/2012","0.2280","0.2230","0.2280","0.2170","6.54%"
"10/05/2012","0.2140","0.2140","0.2140","0.2140","16.94%"
"10/04/2012","0.1830","0.1830","0.1830","0.1830","3.39%"
"10/03/2012","0.1770","0.1770","0.1770","0.1770","-8.76%"
"10/02/2012","0.1940","0.1940","0.1940","0.1940","-2.51%"
"10/01/2012","0.1990","0.1990","0.1990","0.1990","-2.45%"
"09/30/2012","0.2040","0.2040","0.2120","0.2040","4.62%"
"09/28/2012","0.1950","0.1950","0.1950","0.1950","-3.47%"
"09/27/2012","0.2020","0.2020","0.2020","0.2020","3.59%"
"09/26/2012","0.1950","0.1950","0.1950","0.1950","-9.72%"
"09/25/2012","0.2160","0.2160","0.2160","0.2160","-2.26%"
"09/24/2012","0.2210","0.2210","0.2210","0.2210","2.31%"
"09/23/2012","0.2160","0.2150","0.2570","0.2150","0.47%"
"09/22/2012","0.2150","0.2350","0.2350","0.2150","-4.87%"
"09/21/2012","0.2260","0.2260","0.2260","0.2260","3.67%"
"09/20/2012","0.2180","0.2180","0.2180","0.2180","-5.22%"
"09/19/2012","0.2300","0.2300","0.2300","0.2300","3.14%"
"09/18/2012","0.2230","0.2230","0.2230","0.2230","-5.91%"
"09/17/2012","0.2370","0.2370","0.2370","0.2370","-13.50%"
"09/16/2012","0.2740","0.2740","0.2800","0.2740","0.00%"
"09/14/2012","0.2740","0.2740","0.2740","0.2740","34.31%"
"09/13/2012","0.2040","0.2040","0.2040","0.2040","-5.56%"
"09/12/2012","0.2160","0.2160","0.2160","0.2160","24.86%"
"09/11/2012","0.1730","0.1730","0.1730","0.1730","12.34%"
"09/10/2012","0.1540","0.1540","0.1540","0.1540","14.93%"
"09/09/2012","0.1340","0.1110","0.1380","0.1100","13.56%"
"09/08/2012","0.1180","0.1320","0.1320","0.1180","-12.59%"
"09/07/2012","0.1350","0.1350","0.1350","0.1350","-1.46%"
"09/06/2012","0.1370","0.1370","0.1370","0.1370","26.85%"
"09/05/2012","0.1080","0.1080","0.1080","0.1080","38.46%"
"09/04/2012","0.0780","0.0780","0.0780","0.0780","-6.02%"
"09/03/2012","0.0830","0.0830","0.0830","0.0830","13.70%"
"09/02/2012","0.0730","0.1310","0.1310","0.0550","-9.88%"
"09/01/2012","0.0810","0.1310","0.1310","0.0810","-7.95%"
"08/31/2012","0.0880","0.0880","0.0880","0.0880","-13.73%"
"08/30/2012","0.1020","0.1020","0.1020","0.1020","-26.62%"
"08/29/2012","0.1390","0.1390","0.1390","0.1390","15.83%"
"08/28/2012","0.1200","0.1200","0.1200","0.1200","-10.45%"
"08/27/2012","0.1340","0.1280","0.1620","0.0370","5.51%"
"08/26/2012","0.1270","0.1380","0.1380","0.1240","-3.05%"
"08/24/2012","0.1310","0.1310","0.1310","0.1310","-18.12%"
"08/23/2012","0.1600","0.1600","0.1600","0.1600","-6.98%"
"08/22/2012","0.1720","0.1720","0.1720","0.1720","-16.10%"
"08/21/2012","0.2050","0.2050","0.2050","0.2050","29.75%"
"08/20/2012","0.1580","0.1580","0.1580","0.1580","35.04%"
"08/19/2012","0.1170","0.1150","0.1230","0.1140","-24.03%"
"08/17/2012","0.1540","0.1540","0.1540","0.1540","-16.30%"
"08/16/2012","0.1840","0.1840","0.1840","0.1840","-5.64%"
"08/15/2012","0.1950","0.1950","0.1950","0.1950","30.87%"
"08/14/2012","0.1490","0.1490","0.1490","0.1490","18.25%"
"08/13/2012","0.1260","0.1260","0.1260","0.1260","8.62%"
"08/12/2012","0.1160","0.1200","0.1200","0.1160","-2.52%"
"08/10/2012","0.1190","0.1190","0.1190","0.1190","-21.71%"
"08/09/2012","0.1520","0.1520","0.1520","0.1520","15.15%"
"08/08/2012","0.1320","0.1320","0.1320","0.1320","11.86%"
"08/07/2012","0.1180","0.1180","0.1180","0.1180","53.25%"
"08/06/2012","0.0770","0.0770","0.0770","0.0770","-35.29%"
"08/05/2012","0.1190","0.1110","0.1460","0.1110","5.31%"
"08/03/2012","0.1130","0.1130","0.1130","0.1130","76.56%"
"08/02/2012","0.0640","0.0640","0.0640","0.0640","-33.33%"
"08/01/2012","0.0960","0.0960","0.0960","0.0960","5.49%"
"07/31/2012","0.0910","0.0910","0.0910","0.0910","-19.47%"
"07/30/2012","0.1130","0.1130","0.1130","0.1130","-22.07%"
"07/29/2012","0.1450","0.1280","0.1750","0.1280","17.89%"
"07/27/2012","0.1230","0.1230","0.1230","0.1230","43.02%"
"07/26/2012","0.0860","0.0860","0.0860","0.0860","28.36%"
"07/25/2012","0.0670","0.0670","0.0670","0.0670","-19.28%"
"07/24/2012","0.0830","0.0830","0.0830","0.0830","-20.19%"
"07/23/2012","0.1040","0.1040","0.1040","0.1040","-8.77%"
"07/22/2012","0.1140","0.1230","0.1350","0.1130","-5.79%"
"07/20/2012","0.1210","0.1210","0.1210","0.1210","-14.79%"
"07/19/2012","0.1420","0.1420","0.1420","0.1420","-12.88%"
"07/18/2012","0.1630","0.1630","0.1630","0.1630","-22.38%"
"07/17/2012","0.2100","0.2100","0.2100","0.2100","2.94%"
"07/16/2012","0.2040","0.2040","0.2040","0.2040","-12.45%"
"07/15/2012","0.2330","0.2330","0.2330","0.2330","0.00%"
"07/13/2012","0.2330","0.2330","0.2330","0.2330","7.37%"
"07/12/2012","0.2170","0.2170","0.2170","0.2170","-3.98%"
"07/11/2012","0.2260","0.2260","0.2260","0.2260","-0.44%"
"07/10/2012","0.2270","0.2270","0.2270","0.2270","8.61%"
"07/09/2012","0.2090","0.2090","0.2090","0.2090","5.03%"
"07/08/2012","0.1990","0.2000","0.2030","0.1800","-0.50%"
"07/07/2012","0.2000","0.2000","0.2000","0.2000","1.01%"
"07/06/2012","0.1980","0.1980","0.1980","0.1980","-9.59%"
"07/05/2012","0.2190","0.2190","0.2190","0.2190","-20.65%"
"07/04/2012","0.2760","0.2760","0.2760","0.2760","-14.02%"
"07/03/2012","0.3210","0.3210","0.3210","0.3210","19.33%"
"07/02/2012","0.2690","0.2690","0.2690","0.2690","-7.88%"
"07/01/2012","0.2920","0.2930","0.3310","0.2910","3.18%"
"06/29/2012","0.2830","0.2830","0.2830","0.2830","4.81%"
"06/28/2012","0.2700","0.2700","0.2700","0.2700","-7.22%"
"06/27/2012","0.2910","0.2910","0.2910","0.2910","1.04%"
"06/26/2012","0.2880","0.2880","0.2880","0.2880","1.05%"
"06/25/2012","0.2850","0.2850","0.2850","0.2850","-10.38%"
"06/24/2012","0.3180","0.3180","0.3180","0.3180","0.32%"
"06/22/2012","0.3170","0.3170","0.3170","0.3170","10.84%"
"06/21/2012","0.2860","0.2860","0.2860","0.2860","-6.84%"
"06/20/2012","0.3070","0.3070","0.3070","0.3070","21.34%"
"06/19/2012","0.2530","0.2530","0.2530","0.2530","3.69%"
"06/18/2012","0.2440","0.2440","0.2440","0.2440","11.42%"
"06/16/2012","0.2190","0.2190","0.2190","0.2190","0.00%"
"06/15/2012","0.2190","0.2190","0.2190","0.2190","-24.48%"
"06/14/2012","0.2900","0.2900","0.2900","0.2900","3.57%"
"06/13/2012","0.2800","0.2800","0.2800","0.2800","1.08%"
"06/12/2012","0.2770","0.2770","0.2770","0.2770","9.49%"
"06/11/2012","0.2530","0.2530","0.2530","0.2530","1.20%"
"06/10/2012","0.2500","0.2500","0.2500","0.2500","-0.79%"
"06/08/2012","0.2520","0.2520","0.2520","0.2520","-8.70%"
"06/07/2012","0.2760","0.2760","0.2760","0.2760","-6.12%"
"06/06/2012","0.2940","0.2940","0.2940","0.2940","9.70%"
"06/05/2012","0.2680","0.2920","0.2920","0.2680","-8.53%"
"06/04/2012","0.2930","0.2400","0.3200","0.2400","13.13%"
"06/02/2012","0.2590","0.2590","0.2590","0.2590","0.39%"
"06/01/2012","0.2580","0.2580","0.2580","0.2580","5.74%"
"05/31/2012","0.2440","0.2440","0.2440","0.2440","-4.69%"
"05/30/2012","0.2560","0.2560","0.2560","0.2560","-11.42%"
"05/29/2012","0.2890","0.2890","0.2890","0.2890","19.42%"
"05/28/2012","0.2420","0.2420","0.2420","0.2420","7.08%"
"05/25/2012","0.2260","0.2260","0.2260","0.2260","-8.13%"
"05/24/2012","0.2460","0.2460","0.2460","0.2460","-4.65%"
"05/23/2012","0.2580","0.2580","0.2580","0.2580","-12.84%"
"05/22/2012","0.2960","0.2960","0.2960","0.2960","-2.31%"
"05/21/2012","0.3030","0.3030","0.3030","0.3030","-2.57%"
"05/18/2012","0.3110","0.3110","0.3110","0.3110","-6.04%"
"05/17/2012","0.3310","0.3310","0.3310","0.3310","-11.26%"
"05/16/2012","0.3730","0.3730","0.3730","0.3730","-5.33%"
"05/15/2012","0.3940","0.3940","0.3940","0.3940","0.77%"
"05/14/2012","0.3910","0.3910","0.3910","0.3910","-3.93%"
"05/11/2012","0.4070","0.4070","0.4070","0.4070","-4.01%"
"05/10/2012","0.4240","0.4240","0.4240","0.4240","5.47%"
"05/09/2012","0.4020","0.4020","0.4020","0.4020","-0.50%"
"05/08/2012","0.4040","0.4040","0.4040","0.4040","-4.49%"
"05/07/2012","0.4230","0.3890","0.4330","0.3890","4.44%"
"05/06/2012","0.4050","0.4050","0.4050","0.4050","-0.49%"
"05/04/2012","0.4070","0.4070","0.4070","0.4070","-1.93%"
"05/03/2012","0.4150","0.4150","0.4150","0.4150","-1.89%"
"05/02/2012","0.4230","0.4230","0.4230","0.4230","-4.94%"
"05/01/2012","0.4450","0.4450","0.4450","0.4450","-2.20%"
"04/30/2012","0.4550","0.4550","0.4550","0.4550","4.84%"
"04/27/2012","0.4340","0.4340","0.4340","0.4340","7.43%"
"04/26/2012","0.4040","0.4040","0.4040","0.4040","-4.94%"
"04/25/2012","0.4250","0.4250","0.4250","0.4250","-0.23%"
"04/24/2012","0.4260","0.4260","0.4260","0.4260","-7.79%"
"04/23/2012","0.4620","0.4620","0.4620","0.4620","-4.74%"
"04/20/2012","0.4850","0.4850","0.4850","0.4850","5.43%"
"04/19/2012","0.4600","0.4600","0.4600","0.4600","-0.43%"
"04/18/2012","0.4620","0.4620","0.4620","0.4620","7.44%"
"04/17/2012","0.4300","0.4300","0.4300","0.4300","7.50%"
"04/16/2012","0.4000","0.4000","0.4000","0.4000","1.01%"
"04/13/2012","0.3960","0.3960","0.3960","0.3960","-3.18%"
"04/12/2012","0.4090","0.4090","0.4090","0.4090","-1.68%"
"04/11/2012","0.4160","0.4160","0.4160","0.4160","6.39%"
"04/10/2012","0.3910","0.3910","0.3910","0.3910","-9.07%"
"04/09/2012","0.4300","0.3810","0.4300","0.3810","10.54%"
"04/08/2012","0.3890","0.3910","0.4340","0.3890","-0.51%"
"04/07/2012","0.3910","0.3910","0.4340","0.3910","-9.07%"
"04/06/2012","0.4300","0.4360","0.4370","0.4300","1.42%"
"04/05/2012","0.4240","0.4240","0.4240","0.4240","-2.53%"
"04/04/2012","0.4350","0.4350","0.4350","0.4350","5.07%"
"04/03/2012","0.4140","0.4140","0.4140","0.4140","-5.91%"
"04/02/2012","0.4400","0.4400","0.4400","0.4400","2.80%"
"03/30/2012","0.4280","0.4280","0.4280","0.4280","-1.15%"
"03/29/2012","0.4330","0.4330","0.4330","0.4330","-0.23%"
"03/28/2012","0.4340","0.4340","0.4340","0.4340","-3.56%"
"03/27/2012","0.4500","0.4500","0.4500","0.4500","-8.54%"
"03/26/2012","0.4920","0.4920","0.4920","0.4920","9.82%"
"03/25/2012","0.4480","0.4480","0.4480","0.4480","0.00%"
"03/24/2012","0.4480","0.4480","0.4480","0.4480","-1.75%"
"03/23/2012","0.4560","0.4560","0.4560","0.4560","-0.87%"
"03/22/2012","0.4600","0.4600","0.4600","0.4600","-2.95%"
"03/21/2012","0.4740","0.4740","0.4740","0.4740","1.72%"
"03/20/2012","0.4660","0.4660","0.4660","0.4660","-1.27%"
"03/19/2012","0.4720","0.4720","0.4720","0.4720","-2.48%"
"03/17/2012","0.4840","0.4840","0.4840","0.4840","0.21%"
"03/16/2012","0.4830","0.4830","0.4830","0.4830","5.69%"
"03/15/2012","0.4570","0.4570","0.4570","0.4570","-12.28%"
"03/14/2012","0.5210","0.5210","0.5210","0.5210","10.62%"
"03/13/2012","0.4710","0.4710","0.4710","0.4710","9.28%"
"03/12/2012","0.4310","0.4310","0.4310","0.4310","-1.37%"
"03/09/2012","0.4370","0.4370","0.4370","0.4370","-0.46%"
"03/08/2012","0.4390","0.4390","0.4390","0.4390","-0.23%"
"03/07/2012","0.4400","0.4400","0.4400","0.4400","2.56%"
"03/06/2012","0.4290","0.4290","0.4290","0.4290","-1.83%"
"03/05/2012","0.4370","0.4370","0.4370","0.4370","10.08%"
"03/03/2012","0.3970","0.3970","0.3970","0.3970","-0.25%"
"03/02/2012","0.3980","0.3980","0.3980","0.3980","-12.91%"
"03/01/2012","0.4570","0.4570","0.4570","0.4570","10.92%"
"02/29/2012","0.4120","0.4120","0.4120","0.4120","-0.24%"
"02/28/2012","0.4130","0.4130","0.4130","0.4130","5.36%"
"02/27/2012","0.3920","0.3920","0.3920","0.3920","0.77%"
"02/24/2012","0.3890","0.3890","0.3890","0.3890","0.52%"
"02/23/2012","0.3870","0.3870","0.3870","0.3870","-5.38%"
"02/22/2012","0.4090","0.4090","0.4090","0.4090","-9.11%"
"02/21/2012","0.4500","0.4500","0.4500","0.4500","0.67%"
"02/20/2012","0.4470","0.4470","0.4470","0.4470","1.82%"
"02/19/2012","0.4390","0.4390","0.4390","0.4390","3.54%"
"02/17/2012","0.4240","0.4240","0.4240","0.4240","1.19%"
"02/16/2012","0.4190","0.4190","0.4190","0.4190","4.49%"
"02/15/2012","0.4010","0.4010","0.4010","0.4010","0.50%"
"02/14/2012","0.3990","0.3990","0.3990","0.3990","1.01%"
"02/13/2012","0.3950","0.3950","0.3950","0.3950","-3.66%"
"02/10/2012","0.4100","0.4100","0.4100","0.4100","-4.21%"
"02/09/2012","0.4280","0.4280","0.4280","0.4280","-0.93%"
"02/08/2012","0.4320","0.4320","0.4320","0.4320","-6.70%"
"02/07/2012","0.4630","0.4630","0.4630","0.4630","6.93%"
"02/06/2012","0.4330","0.4330","0.4330","0.4330","4.34%"
"02/03/2012","0.4150","0.4150","0.4150","0.4150","3.49%"
"02/02/2012","0.4010","0.4010","0.4010","0.4010","-0.99%"
"02/01/2012","0.4050","0.4050","0.4050","0.4050","13.76%"
"01/31/2012","0.3560","0.3560","0.3560","0.3560","-3.78%"
"01/30/2012","0.3700","0.3700","0.3700","0.3700","-0.54%"
"01/27/2012","0.3720","0.3720","0.3720","0.3720","-3.38%"
"01/26/2012","0.3850","0.3850","0.3850","0.3850","-10.47%"
"01/25/2012","0.4300","0.4300","0.4300","0.4300","-5.49%"
"01/24/2012","0.4550","0.4550","0.4550","0.4550","1.56%"
"01/23/2012","0.4480","0.4480","0.4480","0.4480","7.69%"
"01/20/2012","0.4160","0.4160","0.4160","0.4160","11.83%"
"01/19/2012","0.3720","0.3720","0.3720","0.3720","-12.68%"
"01/18/2012","0.4260","0.4260","0.4260","0.4260","7.85%"
"01/17/2012","0.3950","0.3950","0.3950","0.3950","1.02%"
"01/16/2012","0.3910","0.3910","0.3910","0.3910","1.30%"
"01/13/2012","0.3860","0.3860","0.3860","0.3860","-5.85%"
"01/12/2012","0.4100","0.4100","0.4100","0.4100","1.23%"
"01/11/2012","0.4050","0.4050","0.4050","0.4050","-4.26%"
"01/10/2012","0.4230","0.4230","0.4230","0.4230","6.55%"
"01/09/2012","0.3970","0.3970","0.3970","0.3970","-1.00%"
"01/06/2012","0.4010","0.4010","0.4010","0.4010","-1.96%"
"01/05/2012","0.4090","0.4090","0.4090","0.4090","4.34%"
"01/04/2012","0.3920","0.3920","0.3920","0.3920","11.36%"
"01/03/2012","0.3520","0.3520","0.3520","0.3520","5.39%"
"12/30/2011","0.3340","0.3340","0.3340","0.3340","7.05%"
"12/29/2011","0.3120","0.3120","0.3120","0.3120","0.00%"
"12/28/2011","0.3120","0.3120","0.3120","0.3120","-9.30%"
"12/23/2011","0.3440","0.3440","0.3440","0.3440","3.93%"
"12/22/2011","0.3310","0.3310","0.3310","0.3310","-5.97%"
"12/21/2011","0.3520","0.3520","0.3520","0.3520","-5.63%"
"12/20/2011","0.3730","0.3730","0.3730","0.3730","10.03%"
"12/19/2011","0.3390","0.3390","0.3390","0.3390","3.04%"
"12/16/2011","0.3290","0.3290","0.3290","0.3290","-15.64%"
"12/15/2011","0.3900","0.3900","0.3900","0.3900","13.70%"
"12/14/2011","0.3430","0.3430","0.3430","0.3430","-4.46%"
"12/13/2011","0.3590","0.3590","0.3590","0.3590","-1.10%"
"12/12/2011","0.3630","0.3630","0.3630","0.3630","-7.16%"
"12/09/2011","0.3910","0.3910","0.3910","0.3910","8.31%"
"12/08/2011","0.3610","0.3610","0.3610","0.3610","-6.48%"
"12/07/2011","0.3860","0.3860","0.3860","0.3860","6.04%"
"12/06/2011","0.3640","0.3640","0.3640","0.3640","-7.85%"
"12/05/2011","0.3950","0.3950","0.3950","0.3950","0.25%"
"12/02/2011","0.3940","0.3940","0.3940","0.3940","-1.50%"
"12/01/2011","0.4000","0.4000","0.4000","0.4000","-15.61%"
"11/30/2011","0.4740","0.4740","0.4740","0.4740","8.72%"
"11/29/2011","0.4360","0.4360","0.4360","0.4360","3.07%"
"11/28/2011","0.4230","0.4230","0.4230","0.4230","-10.19%"
"11/25/2011","0.4710","0.4710","0.4710","0.4710","-0.63%"
"11/24/2011","0.4740","0.4740","0.4740","0.4740","-3.85%"
"11/23/2011","0.4930","0.4930","0.4930","0.4930","3.35%"
"11/22/2011","0.4770","0.4770","0.4770","0.4770","-1.45%"
"11/21/2011","0.4840","0.4840","0.4840","0.4840","-1.63%"
"11/18/2011","0.4920","0.4920","0.4920","0.4920","-3.34%"
"11/17/2011","0.5090","0.5090","0.5090","0.5090","0.39%"
"11/16/2011","0.5070","0.5070","0.5070","0.5070","2.84%"
"11/15/2011","0.4930","0.4930","0.4930","0.4930","-1.20%"
"11/14/2011","0.4990","0.4990","0.4990","0.4990","-7.59%"
"11/11/2011","0.5400","0.5400","0.5400","0.5400","2.47%"
"11/10/2011","0.5270","0.5270","0.5270","0.5270","-0.57%"
"11/09/2011","0.5300","0.5300","0.5300","0.5300","-0.93%"
"11/08/2011","0.5350","0.5350","0.5350","0.5350","1.33%"
"11/07/2011","0.5280","0.5280","0.5280","0.5280","-3.12%"
"11/04/2011","0.5450","0.5450","0.5450","0.5450","-0.37%"
"11/03/2011","0.5470","0.5470","0.5470","0.5470","-0.18%"
"11/02/2011","0.5480","0.5480","0.5480","0.5480","6.41%"
"11/01/2011","0.5150","0.5150","0.5150","0.5150","-6.02%"
"10/31/2011","0.5480","0.5480","0.5480","0.5480","-1.62%"
"10/28/2011","0.5570","0.5570","0.5570","0.5570","-8.69%"
"10/27/2011","0.6100","0.6100","0.6100","0.6100","4.45%"
"10/26/2011","0.5840","0.5840","0.5840","0.5840","0.34%"
"10/25/2011","0.5820","0.5820","0.5820","0.5820","-2.51%"
"10/24/2011","0.5970","0.5970","0.5970","0.5970","2.93%"
"10/21/2011","0.5800","0.5800","0.5800","0.5800","-9.80%"
"10/20/2011","0.6430","0.6430","0.6430","0.6430","-1.53%"
"10/19/2011","0.6530","0.6530","0.6530","0.6530","6.53%"
"10/18/2011","0.6130","0.6130","0.6130","0.6130","0.99%"
"10/17/2011","0.6070","0.6070","0.6070","0.6070","-1.14%"
"10/14/2011","0.6140","0.6140","0.6140","0.6140","-8.22%"
"10/13/2011","0.6690","0.6690","0.6690","0.6690","4.86%"
"10/12/2011","0.6380","0.6380","0.6380","0.6380","-0.16%"
"10/11/2011","0.6390","0.6390","0.6390","0.6390","-2.44%"
"10/10/2011","0.6550","0.6550","0.6550","0.6550","4.80%"
"10/07/2011","0.6250","0.6250","0.6250","0.6250","1.63%"
"10/06/2011","0.6150","0.6150","0.6150","0.6150","5.31%"
"10/05/2011","0.5840","0.5840","0.5840","0.5840","-0.68%"
"10/04/2011","0.5880","0.5880","0.5880","0.5880","1.20%"
"10/03/2011","0.5810","0.5810","0.5810","0.5810","0.87%"
"09/30/2011","0.5760","0.5760","0.5760","0.5760","-0.69%"
"09/29/2011","0.5800","0.5800","0.5800","0.5800","-3.17%"
"09/28/2011","0.5990","0.5990","0.5990","0.5990","4.90%"
"09/27/2011","0.5710","0.5710","0.5710","0.5710","2.51%"
"09/26/2011","0.5570","0.5570","0.5570","0.5570","4.50%"
"09/23/2011","0.5330","0.5330","0.5330","0.5330","0.95%"
"09/22/2011","0.5280","0.5280","0.5280","0.5280","0.00%"
"09/21/2011","0.5280","0.5280","0.5280","0.5280","-1.31%"
"09/20/2011","0.5350","0.5350","0.5350","0.5350","-1.65%"
"09/19/2011","0.5440","0.5440","0.5440","0.5440","1.49%"
"09/16/2011","0.5360","0.5360","0.5360","0.5360","-2.90%"
"09/15/2011","0.5520","0.5520","0.5520","0.5520","-1.25%"
"09/14/2011","0.5590","0.5590","0.5590","0.5590","-0.71%"
"09/13/2011","0.5630","0.5630","0.5630","0.5630","4.84%"
"09/12/2011","0.5370","0.5370","0.5370","0.5370","2.09%"
"09/09/2011","0.5260","0.5260","0.5260","0.5260","-4.36%"
"09/08/2011","0.5500","0.5500","0.5500","0.5500","-12.70%"
"09/07/2011","0.6300","0.6300","0.6300","0.6300","8.06%"
"09/06/2011","0.5830","0.5830","0.5830","0.5830","10.21%"
"09/05/2011","0.5290","0.5290","0.5290","0.5290","-3.82%"
"09/02/2011","0.5500","0.5500","0.5500","0.5500","-2.31%"
"09/01/2011","0.5630","0.5630","0.5630","0.5630","-6.48%"
"08/31/2011","0.6020","0.6020","0.6020","0.6020","6.74%"
"08/30/2011","0.5640","0.5640","0.5640","0.5640","-7.24%"
"08/26/2011","0.6080","0.6080","0.6080","0.6080","4.65%"
"08/25/2011","0.5810","0.5810","0.5810","0.5810","-3.01%"
"08/24/2011","0.5990","0.5990","0.5990","0.5990","0.84%"
"08/23/2011","0.5940","0.5940","0.5940","0.5940","0.68%"
"08/22/2011","0.5900","0.5900","0.5900","0.5900","-2.16%"
"08/19/2011","0.6030","0.6030","0.6030","0.6030","2.90%"
"08/18/2011","0.5860","0.5860","0.5860","0.5860","-2.01%"
"08/17/2011","0.5980","0.5980","0.5980","0.5980","-8.84%"
"08/16/2011","0.6560","0.6560","0.6560","0.6560","-3.24%"
"08/15/2011","0.6780","0.6780","0.6780","0.6780","3.51%"
"08/12/2011","0.6550","0.6550","0.6550","0.6550","2.83%"
"08/11/2011","0.6370","0.6370","0.6370","0.6370","16.03%"
"08/10/2011","0.5490","0.5490","0.5490","0.5490","-10.73%"
"08/09/2011","0.6150","0.6150","0.6150","0.6150","5.13%"
"08/08/2011","0.5850","0.5850","0.5850","0.5850","6.17%"
"08/05/2011","0.5510","0.5510","0.5510","0.5510","-8.62%"
"08/04/2011","0.6030","0.6030","0.6030","0.6030","-3.37%"
"08/03/2011","0.6240","0.6240","0.6240","0.6240","1.13%"
"08/02/2011","0.6170","0.6170","0.6170","0.6170","-1.12%"
"08/01/2011","0.6240","0.6240","0.6240","0.6240","-2.35%"
"07/29/2011","0.6390","0.6390","0.6390","0.6390","-4.20%"
"07/28/2011","0.6670","0.6670","0.6670","0.6670","-2.91%"
"07/27/2011","0.6870","0.6870","0.6870","0.6870","-3.65%"
"07/26/2011","0.7130","0.7130","0.7130","0.7130","-0.14%"
"07/25/2011","0.7140","0.7140","0.7140","0.7140","1.13%"
"07/22/2011","0.7060","0.7060","0.7060","0.7060","-5.99%"
"07/21/2011","0.7510","0.7510","0.7510","0.7510","4.31%"
"07/20/2011","0.7200","0.7200","0.7200","0.7200","2.71%"
"07/19/2011","0.7010","0.7010","0.7010","0.7010","0.00%"
"07/18/2011","0.7010","0.7010","0.7010","0.7010","-0.43%"
"07/15/2011","0.7040","0.7040","0.7040","0.7040","-1.26%"
"07/14/2011","0.7130","0.7130","0.7130","0.7130","-2.86%"
"07/13/2011","0.7340","0.7340","0.7340","0.7340","3.97%"
"07/12/2011","0.7060","0.7060","0.7060","0.7060","-2.62%"
"07/11/2011","0.7250","0.7250","0.7250","0.7250","-4.98%"
"07/08/2011","0.7630","0.7630","0.7630","0.7630","-5.92%"
"07/07/2011","0.8110","0.8110","0.8110","0.8110","2.66%"
"07/06/2011","0.7900","0.7900","0.7900","0.7900","-2.83%"
"07/05/2011","0.8130","0.8130","0.8130","0.8130","-6.34%"
"07/04/2011","0.8680","0.8680","0.8680","0.8680","0.35%"
"07/01/2011","0.8650","0.8650","0.8650","0.8650","-2.04%"
"06/30/2011","0.8830","0.8830","0.8830","0.8830","3.03%"
"06/29/2011","0.8570","0.8570","0.8570","0.8570","0.94%"
"06/28/2011","0.8490","0.8490","0.8490","0.8490","14.73%"
"06/27/2011","0.7400","0.7400","0.7400","0.7400","2.35%"
"06/24/2011","0.7230","0.7230","0.7230","0.7230","0.00%"
"06/23/2011","0.7230","0.7230","0.7230","0.7230","-4.11%"
"06/22/2011","0.7540","0.7540","0.7540","0.7540","-5.87%"